question_ID,source,steps,method,reference_role,predicted_role,reference_step,predicted_step,role_correct,step_exact,step_within_5,absolute_step_error,role_confidence,step_confidence
swe_bench_pro__001,swe_bench_pro,309,segmented_choice,DiagnostAgent (-> ActionAgent),ActionAgent,25,178,False,False,False,153,0.35,0.17
swe_bench_pro__002,swe_bench_pro,120,segmented_choice,DiagnostAgent (-> ActionAgent),JudgeAgent,21,51,False,False,False,30,0.63,0.42
swe_bench_pro__003,swe_bench_pro,429,segmented_choice,DiagnostAgent (-> ActionAgent),ActionAgent,246,167,False,False,False,79,0.44,0.57
swe_bench_pro__004,swe_bench_pro,345,segmented_choice,DiagnostAgent (-> ActionAgent),ActionAgent,124,75,False,False,False,49,0.48,0.29
swe_bench_pro__005,swe_bench_pro,320,segmented_choice,DiagnostAgent (-> ActionAgent),ActionAgent,33,34,False,False,True,1,0.22,0.46
swe_bench_pro__006,swe_bench_pro,172,segmented_choice,ActionAgent,ActionAgent,56,35,True,False,False,21,0.63,0.06
swe_bench_pro__007,swe_bench_pro,170,segmented_choice,DiagnostAgent (-> ActionAgent),ActionAgent,27,38,False,False,False,11,0.46,0.28
swe_bench_pro__008,swe_bench_pro,210,segmented_choice,ActionAgent,ActionAgent,54,64,True,False,False,10,0.68,0.53
swe_bench_pro__009,swe_bench_pro,190,segmented_choice,ActionAgent,ActionAgent,52,46,True,False,False,6,0.68,0.44
swe_bench_pro__010,swe_bench_pro,258,segmented_choice,ActionAgent,ActionAgent,76,46,True,False,False,30,0.65,0.42
swe_bench_pro__011,swe_bench_pro,417,segmented_choice,DiagnostAgent (-> ActionAgent),ActionAgent,17,79,False,False,False,62,0.76,0.29
swe_bench_pro__012,swe_bench_pro,125,segmented_choice,DiagnostAgent (-> ActionAgent),ActionAgent,21,32,False,False,False,11,0.32,0.2
swe_bench_pro__013,swe_bench_pro,80,segmented_choice,DiagnostAgent (-> ActionAgent),JudgeAgent,23,26,False,False,True,3,0.25,0.21
swe_bench_pro__014,swe_bench_pro,170,segmented_choice,DiagnostAgent (-> ActionAgent),ActionAgent,31,36,False,False,True,5,0.65,0.42
swe_bench_pro__015,swe_bench_pro,502,segmented_choice,DiagnostAgent (-> ActionAgent),ActionAgent,110,110,False,True,True,0,0.38,0.61
swe_bench_pro__016,swe_bench_pro,250,segmented_choice,DiagnostAgent (-> ActionAgent),ActionAgent,49,50,False,False,True,1,0.79,0.61
swe_bench_pro__017,swe_bench_pro,461,segmented_choice,ActionAgent,ActionAgent,130,304,True,False,False,174,0.23,0.2
swe_bench_pro__018,swe_bench_pro,284,segmented_choice,DiagnostAgent,ActionAgent,23,25,False,False,True,2,0.3,0.42
swe_bench_pro__019,swe_bench_pro,280,segmented_choice,DiagnostAgent (-> ActionAgent),ActionAgent,57,180,False,False,False,123,0.33,0.26
swe_bench_pro__020,swe_bench_pro,106,segmented_choice,DiagnostAgent (-> ActionAgent),ActionAgent,28,31,False,False,True,3,0.56,0.24
swe_bench_pro__021,swe_bench_pro,270,segmented_choice,DiagnostAgent (-> ActionAgent),ActionAgent,21,69,False,False,False,48,0.61,0.49
swe_bench_pro__022,swe_bench_pro,138,segmented_choice,DiagnostAgent (-> ActionAgent),JudgeAgent,23,38,False,False,False,15,0.2,0.23
swe_bench_pro__023,swe_bench_pro,164,segmented_choice,DiagnostAgent (-> ActionAgent),DiagnostAgent,37,39,True,False,True,2,0.27,0.17
swe_bench_pro__024,swe_bench_pro,338,segmented_choice,DiagnostAgent (-> ActionAgent),ActionAgent,44,73,False,False,False,29,0.75,0.51
swe_bench_pro__025,swe_bench_pro,215,segmented_choice,DiagnostAgent (-> ActionAgent),DiagnostAgent,42,20,True,False,False,22,0.38,0.51
swe_bench_pro__026,swe_bench_pro,182,segmented_choice,DiagnostAgent (-> ActionAgent),ActionAgent,31,90,False,False,False,59,0.92,0.88
swe_bench_pro__027,swe_bench_pro,355,segmented_choice,ActionAgent,ActionAgent,203,111,True,False,False,92,0.51,0.24
swe_bench_pro__028,swe_bench_pro,322,segmented_choice,DiagnostAgent (-> ActionAgent),ActionAgent,102,109,False,False,False,7,0.68,0.65
swe_bench_pro__029,swe_bench_pro,248,segmented_choice,ActionAgent,DiagnostAgent,106,15,False,False,False,91,0.31,0.16
swe_bench_pro__030,swe_bench_pro,96,segmented_choice,ActionAgent,ActionAgent,42,42,True,True,True,0,0.46,0.46
swe_bench_pro__031,swe_bench_pro,294,segmented_choice,DiagnostAgent (-> ActionAgent),JudgeAgent,25,122,False,False,False,97,0.48,0.29
swe_bench_pro__032,swe_bench_pro,96,segmented_choice,ActionAgent,DiagnostAgent,60,9,False,False,False,51,0.17,0.42
swe_bench_pro__033,swe_bench_pro,334,segmented_choice,ActionAgent,DiagnostAgent,99,193,False,False,False,94,0.3,0.17
swe_bench_pro__034,swe_bench_pro,189,segmented_choice,DiagnostAgent (-> ActionAgent),JudgeAgent,66,149,False,False,False,83,0.48,0.24
swe_bench_pro__035,swe_bench_pro,140,segmented_choice,DiagnostAgent (-> ActionAgent),ActionAgent,25,62,False,False,False,37,0.67,0.73
swe_bench_pro__036,swe_bench_pro,204,segmented_choice,DiagnostAgent,JudgeAgent,25,89,False,False,False,64,0.27,0.23
swe_bench_pro__037,swe_bench_pro,114,segmented_choice,DiagnostAgent (-> ActionAgent),ActionAgent,19,97,False,False,False,78,0.24,0.25
swe_bench_pro__038,swe_bench_pro,142,segmented_choice,JudgeAgent,JudgeAgent,121,24,True,False,False,97,0.41,0.11
swe_bench_pro__039,swe_bench_pro,645,segmented_choice,DiagnostAgent (-> ActionAgent),ActionAgent,43,70,False,False,False,27,0.26,0.21
swe_bench_pro__040,swe_bench_pro,150,segmented_choice,DiagnostAgent (-> ActionAgent),ActionAgent,23,34,False,False,False,11,0.73,0.82
swe_bench_pro__041,swe_bench_pro,275,segmented_choice,DiagnostAgent (-> ActionAgent),ActionAgent,148,100,False,False,False,48,0.6,0.48
swe_bench_pro__042,swe_bench_pro,146,segmented_choice,ActionAgent,ActionAgent,22,27,True,False,True,5,0.71,0.64
swe_bench_pro__043,swe_bench_pro,634,segmented_choice,ActionAgent,DiagnostAgent,72,570,False,False,False,498,0.32,0.27
swe_bench_pro__044,swe_bench_pro,335,segmented_choice,DiagnostAgent (-> ActionAgent),ActionAgent,57,57,False,True,True,0,0.49,0.22
swe_bench_pro__045,swe_bench_pro,299,segmented_choice,ActionAgent,ActionAgent,48,194,True,False,False,146,0.66,0.1
swe_bench_pro__046,swe_bench_pro,355,segmented_choice,DiagnostAgent (-> ActionAgent),ActionAgent,39,102,False,False,False,63,0.41,0.32
swe_bench_pro__047,swe_bench_pro,250,segmented_choice,ActionAgent,ActionAgent,133,19,True,False,False,114,0.52,0.45
swe_bench_pro__048,swe_bench_pro,126,segmented_choice,DiagnostAgent (-> ActionAgent),DiagnostAgent,33,31,True,False,True,2,0.48,0.6
swe_bench_pro__049,swe_bench_pro,140,segmented_choice,ActionAgent,JudgeAgent,44,101,False,False,False,57,0.36,0.62
swe_bench_pro__050,swe_bench_pro,355,segmented_choice,ActionAgent,ActionAgent,54,104,True,False,False,50,0.39,0.13
swe_bench_pro__051,swe_bench_pro,226,segmented_choice,DiagnostAgent,ActionAgent,35,133,False,False,False,98,0.5,0.5
swe_bench_pro__052,swe_bench_pro,393,segmented_choice,ActionAgent,ActionAgent,204,50,True,False,False,154,0.63,0.51
swe_bench_pro__053,swe_bench_pro,455,segmented_choice,DiagnostAgent (-> ActionAgent),ActionAgent,181,365,False,False,False,184,0.33,0.38
swe_bench_pro__054,swe_bench_pro,195,segmented_choice,DiagnostAgent (-> ActionAgent),ActionAgent,51,152,False,False,False,101,0.51,0.14
swe_bench_pro__055,swe_bench_pro,164,segmented_choice,ActionAgent,ActionAgent,70,50,True,False,False,20,0.35,0.23
swe_bench_pro__056,swe_bench_pro,367,segmented_choice,DiagnostAgent (-> ActionAgent),ActionAgent,45,122,False,False,False,77,0.59,0.42
swe_bench_pro__057,swe_bench_pro,358,segmented_choice,DiagnostAgent,ActionAgent,80,123,False,False,False,43,0.63,0.44
swe_bench_pro__058,swe_bench_pro,180,segmented_choice,ActionAgent,ActionAgent,40,40,True,True,True,0,0.77,0.56
swe_bench_pro__059,swe_bench_pro,229,segmented_choice,DiagnostAgent (-> ActionAgent),ActionAgent,19,158,False,False,False,139,0.47,0.54
swe_bench_pro__060,swe_bench_pro,439,segmented_choice,ActionAgent,DiagnostAgent,215,27,False,False,False,188,0.54,0.64
swe_bench_pro__061,swe_bench_pro,158,segmented_choice,DiagnostAgent (-> ActionAgent),DiagnostAgent,37,37,True,True,True,0,0.59,0.56
swe_bench_pro__062,swe_bench_pro,245,segmented_choice,DiagnostAgent (-> ActionAgent),ActionAgent,41,66,False,False,False,25,0.78,0.29
swe_bench_pro__063,swe_bench_pro,274,segmented_choice,DiagnostAgent (-> ActionAgent),ActionAgent,43,112,False,False,False,69,0.67,0.6
swe_bench_pro__064,swe_bench_pro,480,segmented_choice,DiagnostAgent (-> ActionAgent),DiagnostAgent,39,76,True,False,False,37,0.52,0.42
swe_bench_pro__065,swe_bench_pro,230,segmented_choice,ActionAgent,ActionAgent,43,42,True,False,True,1,0.65,0.7
swe_bench_pro__066,swe_bench_pro,385,segmented_choice,JudgeAgent,DiagnostAgent,317,0,False,False,False,317,0.44,0.15
swe_bench_pro__067,swe_bench_pro,436,segmented_choice,DiagnostAgent (-> ActionAgent),ActionAgent,104,133,False,False,False,29,0.68,0.8
swe_bench_pro__068,swe_bench_pro,231,segmented_choice,DiagnostAgent (-> ActionAgent),ActionAgent,37,114,False,False,False,77,0.75,0.91
swe_bench_pro__069,swe_bench_pro,150,segmented_choice,DiagnostAgent (-> ActionAgent),ActionAgent,25,34,False,False,False,9,0.55,0.78
swe_bench_pro__070,swe_bench_pro,257,segmented_choice,DiagnostAgent (-> ActionAgent),DiagnostAgent,23,23,True,True,True,0,0.36,0.52
swe_bench_pro__071,swe_bench_pro,162,segmented_choice,DiagnostAgent (-> ActionAgent),ActionAgent,27,89,False,False,False,62,0.82,0.44
swe_bench_pro__072,swe_bench_pro,178,segmented_choice,ActionAgent,ActionAgent,46,48,True,False,True,2,0.75,0.51
swe_bench_pro__073,swe_bench_pro,330,segmented_choice,ActionAgent,ActionAgent,67,39,True,False,False,28,0.76,0.6
swe_bench_pro__074,swe_bench_pro,661,segmented_choice,DiagnostAgent (-> ActionAgent),ActionAgent,205,47,False,False,False,158,0.53,0.25
swe_bench_pro__075,swe_bench_pro,220,segmented_choice,JudgeAgent,JudgeAgent,206,146,True,False,False,60,0.7,0.52
swe_bench_pro__076,swe_bench_pro,196,segmented_choice,DiagnostAgent (-> ActionAgent),JudgeAgent,43,193,False,False,False,150,0.46,0.11
swe_bench_pro__077,swe_bench_pro,444,segmented_choice,ActionAgent,DiagnostAgent,92,70,False,False,False,22,0.39,0.31
swe_bench_pro__078,swe_bench_pro,279,segmented_choice,DiagnostAgent (-> ActionAgent),ActionAgent,48,119,False,False,False,71,0.77,0.75
swe_bench_pro__079,swe_bench_pro,220,segmented_choice,DiagnostAgent (-> ActionAgent),JudgeAgent,47,78,False,False,False,31,0.31,0.16
swe_bench_pro__080,swe_bench_pro,96,segmented_choice,DiagnostAgent (-> ActionAgent),JudgeAgent,17,17,False,True,True,0,0.27,0.13
swe_bench_pro__081,swe_bench_pro,561,segmented_choice,ActionAgent,ActionAgent,72,188,True,False,False,116,0.74,0.14
swe_bench_pro__082,swe_bench_pro,92,segmented_choice,DiagnostAgent (-> ActionAgent),ActionAgent,25,25,False,True,True,0,0.24,0.38
swe_bench_pro__083,swe_bench_pro,354,segmented_choice,DiagnostAgent (-> ActionAgent),DiagnostAgent,76,23,True,False,False,53,0.31,0.14
swe_bench_pro__084,swe_bench_pro,559,segmented_choice,DiagnostAgent (-> ActionAgent),ActionAgent,77,222,False,False,False,145,0.73,0.62
swe_bench_pro__085,swe_bench_pro,645,segmented_choice,DiagnostAgent (-> ActionAgent),ActionAgent,39,578,False,False,False,539,0.76,0.38
swe_bench_pro__086,swe_bench_pro,148,segmented_choice,DiagnostAgent (-> ActionAgent),ActionAgent,39,39,False,True,True,0,0.77,0.18
swe_bench_pro__087,swe_bench_pro,142,segmented_choice,DiagnostAgent (-> ActionAgent),ActionAgent,29,40,False,False,False,11,0.65,0.77
swe_bench_pro__088,swe_bench_pro,382,segmented_choice,ActionAgent,ActionAgent,36,231,True,False,False,195,0.55,0.21
swe_bench_pro__089,swe_bench_pro,262,segmented_choice,ActionAgent,JudgeAgent,91,222,False,False,False,131,0.53,0.28
swe_bench_pro__090,swe_bench_pro,318,segmented_choice,ActionAgent,ActionAgent,34,46,True,False,False,12,0.79,0.43
swe_bench_pro__091,swe_bench_pro,728,segmented_choice,DiagnostAgent (-> ActionAgent),DiagnostAgent,169,480,True,False,False,311,0.39,0.45
swe_bench_pro__092,swe_bench_pro,402,segmented_choice,ActionAgent,JudgeAgent,264,52,False,False,False,212,0.64,0.08
swe_bench_pro__093,swe_bench_pro,555,segmented_choice,DiagnostAgent (-> ActionAgent),ActionAgent,399,50,False,False,False,349,0.29,0.65
swe_bench_pro__094,swe_bench_pro,184,segmented_choice,DiagnostAgent,ActionAgent,35,110,False,False,False,75,0.53,0.69
swe_bench_pro__095,swe_bench_pro,325,segmented_choice,DiagnostAgent (-> ActionAgent),ActionAgent,21,148,False,False,False,127,0.34,0.29
swe_bench_pro__096,swe_bench_pro,480,segmented_choice,ActionAgent,JudgeAgent,38,336,False,False,False,298,0.3,0.12
swe_bench_pro__097,swe_bench_pro,326,segmented_choice,ActionAgent,ActionAgent,119,208,True,False,False,89,0.78,0.55
swe_bench_pro__098,swe_bench_pro,237,segmented_choice,ActionAgent,DiagnostAgent,50,17,False,False,False,33,0.46,0.27
swe_bench_pro__099,swe_bench_pro,501,segmented_choice,ActionAgent,DiagnostAgent,434,30,False,False,False,404,0.37,0.3
swe_bench_pro__100,swe_bench_pro,236,segmented_choice,ActionAgent,ActionAgent,28,34,True,False,False,6,0.83,0.63
swe_bench_pro__101,swe_bench_pro,378,segmented_choice,DiagnostAgent (-> ActionAgent),ActionAgent,179,57,False,False,False,122,0.63,0.4
swe_bench_pro__102,swe_bench_pro,357,segmented_choice,ActionAgent,ActionAgent,56,80,True,False,False,24,0.71,0.49
swe_bench_pro__103,swe_bench_pro,140,segmented_choice,ActionAgent,ActionAgent,54,54,True,True,True,0,0.4,0.41
swe_bench_pro__104,swe_bench_pro,265,segmented_choice,DiagnostAgent (-> ActionAgent),JudgeAgent,29,29,False,True,True,0,0.42,0.17
swe_bench_pro__105,swe_bench_pro,317,segmented_choice,Computer_terminal,ActionAgent,6,30,False,False,False,24,0.37,0.29
swe_bench_pro__106,swe_bench_pro,194,segmented_choice,DiagnostAgent (-> ActionAgent),JudgeAgent,37,127,False,False,False,90,0.78,0.6
swe_bench_pro__107,swe_bench_pro,324,segmented_choice,ActionAgent,ActionAgent,82,92,True,False,False,10,0.64,0.41
swe_bench_pro__108,swe_bench_pro,617,segmented_choice,ActionAgent,ActionAgent,169,36,True,False,False,133,0.31,0.32
swe_bench_pro__109,swe_bench_pro,646,segmented_choice,ActionAgent,ActionAgent,50,117,True,False,False,67,0.57,0.26
swe_bench_pro__110,swe_bench_pro,366,segmented_choice,JudgeAgent,ActionAgent,333,86,False,False,False,247,0.27,0.21
swe_bench_pro__111,swe_bench_pro,196,segmented_choice,DiagnostAgent (-> ActionAgent),ActionAgent,27,54,False,False,False,27,0.47,0.24
swe_bench_pro__112,swe_bench_pro,106,segmented_choice,DiagnostAgent (-> ActionAgent),JudgeAgent,13,30,False,False,False,17,0.22,0.33
swe_bench_pro__113,swe_bench_pro,226,segmented_choice,DiagnostAgent (-> ActionAgent),JudgeAgent,21,32,False,False,False,11,0.23,0.14
swe_bench_pro__114,swe_bench_pro,114,segmented_choice,DiagnostAgent (-> ActionAgent),JudgeAgent,21,10,False,False,False,11,0.28,0.47
swe_bench_pro__115,swe_bench_pro,164,segmented_choice,DiagnostAgent (-> ActionAgent),ActionAgent,45,58,False,False,False,13,0.48,0.32
swe_bench_pro__116,swe_bench_pro,277,segmented_choice,DiagnostAgent (-> ActionAgent),JudgeAgent,17,123,False,False,False,106,0.69,0.43
swe_bench_pro__117,swe_bench_pro,158,segmented_choice,DiagnostAgent (-> ActionAgent),JudgeAgent,51,70,False,False,False,19,0.34,0.2
swe_bench_pro__118,swe_bench_pro,122,segmented_choice,DiagnostAgent (-> ActionAgent),ActionAgent,31,44,False,False,False,13,0.25,0.22
swe_bench_pro__119,swe_bench_pro,182,segmented_choice,DiagnostAgent (-> ActionAgent),ActionAgent,21,179,False,False,False,158,0.85,0.57
swe_bench_pro__120,swe_bench_pro,425,segmented_choice,DiagnostAgent,ActionAgent,64,32,False,False,False,32,0.17,0.17
swe_bench_pro__121,swe_bench_pro,280,segmented_choice,DiagnostAgent (-> ActionAgent),ActionAgent,15,20,False,False,True,5,0.17,0.42
swe_bench_pro__122,swe_bench_pro,503,segmented_choice,DiagnostAgent (-> ActionAgent),ActionAgent,33,33,False,True,True,0,0.3,0.32
swe_bench_pro__123,swe_bench_pro,146,segmented_choice,DiagnostAgent (-> ActionAgent),ActionAgent,33,33,False,True,True,0,0.36,0.31
swe_bench_pro__124,swe_bench_pro,366,segmented_choice,ActionAgent,ActionAgent,52,53,True,False,True,1,0.27,0.41
swe_bench_pro__125,swe_bench_pro,270,segmented_choice,DiagnostAgent (-> ActionAgent),ActionAgent,35,97,False,False,False,62,0.58,0.13
swe_bench_pro__126,swe_bench_pro,196,segmented_choice,DiagnostAgent (-> ActionAgent),ActionAgent,17,37,False,False,False,20,0.27,0.34
swe_bench_pro__127,swe_bench_pro,162,segmented_choice,ActionAgent,ActionAgent,100,100,True,True,True,0,0.89,0.75
swe_bench_pro__128,swe_bench_pro,156,segmented_choice,ActionAgent,ActionAgent,64,32,True,False,False,32,0.64,0.33
terminal_bench_2__001,terminal_bench_2,390,segmented_choice,ActionAgent,ActionAgent,212,213,True,False,True,1,0.54,0.22
terminal_bench_2__002,terminal_bench_2,496,segmented_choice,ActionAgent,DiagnostAgent,64,49,False,False,False,15,0.46,0.49
terminal_bench_2__003,terminal_bench_2,46,segmented_choice,DiagnostAgent (-> ActionAgent),ActionAgent,10,13,False,False,True,3,0.66,0.46
terminal_bench_2__004,terminal_bench_2,404,segmented_choice,DiagnostAgent (-> ActionAgent),JudgeAgent,69,78,False,False,False,9,0.45,0.3
terminal_bench_2__005,terminal_bench_2,260,segmented_choice,DiagnostAgent,DiagnostAgent,28,252,True,False,False,224,0.91,0.35
terminal_bench_2__006,terminal_bench_2,131,segmented_choice,DiagnostAgent (-> ActionAgent),ActionAgent,53,5,False,False,False,48,0.3,0.28
terminal_bench_2__007,terminal_bench_2,159,segmented_choice,DiagnostAgent (-> ActionAgent),DiagnostAgent,28,28,True,True,True,0,0.37,0.55
terminal_bench_2__008,terminal_bench_2,128,segmented_choice,DiagnostAgent (-> ActionAgent),ActionAgent,3,6,False,False,True,3,0.51,0.38
terminal_bench_2__009,terminal_bench_2,497,segmented_choice,DiagnostAgent (-> ActionAgent),ActionAgent,5,177,False,False,False,172,0.72,0.15
terminal_bench_2__010,terminal_bench_2,343,segmented_choice,ActionAgent,ActionAgent,6,6,True,True,True,0,0.65,0.24
terminal_bench_2__011,terminal_bench_2,180,segmented_choice,DiagnostAgent (-> ActionAgent),ActionAgent,3,63,False,False,False,60,0.74,0.34
terminal_bench_2__012,terminal_bench_2,182,segmented_choice,ActionAgent,ActionAgent,36,36,True,True,True,0,0.87,0.8
terminal_bench_2__013,terminal_bench_2,44,segmented_choice,DiagnostAgent,DiagnostAgent,15,15,True,True,True,0,0.93,0.9
terminal_bench_2__014,terminal_bench_2,206,segmented_choice,DiagnostAgent (-> ActionAgent),ActionAgent,7,7,False,True,True,0,0.49,0.39
terminal_bench_2__015,terminal_bench_2,54,segmented_choice,ActionAgent,JudgeAgent,12,19,False,False,False,7,0.32,0.35
terminal_bench_2__016,terminal_bench_2,546,segmented_choice,JudgeAgent,ActionAgent,398,5,False,False,False,393,0.63,0.72
terminal_bench_2__017,terminal_bench_2,492,segmented_choice,DiagnostAgent (-> ActionAgent),ActionAgent,143,5,False,False,False,138,0.53,0.37
terminal_bench_2__018,terminal_bench_2,202,segmented_choice,DiagnostAgent (-> ActionAgent),ActionAgent,44,44,False,True,True,0,0.19,0.3
terminal_bench_2__019,terminal_bench_2,463,segmented_choice,DiagnostAgent (-> ActionAgent),DiagnostAgent,130,130,True,True,True,0,0.55,0.36
terminal_bench_2__020,terminal_bench_2,140,segmented_choice,ActionAgent,ActionAgent,14,114,True,False,False,100,0.34,0.12
terminal_bench_2__021,terminal_bench_2,137,segmented_choice,ActionAgent,DiagnostAgent,14,5,False,False,False,9,0.27,0.23
terminal_bench_2__022,terminal_bench_2,189,segmented_choice,DiagnostAgent (-> ActionAgent),DiagnostAgent,5,57,True,False,False,52,0.19,0.15
terminal_bench_2__023,terminal_bench_2,76,segmented_choice,ActionAgent,JudgeAgent,20,20,False,True,True,0,0.25,0.13
terminal_bench_2__024,terminal_bench_2,84,segmented_choice,DiagnostAgent (-> ActionAgent),ActionAgent,3,3,False,True,True,0,0.25,0.3
terminal_bench_2__025,terminal_bench_2,204,segmented_choice,ActionAgent,ActionAgent,73,73,True,True,True,0,0.91,0.96
terminal_bench_2__026,terminal_bench_2,229,segmented_choice,ActionAgent,ActionAgent,51,22,True,False,False,29,0.5,0.49
terminal_bench_2__027,terminal_bench_2,544,segmented_choice,JudgeAgent,DiagnostAgent,517,116,False,False,False,401,0.47,0.39
terminal_bench_2__028,terminal_bench_2,193,segmented_choice,Computer_terminal,DiagnostAgent,57,3,False,False,False,54,0.37,0.56
terminal_bench_2__029,terminal_bench_2,97,segmented_choice,JudgeAgent,ActionAgent,94,32,False,False,False,62,0.71,0.52
terminal_bench_2__030,terminal_bench_2,317,segmented_choice,ActionAgent,ActionAgent,52,79,True,False,False,27,0.56,0.4
terminal_bench_2__031,terminal_bench_2,208,segmented_choice,ActionAgent,ActionAgent,160,5,True,False,False,155,0.26,0.16
terminal_bench_2__032,terminal_bench_2,450,segmented_choice,DiagnostAgent (-> ActionAgent),ActionAgent,182,152,False,False,False,30,0.54,0.54
terminal_bench_2__033,terminal_bench_2,219,segmented_choice,ActionAgent,ActionAgent,29,128,True,False,False,99,0.63,0.45
terminal_bench_2__034,terminal_bench_2,189,segmented_choice,ActionAgent,ActionAgent,47,47,True,True,True,0,0.51,0.69
terminal_bench_2__035,terminal_bench_2,480,segmented_choice,ActionAgent,DiagnostAgent,72,70,False,False,True,2,0.2,0.17
terminal_bench_2__036,terminal_bench_2,541,segmented_choice,ActionAgent,ActionAgent,87,329,True,False,False,242,0.24,0.27
terminal_bench_2__037,terminal_bench_2,409,segmented_choice,DiagnostAgent (-> ActionAgent),ActionAgent,179,28,False,False,False,151,0.39,0.29
terminal_bench_2__038,terminal_bench_2,154,segmented_choice,DiagnostAgent,DiagnostAgent,9,51,True,False,False,42,0.65,0.47
terminal_bench_2__039,terminal_bench_2,220,segmented_choice,DiagnostAgent,ActionAgent,107,188,False,False,False,81,0.63,0.12
terminal_bench_2__040,terminal_bench_2,231,segmented_choice,ActionAgent,ActionAgent,85,85,True,True,True,0,0.56,0.26
terminal_bench_2__041,terminal_bench_2,379,segmented_choice,ActionAgent,ActionAgent,180,277,True,False,False,97,0.64,0.47
terminal_bench_2__042,terminal_bench_2,516,segmented_choice,DiagnostAgent (-> ActionAgent),ActionAgent,330,31,False,False,False,299,0.45,0.46
travelplanner__001,travelplanner,143,segmented_choice,Task_Planner,transport_agent,39,30,False,False,False,9,0.34,0.39
travelplanner__002,travelplanner,216,segmented_choice,transport_agent,manager_agent,162,213,False,False,False,51,0.83,0.34
travelplanner__003,travelplanner,93,segmented_choice,verifier_agent,verifier_agent,90,90,True,True,True,0,0.51,0.23
travelplanner__004,travelplanner,339,segmented_choice,Task_Planner,stay_agent,333,268,False,False,False,65,0.56,0.45
travelplanner__005,travelplanner,89,segmented_choice,verifier_agent,stay_agent,86,24,False,False,False,62,0.55,0.59
travelplanner__006,travelplanner,127,segmented_choice,transport_agent,food_attr_agent,28,124,False,False,False,96,0.52,0.19
travelplanner__007,travelplanner,147,segmented_choice,stay_agent,verifier_agent,50,47,False,False,True,3,0.33,0.18
travelplanner__008,travelplanner,78,segmented_choice,Task_Planner,food_attr_agent,72,75,False,False,True,3,0.43,0.31
travelplanner__009,travelplanner,131,segmented_choice,food_attr_agent,food_attr_agent,122,47,True,False,False,75,0.6,0.19
travelplanner__010,travelplanner,102,segmented_choice,Computer_terminal,stay_agent,20,21,False,False,True,1,0.51,0.4
travelplanner__011,travelplanner,131,segmented_choice,manager_agent,manager_agent,121,121,True,True,True,0,0.53,0.15
travelplanner__012,travelplanner,114,segmented_choice,Task_Planner,Task_Planner,108,109,True,False,True,1,0.52,0.13
travelplanner__013,travelplanner,97,segmented_choice,Task_Planner,verifier_agent,92,28,False,False,False,64,0.41,0.3
travelplanner__014,travelplanner,112,segmented_choice,Task_Planner,transport_agent,23,22,False,False,True,1,0.36,0.19
travelplanner__015,travelplanner,132,segmented_choice,transport_agent,verifier_agent,29,129,False,False,False,100,0.39,0.09
travelplanner__016,travelplanner,125,segmented_choice,stay_agent,stay_agent,26,20,True,False,False,6,0.81,0.23
travelplanner__017,travelplanner,141,segmented_choice,transport_agent,stay_agent,124,28,False,False,False,96,0.8,0.6
travelplanner__018,travelplanner,75,segmented_choice,stay_agent,stay_agent,28,27,True,False,True,1,0.56,0.6
travelplanner__019,travelplanner,129,segmented_choice,Task_Planner,stay_agent,109,26,False,False,False,83,0.54,0.23
travelplanner__020,travelplanner,120,segmented_choice,verifier_agent,verifier_agent,117,22,True,False,False,95,0.4,0.17
travelplanner__021,travelplanner,223,segmented_choice,stay_agent,manager_agent,73,17,False,False,False,56,0.47,0.19
travelplanner__022,travelplanner,92,segmented_choice,transport_agent,Task_Planner,17,89,False,False,False,72,0.34,0.17
travelplanner__023,travelplanner,157,segmented_choice,Task_Planner,Task_Planner,151,154,True,False,True,3,0.42,0.24
travelplanner__024,travelplanner,91,segmented_choice,food_attr_agent,verifier_agent,38,88,False,False,False,50,0.54,0.36
travelplanner__025,travelplanner,146,segmented_choice,transport_agent,manager_agent,59,67,False,False,False,8,0.49,0.15
travelplanner__026,travelplanner,168,segmented_choice,Task_Planner,stay_agent,163,104,False,False,False,59,0.57,0.35
travelplanner__027,travelplanner,180,segmented_choice,manager_agent,stay_agent,174,40,False,False,False,134,0.64,0.39
travelplanner__028,travelplanner,190,segmented_choice,verifier_agent,stay_agent,187,71,False,False,False,116,0.28,0.13
travelplanner__029,travelplanner,140,segmented_choice,stay_agent,stay_agent,68,68,True,True,True,0,0.7,0.27
travelplanner__030,travelplanner,242,segmented_choice,stay_agent,stay_agent,166,167,True,False,True,1,0.43,0.15
travelplanner__031,travelplanner,146,segmented_choice,transport_agent,manager_agent,30,137,False,False,False,107,0.62,0.22
travelplanner__032,travelplanner,171,segmented_choice,Task_Planner,food_attr_agent,73,168,False,False,False,95,0.54,0.24
travelplanner__033,travelplanner,188,segmented_choice,verifier_agent,Task_Planner,185,182,False,False,True,3,0.63,0.11
travelplanner__034,travelplanner,170,segmented_choice,stay_agent,stay_agent,67,65,True,False,True,2,0.49,0.24
travelplanner__035,travelplanner,186,segmented_choice,stay_agent,verifier_agent,103,103,False,True,True,0,0.4,0.32
travelplanner__036,travelplanner,188,segmented_choice,food_attr_agent,food_attr_agent,181,185,True,False,True,4,0.41,0.15
travelplanner__037,travelplanner,157,segmented_choice,stay_agent,stay_agent,88,37,True,False,False,51,0.27,0.14
travelplanner__038,travelplanner,255,segmented_choice,verifier_agent,transport_agent,252,4,False,False,False,248,0.69,0.59
travelplanner__039,travelplanner,140,segmented_choice,verifier_agent,food_attr_agent,54,137,False,False,False,83,0.32,0.27
travelplanner__040,travelplanner,235,segmented_choice,manager_agent,manager_agent,209,232,True,False,False,23,0.52,0.16
travelplanner__041,travelplanner,169,segmented_choice,stay_agent,verifier_agent,46,44,False,False,True,2,0.36,0.25
travelplanner__042,travelplanner,165,segmented_choice,stay_agent,verifier_agent,89,76,False,False,False,13,0.41,0.28
travelplanner__043,travelplanner,136,segmented_choice,Computer_terminal,Task_Planner,53,130,False,False,False,77,0.6,0.17
travelplanner__044,travelplanner,212,segmented_choice,manager_agent,food_attr_agent,126,42,False,False,False,84,0.36,0.32
travelplanner__045,travelplanner,175,segmented_choice,stay_agent,food_attr_agent,78,172,False,False,False,94,0.45,0.31
travelplanner__046,travelplanner,123,segmented_choice,stay_agent,manager_agent,81,103,False,False,False,22,0.65,0.17
travelplanner__047,travelplanner,200,segmented_choice,stay_agent,food_attr_agent,85,140,False,False,False,55,0.79,0.16
travelplanner__048,travelplanner,158,segmented_choice,verifier_agent,verifier_agent,144,134,True,False,False,10,0.35,0.2
travelplanner__049,travelplanner,143,segmented_choice,stay_agent,stay_agent,84,83,True,False,True,1,0.53,0.37
travelplanner__050,travelplanner,226,segmented_choice,transport_agent,stay_agent,95,138,False,False,False,43,0.21,0.27
travelplanner__051,travelplanner,193,segmented_choice,stay_agent,stay_agent,67,162,True,False,False,95,0.48,0.17
travelplanner__052,travelplanner,214,segmented_choice,verifier_agent,verifier_agent,211,211,True,True,True,0,0.52,0.22
travelplanner__053,travelplanner,121,segmented_choice,stay_agent,stay_agent,74,65,True,False,False,9,0.45,0.19
travelplanner__054,travelplanner,165,segmented_choice,stay_agent,transport_agent,68,162,False,False,False,94,0.38,0.2
travelplanner__055,travelplanner,273,segmented_choice,manager_agent,manager_agent,174,174,True,True,True,0,0.92,0.61
travelplanner__056,travelplanner,145,segmented_choice,food_attr_agent,stay_agent,115,54,False,False,False,61,0.56,0.15
travelplanner__057,travelplanner,161,segmented_choice,stay_agent,food_attr_agent,79,81,False,False,True,2,0.26,0.35
travelplanner__058,travelplanner,226,segmented_choice,transport_agent,transport_agent,13,161,True,False,False,148,0.46,0.32
travelplanner__059,travelplanner,164,segmented_choice,transport_agent,stay_agent,64,85,False,False,False,21,0.33,0.31
travelplanner__060,travelplanner,168,segmented_choice,manager_agent,transport_agent,121,65,False,False,False,56,0.33,0.28
travelplanner__061,travelplanner,165,segmented_choice,food_attr_agent,stay_agent,162,48,False,False,False,114,0.58,0.58
travelplanner__062,travelplanner,190,segmented_choice,stay_agent,stay_agent,109,156,True,False,False,47,0.34,0.14
travelplanner__063,travelplanner,243,segmented_choice,transport_agent,manager_agent,39,240,False,False,False,201,0.52,0.18
travelplanner__064,travelplanner,404,segmented_choice,manager_agent,manager_agent,284,284,True,True,True,0,0.73,0.2
travelplanner__065,travelplanner,198,segmented_choice,verifier_agent,food_attr_agent,96,52,False,False,False,44,0.33,0.21
travelplanner__066,travelplanner,129,segmented_choice,transport_agent,food_attr_agent,26,126,False,False,False,100,0.44,0.29
travelplanner__067,travelplanner,255,segmented_choice,stay_agent,manager_agent,93,179,False,False,False,86,0.39,0.48
travelplanner__068,travelplanner,145,segmented_choice,Task_Planner,stay_agent,83,88,False,False,True,5,0.45,0.21
travelplanner__069,travelplanner,168,segmented_choice,food_attr_agent,stay_agent,165,91,False,False,False,74,0.58,0.53
travelplanner__070,travelplanner,202,segmented_choice,stay_agent,stay_agent,65,56,True,False,False,9,0.72,0.57
travelplanner__071,travelplanner,306,segmented_choice,transport_agent,transport_agent,219,27,True,False,False,192,0.38,0.31
travelplanner__072,travelplanner,212,segmented_choice,transport_agent,Task_Planner,105,206,False,False,False,101,0.66,0.28
travelplanner__073,travelplanner,164,segmented_choice,verifier_agent,verifier_agent,161,161,True,True,True,0,0.56,0.18
travelplanner__074,travelplanner,189,segmented_choice,transport_agent,stay_agent,46,173,False,False,False,127,0.8,0.48
travelplanner__075,travelplanner,245,segmented_choice,Task_Planner,stay_agent,99,108,False,False,False,9,0.59,0.23
travelplanner__076,travelplanner,200,segmented_choice,verifier_agent,verifier_agent,197,71,True,False,False,126,0.52,0.38
travelplanner__077,travelplanner,213,segmented_choice,manager_agent,stay_agent,210,63,False,False,False,147,0.65,0.31
travelplanner__078,travelplanner,211,segmented_choice,manager_agent,manager_agent,109,203,True,False,False,94,0.38,0.26
travelplanner__079,travelplanner,155,segmented_choice,Task_Planner,stay_agent,149,95,False,False,False,54,0.32,0.4
travelplanner__080,travelplanner,176,segmented_choice,stay_agent,food_attr_agent,94,129,False,False,False,35,0.42,0.26
travelplanner__081,travelplanner,100,segmented_choice,food_attr_agent,food_attr_agent,97,97,True,True,True,0,0.73,0.14
travelplanner__082,travelplanner,82,segmented_choice,stay_agent,food_attr_agent,26,79,False,False,False,53,0.54,0.36
travelplanner__083,travelplanner,100,segmented_choice,Task_Planner,food_attr_agent,95,97,False,False,True,2,0.68,0.41
travelplanner__084,travelplanner,146,segmented_choice,manager_agent,manager_agent,67,67,True,True,True,0,0.93,0.82
travelplanner__085,travelplanner,138,segmented_choice,stay_agent,manager_agent,26,135,False,False,False,109,0.77,0.41
travelplanner__086,travelplanner,115,segmented_choice,transport_agent,stay_agent,51,56,False,False,True,5,0.33,0.21
travelplanner__087,travelplanner,107,segmented_choice,Task_Planner,food_attr_agent,101,101,False,True,True,0,0.28,0.16
travelplanner__088,travelplanner,115,segmented_choice,stay_agent,verifier_agent,35,30,False,False,True,5,0.18,0.11
travelplanner__089,travelplanner,164,segmented_choice,stay_agent,stay_agent,88,36,True,False,False,52,0.69,0.23
travelplanner__090,travelplanner,120,segmented_choice,food_attr_agent,verifier_agent,92,117,False,False,False,25,0.39,0.19
travelplanner__091,travelplanner,100,segmented_choice,Task_Planner,Task_Planner,1,1,True,True,True,0,0.48,0.29
travelplanner__092,travelplanner,121,segmented_choice,food_attr_agent,stay_agent,73,22,False,False,False,51,0.34,0.45
travelplanner__093,travelplanner,111,segmented_choice,stay_agent,manager_agent,30,108,False,False,False,78,0.88,0.26
travelplanner__094,travelplanner,135,segmented_choice,manager_agent,manager_agent,73,73,True,True,True,0,0.62,0.66
travelplanner__095,travelplanner,126,segmented_choice,Task_Planner,food_attr_agent,66,123,False,False,False,57,0.52,0.36
travelplanner__096,travelplanner,70,segmented_choice,Task_Planner,manager_agent,1,67,False,False,False,66,0.8,0.22
travelplanner__097,travelplanner,181,segmented_choice,food_attr_agent,food_attr_agent,178,178,True,True,True,0,0.43,0.14
travelplanner__098,travelplanner,184,segmented_choice,Computer_terminal,manager_agent,29,85,False,False,False,56,0.34,0.3
travelplanner__099,travelplanner,130,segmented_choice,food_attr_agent,food_attr_agent,127,127,True,True,True,0,0.54,0.36
travelplanner__100,travelplanner,63,segmented_choice,Task_Planner,manager_agent,1,60,False,False,False,59,0.82,0.34
travelplanner__101,travelplanner,133,segmented_choice,stay_agent,manager_agent,32,110,False,False,False,78,0.69,0.45
travelplanner__102,travelplanner,268,segmented_choice,manager_agent,manager_agent,138,138,True,True,True,0,0.75,0.31
travelplanner__103,travelplanner,124,segmented_choice,Task_Planner,stay_agent,118,40,False,False,False,78,0.66,0.13
travelplanner__104,travelplanner,82,segmented_choice,food_attr_agent,stay_agent,59,79,False,False,False,20,0.15,0.15
travelplanner__105,travelplanner,144,segmented_choice,verifier_agent,Task_Planner,141,138,False,False,True,3,0.61,0.35
travelplanner__106,travelplanner,188,segmented_choice,Task_Planner,food_attr_agent,1,185,False,False,False,184,0.34,0.13
travelplanner__107,travelplanner,202,segmented_choice,manager_agent,stay_agent,199,99,False,False,False,100,0.37,0.35
travelplanner__108,travelplanner,400,segmented_choice,food_attr_agent,food_attr_agent,371,298,True,False,False,73,0.37,0.31
travelplanner__109,travelplanner,305,segmented_choice,transport_agent,manager_agent,69,70,False,False,True,1,0.48,0.13
travelplanner__110,travelplanner,198,segmented_choice,verifier_agent,verifier_agent,132,74,True,False,False,58,0.46,0.56
travelplanner__111,travelplanner,165,segmented_choice,manager_agent,manager_agent,137,138,True,False,True,1,0.79,0.54
travelplanner__112,travelplanner,182,segmented_choice,stay_agent,stay_agent,51,50,True,False,True,1,0.46,0.14
travelplanner__113,travelplanner,169,segmented_choice,transport_agent,verifier_agent,45,117,False,False,False,72,0.44,0.18
travelplanner__114,travelplanner,164,segmented_choice,verifier_agent,verifier_agent,161,161,True,True,True,0,0.32,0.12
travelplanner__115,travelplanner,133,segmented_choice,stay_agent,food_attr_agent,49,130,False,False,False,81,0.57,0.28
travelplanner__116,travelplanner,130,segmented_choice,stay_agent,stay_agent,50,50,True,True,True,0,0.64,0.3
travelplanner__117,travelplanner,181,segmented_choice,manager_agent,manager_agent,139,139,True,True,True,0,0.64,0.37
travelplanner__118,travelplanner,152,segmented_choice,verifier_agent,manager_agent,72,42,False,False,False,30,0.55,0.34
travelplanner__119,travelplanner,145,segmented_choice,stay_agent,manager_agent,54,80,False,False,False,26,0.38,0.21
travelplanner__120,travelplanner,159,segmented_choice,food_attr_agent,stay_agent,88,50,False,False,False,38,0.3,0.12
travelplanner__121,travelplanner,134,segmented_choice,verifier_agent,verifier_agent,131,0,True,False,False,131,0.36,0.24
travelplanner__122,travelplanner,180,segmented_choice,stay_agent,verifier_agent,163,177,False,False,False,14,0.48,0.29
travelplanner__123,travelplanner,159,segmented_choice,Task_Planner,transport_agent,153,49,False,False,False,104,0.33,0.37
travelplanner__124,travelplanner,259,segmented_choice,Task_Planner,food_attr_agent,153,108,False,False,False,45,0.44,0.29
travelplanner__125,travelplanner,129,segmented_choice,Task_Planner,manager_agent,85,9,False,False,False,76,0.84,0.13
travelplanner__126,travelplanner,232,segmented_choice,stay_agent,stay_agent,119,189,True,False,False,70,0.64,0.52
travelplanner__127,travelplanner,247,segmented_choice,stay_agent,stay_agent,129,129,True,True,True,0,0.34,0.07
travelplanner__128,travelplanner,210,segmented_choice,manager_agent,Task_Planner,137,54,False,False,False,83,0.35,0.13
travelplanner__129,travelplanner,157,segmented_choice,stay_agent,food_attr_agent,103,80,False,False,False,23,0.22,0.28
travelplanner__130,travelplanner,176,segmented_choice,transport_agent,verifier_agent,43,173,False,False,False,130,0.47,0.25
travelplanner__131,travelplanner,351,segmented_choice,stay_agent,Computer_terminal,206,0,False,False,False,206,0.36,0.46
travelplanner__132,travelplanner,252,segmented_choice,Task_Planner,transport_agent,246,8,False,False,False,238,0.95,0.49
travelplanner__133,travelplanner,197,segmented_choice,verifier_agent,verifier_agent,156,86,True,False,False,70,0.53,0.41
travelplanner__134,travelplanner,206,segmented_choice,transport_agent,verifier_agent,142,203,False,False,False,61,0.54,0.4
travelplanner__135,travelplanner,220,segmented_choice,stay_agent,stay_agent,126,93,True,False,False,33,0.62,0.66
travelplanner__136,travelplanner,156,segmented_choice,Task_Planner,Task_Planner,117,96,True,False,False,21,0.34,0.11
travelplanner__137,travelplanner,251,segmented_choice,stay_agent,stay_agent,81,81,True,True,True,0,0.28,0.19
travelplanner__138,travelplanner,182,segmented_choice,stay_agent,stay_agent,59,61,True,False,True,2,0.54,0.34
travelplanner__139,travelplanner,216,segmented_choice,manager_agent,manager_agent,170,211,True,False,False,41,0.9,0.28
travelplanner__140,travelplanner,151,segmented_choice,verifier_agent,verifier_agent,148,145,True,False,True,3,0.3,0.07
travelplanner__141,travelplanner,220,segmented_choice,stay_agent,stay_agent,114,114,True,True,True,0,0.27,0.48
travelplanner__142,travelplanner,170,segmented_choice,stay_agent,stay_agent,90,69,True,False,False,21,0.2,0.27
travelplanner__143,travelplanner,184,segmented_choice,manager_agent,manager_agent,119,120,True,False,True,1,0.83,0.38
travelplanner__144,travelplanner,236,segmented_choice,food_attr_agent,food_attr_agent,233,233,True,True,True,0,0.44,0.22
travelplanner__145,travelplanner,222,segmented_choice,Task_Planner,Task_Planner,217,110,True,False,False,107,0.56,0.21
travelplanner__146,travelplanner,196,segmented_choice,food_attr_agent,Task_Planner,193,191,False,False,True,2,0.84,0.59
travelplanner__147,travelplanner,219,segmented_choice,verifier_agent,manager_agent,216,59,False,False,False,157,0.28,0.27
travelplanner__148,travelplanner,224,segmented_choice,stay_agent,food_attr_agent,97,221,False,False,False,124,0.34,0.1
travelplanner__149,travelplanner,175,segmented_choice,Task_Planner,stay_agent,45,56,False,False,False,11,0.49,0.25
travelplanner__150,travelplanner,221,segmented_choice,Task_Planner,Task_Planner,62,62,True,True,True,0,0.36,0.34
travelplanner__151,travelplanner,254,segmented_choice,Task_Planner,manager_agent,20,0,False,False,False,20,0.12,0.34
travelplanner__152,travelplanner,99,segmented_choice,stay_agent,food_attr_agent,33,52,False,False,False,19,0.4,0.23
travelplanner__153,travelplanner,191,segmented_choice,verifier_agent,transport_agent,142,8,False,False,False,134,0.87,0.67
travelplanner__154,travelplanner,150,segmented_choice,manager_agent,stay_agent,98,40,False,False,False,58,0.63,0.52
travelplanner__155,travelplanner,135,segmented_choice,stay_agent,manager_agent,43,43,False,True,True,0,0.53,0.18
travelplanner__156,travelplanner,152,segmented_choice,Task_Planner,manager_agent,41,30,False,False,False,11,0.64,0.51
travelplanner__157,travelplanner,93,segmented_choice,food_attr_agent,stay_agent,84,90,False,False,False,6,0.39,0.2
travelplanner__158,travelplanner,134,segmented_choice,Computer_terminal,stay_agent,40,40,False,True,True,0,0.66,0.27
travelplanner__159,travelplanner,99,segmented_choice,food_attr_agent,transport_agent,96,32,False,False,False,64,0.42,0.54
travelplanner__160,travelplanner,111,segmented_choice,Task_Planner,stay_agent,2,37,False,False,False,35,0.3,0.27
travelplanner__161,travelplanner,77,segmented_choice,Task_Planner,manager_agent,2,30,False,False,False,28,0.42,0.69
travelplanner__162,travelplanner,141,segmented_choice,verifier_agent,verifier_agent,138,138,True,True,True,0,0.32,0.14
travelplanner__163,travelplanner,153,segmented_choice,food_attr_agent,Task_Planner,116,147,False,False,False,31,0.54,0.32
travelplanner__164,travelplanner,38,full_context,stay_agent,Task_Planner,10,32,False,False,False,22,0.47,0.73
travelplanner__165,travelplanner,119,segmented_choice,Task_Planner,verifier_agent,1,34,False,False,False,33,0.24,0.22
travelplanner__166,travelplanner,164,segmented_choice,manager_agent,stay_agent,158,34,False,False,False,124,0.6,0.28
travelplanner__167,travelplanner,171,segmented_choice,manager_agent,manager_agent,168,68,True,False,False,100,0.48,0.28
travelplanner__168,travelplanner,86,segmented_choice,manager_agent,manager_agent,80,30,True,False,False,50,0.63,0.22
travelplanner__169,travelplanner,242,segmented_choice,transport_agent,stay_agent,230,69,False,False,False,161,0.34,0.31
travelplanner__170,travelplanner,242,segmented_choice,Task_Planner,transport_agent,99,236,False,False,False,137,0.69,0.23
travelplanner__171,travelplanner,118,segmented_choice,stay_agent,transport_agent,68,21,False,False,False,47,0.64,0.63
travelplanner__172,travelplanner,306,segmented_choice,stay_agent,verifier_agent,194,289,False,False,False,95,0.6,0.39
travelplanner__173,travelplanner,284,segmented_choice,manager_agent,manager_agent,202,202,True,True,True,0,0.45,0.35
travelplanner__174,travelplanner,188,segmented_choice,Task_Planner,transport_agent,1,79,False,False,False,78,0.5,0.44
travelplanner__175,travelplanner,166,segmented_choice,stay_agent,transport_agent,93,22,False,False,False,71,0.59,0.33
travelplanner__176,travelplanner,167,segmented_choice,verifier_agent,verifier_agent,59,57,True,False,True,2,0.28,0.49
travelplanner__177,travelplanner,137,segmented_choice,stay_agent,stay_agent,77,77,True,True,True,0,0.61,0.46
travelplanner__178,travelplanner,152,segmented_choice,manager_agent,transport_agent,95,28,False,False,False,67,0.27,0.28
travelplanner__179,travelplanner,221,segmented_choice,Task_Planner,stay_agent,100,118,False,False,False,18,0.6,0.4
travelplanner__180,travelplanner,159,segmented_choice,manager_agent,manager_agent,148,148,True,True,True,0,0.67,0.5
travelplanner__181,travelplanner,323,segmented_choice,manager_agent,manager_agent,320,143,True,False,False,177,0.46,0.37
travelplanner__182,travelplanner,237,segmented_choice,stay_agent,manager_agent,99,194,False,False,False,95,0.53,0.12
travelplanner__183,travelplanner,211,segmented_choice,stay_agent,stay_agent,98,95,True,False,True,3,0.42,0.09
travelplanner__184,travelplanner,116,segmented_choice,manager_agent,manager_agent,104,68,True,False,False,36,0.87,0.19
travelplanner__185,travelplanner,232,segmented_choice,manager_agent,manager_agent,157,157,True,True,True,0,0.52,0.34
travelplanner__186,travelplanner,108,segmented_choice,stay_agent,stay_agent,57,59,True,False,True,2,0.33,0.26
travelplanner__187,travelplanner,181,segmented_choice,stay_agent,stay_agent,97,97,True,True,True,0,0.84,0.39
travelplanner__188,travelplanner,135,segmented_choice,transport_agent,stay_agent,8,0,False,False,False,8,0.11,0.16
travelplanner__189,travelplanner,239,segmented_choice,manager_agent,Task_Planner,147,46,False,False,False,101,0.6,0.22
travelplanner__190,travelplanner,188,segmented_choice,manager_agent,manager_agent,185,174,True,False,False,11,0.82,0.36
travelplanner__191,travelplanner,213,segmented_choice,verifier_agent,manager_agent,96,167,False,False,False,71,0.58,0.3
travelplanner__192,travelplanner,200,segmented_choice,stay_agent,stay_agent,113,113,True,True,True,0,0.75,0.46
travelplanner__193,travelplanner,198,segmented_choice,stay_agent,stay_agent,125,126,True,False,True,1,0.75,0.25
travelplanner__194,travelplanner,191,segmented_choice,manager_agent,manager_agent,185,45,True,False,False,140,0.42,0.28
travelplanner__195,travelplanner,204,segmented_choice,manager_agent,manager_agent,121,120,True,False,True,1,0.4,0.21
travelplanner__196,travelplanner,232,segmented_choice,food_attr_agent,transport_agent,229,9,False,False,False,220,0.48,0.59
travelplanner__197,travelplanner,206,segmented_choice,verifier_agent,stay_agent,108,12,False,False,False,96,0.31,0.28
travelplanner__198,travelplanner,247,segmented_choice,Task_Planner,Task_Planner,241,241,True,True,True,0,0.64,0.37
travelplanner__199,travelplanner,221,segmented_choice,food_attr_agent,stay_agent,218,93,False,False,False,125,0.6,0.25
travelplanner__200,travelplanner,225,segmented_choice,Task_Planner,verifier_agent,219,87,False,False,False,132,0.42,0.12
travelplanner__201,travelplanner,221,segmented_choice,manager_agent,manager_agent,28,28,True,True,True,0,0.91,0.45
travelplanner__202,travelplanner,165,segmented_choice,transport_agent,stay_agent,55,72,False,False,False,17,0.63,0.66
travelplanner__203,travelplanner,197,segmented_choice,stay_agent,food_attr_agent,117,8,False,False,False,109,0.35,0.8
travelplanner__204,travelplanner,152,segmented_choice,transport_agent,stay_agent,33,65,False,False,False,32,0.66,0.73
travelplanner__205,travelplanner,184,segmented_choice,stay_agent,Task_Planner,76,178,False,False,False,102,0.67,0.29
travelplanner__206,travelplanner,216,segmented_choice,Task_Planner,manager_agent,25,37,False,False,False,12,0.41,0.2
travelplanner__207,travelplanner,209,segmented_choice,manager_agent,manager_agent,198,134,True,False,False,64,0.83,0.47
travelplanner__208,travelplanner,330,segmented_choice,manager_agent,manager_agent,183,7,True,False,False,176,0.25,0.18
travelplanner__209,travelplanner,239,segmented_choice,stay_agent,verifier_agent,110,97,False,False,False,13,0.31,0.21
travelplanner__210,travelplanner,281,segmented_choice,Task_Planner,verifier_agent,253,261,False,False,False,8,0.23,0.17
travelplanner__211,travelplanner,203,segmented_choice,stay_agent,verifier_agent,115,0,False,False,False,115,0.43,0.17
travelplanner__212,travelplanner,338,segmented_choice,transport_agent,transport_agent,179,32,True,False,False,147,0.57,0.56
travelplanner__213,travelplanner,148,segmented_choice,manager_agent,food_attr_agent,73,8,False,False,False,65,0.26,0.21
travelplanner__214,travelplanner,228,segmented_choice,verifier_agent,transport_agent,225,26,False,False,False,199,0.33,0.45
travelplanner__215,travelplanner,200,segmented_choice,stay_agent,stay_agent,78,0,True,False,False,78,0.44,0.2
travelplanner__216,travelplanner,274,segmented_choice,stay_agent,stay_agent,104,105,True,False,True,1,0.61,0.22
travelplanner__217,travelplanner,176,segmented_choice,stay_agent,stay_agent,72,0,True,False,False,72,0.35,0.22
travelplanner__218,travelplanner,182,segmented_choice,transport_agent,Task_Planner,6,10,False,False,True,4,0.38,0.11
travelplanner__219,travelplanner,102,segmented_choice,stay_agent,stay_agent,32,33,True,False,True,1,0.68,0.24
travelplanner__220,travelplanner,152,segmented_choice,Task_Planner,manager_agent,123,149,False,False,False,26,0.54,0.3
travelplanner__221,travelplanner,120,segmented_choice,stay_agent,verifier_agent,31,117,False,False,False,86,0.69,0.19
travelplanner__222,travelplanner,68,segmented_choice,Task_Planner,verifier_agent,1,57,False,False,False,56,0.52,0.53
travelplanner__223,travelplanner,211,segmented_choice,transport_agent,manager_agent,123,173,False,False,False,50,0.85,0.31
travelplanner__224,travelplanner,193,segmented_choice,Task_Planner,stay_agent,89,191,False,False,False,102,0.32,0.08
travelplanner__225,travelplanner,186,segmented_choice,Task_Planner,stay_agent,110,42,False,False,False,68,0.49,0.15
travelplanner__226,travelplanner,198,segmented_choice,transport_agent,transport_agent,53,26,True,False,False,27,0.46,0.54
travelplanner__227,travelplanner,102,segmented_choice,manager_agent,manager_agent,99,93,True,False,False,6,0.86,0.11
travelplanner__228,travelplanner,97,segmented_choice,stay_agent,stay_agent,32,36,True,False,True,4,0.56,0.12
travelplanner__229,travelplanner,241,segmented_choice,food_attr_agent,stay_agent,238,177,False,False,False,61,0.49,0.15
travelplanner__230,travelplanner,398,segmented_choice,stay_agent,stay_agent,324,322,True,False,True,2,0.52,0.54
travelplanner__231,travelplanner,224,segmented_choice,transport_agent,stay_agent,210,139,False,False,False,71,0.65,0.33
travelplanner__232,travelplanner,251,segmented_choice,Task_Planner,transport_agent,191,121,False,False,False,70,0.2,0.35
travelplanner__233,travelplanner,210,segmented_choice,Computer_terminal,stay_agent,55,93,False,False,False,38,0.81,0.24
travelplanner__234,travelplanner,170,segmented_choice,stay_agent,Task_Planner,61,165,False,False,False,104,0.19,0.09
travelplanner__235,travelplanner,169,segmented_choice,verifier_agent,verifier_agent,166,57,True,False,False,109,0.28,0.12
travelplanner__236,travelplanner,189,segmented_choice,stay_agent,stay_agent,64,65,True,False,True,1,0.73,0.26
travelplanner__237,travelplanner,231,segmented_choice,stay_agent,stay_agent,86,89,True,False,True,3,0.83,0.23
travelplanner__238,travelplanner,94,segmented_choice,stay_agent,stay_agent,21,38,True,False,False,17,0.38,0.54
travelplanner__239,travelplanner,31,full_context,Computer_terminal,Task_Planner,12,26,False,False,False,14,0.37,0.52
travelplanner__240,travelplanner,90,segmented_choice,stay_agent,manager_agent,39,42,False,False,True,3,0.54,0.63
travelplanner__241,travelplanner,134,segmented_choice,verifier_agent,Task_Planner,131,73,False,False,False,58,0.67,0.11
travelplanner__242,travelplanner,165,segmented_choice,stay_agent,stay_agent,61,55,True,False,False,6,0.51,0.38
travelplanner__243,travelplanner,86,segmented_choice,Task_Planner,manager_agent,1,34,False,False,False,33,0.48,0.28
travelplanner__244,travelplanner,221,segmented_choice,Task_Planner,stay_agent,96,84,False,False,False,12,0.53,0.49
travelplanner__245,travelplanner,296,segmented_choice,stay_agent,transport_agent,167,24,False,False,False,143,0.43,0.25
travelplanner__246,travelplanner,297,segmented_choice,Task_Planner,transport_agent,184,28,False,False,False,156,0.34,0.15
travelplanner__247,travelplanner,299,segmented_choice,stay_agent,manager_agent,158,158,False,True,True,0,0.39,0.19
travelplanner__248,travelplanner,154,segmented_choice,stay_agent,manager_agent,45,47,False,False,True,2,0.45,0.22
travelplanner__249,travelplanner,178,segmented_choice,stay_agent,stay_agent,69,70,True,False,True,1,0.29,0.28
travelplanner__250,travelplanner,98,segmented_choice,manager_agent,stay_agent,92,25,False,False,False,67,0.5,0.38
travelplanner__251,travelplanner,120,segmented_choice,transport_agent,food_attr_agent,20,9,False,False,False,11,0.17,0.47
travelplanner__252,travelplanner,75,segmented_choice,manager_agent,manager_agent,69,18,True,False,False,51,0.54,0.22
travelplanner__253,travelplanner,59,segmented_choice,stay_agent,Task_Planner,36,47,False,False,False,11,0.31,0.35
travelplanner__254,travelplanner,199,segmented_choice,food_attr_agent,stay_agent,177,45,False,False,False,132,0.57,0.67
travelplanner__255,travelplanner,249,segmented_choice,stay_agent,manager_agent,98,103,False,False,True,5,0.59,0.32
travelplanner__256,travelplanner,120,segmented_choice,manager_agent,manager_agent,114,47,True,False,False,67,0.5,0.3
travelplanner__257,travelplanner,315,segmented_choice,Task_Planner,transport_agent,2,16,False,False,False,14,0.4,0.53
travelplanner__258,travelplanner,172,segmented_choice,manager_agent,transport_agent,106,14,False,False,False,92,0.36,0.29
travelplanner__259,travelplanner,127,segmented_choice,transport_agent,transport_agent,5,32,True,False,False,27,0.63,0.31
travelplanner__260,travelplanner,114,segmented_choice,manager_agent,manager_agent,108,60,True,False,False,48,0.48,0.31
travelplanner__261,travelplanner,171,segmented_choice,manager_agent,manager_agent,162,24,True,False,False,138,0.42,0.36
travelplanner__262,travelplanner,120,segmented_choice,stay_agent,verifier_agent,61,23,False,False,False,38,0.56,0.12
travelplanner__263,travelplanner,154,segmented_choice,verifier_agent,verifier_agent,138,50,True,False,False,88,0.92,0.16
travelplanner__264,travelplanner,172,segmented_choice,manager_agent,manager_agent,169,27,True,False,False,142,0.44,0.27
travelplanner__265,travelplanner,147,segmented_choice,Task_Planner,manager_agent,1,60,False,False,False,59,0.44,0.19
travelplanner__266,travelplanner,193,segmented_choice,food_attr_agent,food_attr_agent,77,14,True,False,False,63,0.36,0.1
travelplanner__267,travelplanner,111,segmented_choice,Computer_terminal,food_attr_agent,38,38,False,True,True,0,0.2,0.16
travelplanner__268,travelplanner,106,segmented_choice,stay_agent,stay_agent,29,27,True,False,True,2,0.57,0.39
travelplanner__269,travelplanner,76,segmented_choice,Task_Planner,transport_agent,1,13,False,False,False,12,0.77,0.41
travelplanner__270,travelplanner,51,segmented_choice,manager_agent,manager_agent,48,41,True,False,False,7,0.77,0.27
travelplanner__271,travelplanner,87,segmented_choice,manager_agent,verifier_agent,50,59,False,False,False,9,0.94,0.23
travelplanner__272,travelplanner,69,segmented_choice,manager_agent,stay_agent,66,17,False,False,False,49,0.31,0.27
travelplanner__273,travelplanner,140,segmented_choice,stay_agent,stay_agent,19,19,True,True,True,0,0.54,0.28
travelplanner__274,travelplanner,178,segmented_choice,food_attr_agent,food_attr_agent,144,17,True,False,False,127,0.58,0.3
travelplanner__275,travelplanner,109,segmented_choice,verifier_agent,verifier_agent,100,66,True,False,False,34,0.32,0.11
travelplanner__276,travelplanner,146,segmented_choice,stay_agent,stay_agent,49,27,True,False,False,22,0.52,0.23
travelplanner__277,travelplanner,171,segmented_choice,stay_agent,manager_agent,68,67,False,False,True,1,0.29,0.36
travelplanner__278,travelplanner,180,segmented_choice,verifier_agent,verifier_agent,177,173,True,False,True,4,0.57,0.23
travelplanner__279,travelplanner,137,segmented_choice,food_attr_agent,manager_agent,94,25,False,False,False,69,0.41,0.31
travelplanner__280,travelplanner,114,segmented_choice,Computer_terminal,transport_agent,72,17,False,False,False,55,0.3,0.34
travelplanner__281,travelplanner,178,segmented_choice,manager_agent,manager_agent,123,21,True,False,False,102,0.88,0.14
travelplanner__282,travelplanner,95,segmented_choice,Task_Planner,stay_agent,1,24,False,False,False,23,0.51,0.48
travelplanner__283,travelplanner,119,segmented_choice,food_attr_agent,manager_agent,70,60,False,False,False,10,0.43,0.36
travelplanner__284,travelplanner,23,segmented_choice,manager_agent,manager_agent,7,16,True,False,False,9,0.82,0.13
travelplanner__285,travelplanner,83,segmented_choice,transport_agent,stay_agent,18,27,False,False,False,9,0.6,0.41
travelplanner__286,travelplanner,190,segmented_choice,manager_agent,transport_agent,187,71,False,False,False,116,0.5,0.31
travelplanner__287,travelplanner,165,segmented_choice,transport_agent,food_attr_agent,91,77,False,False,False,14,0.51,0.2
travelplanner__288,travelplanner,186,segmented_choice,food_attr_agent,food_attr_agent,183,47,True,False,False,136,0.57,0.26
travelplanner__289,travelplanner,108,segmented_choice,stay_agent,food_attr_agent,49,45,False,False,True,4,0.56,0.28
travelplanner__290,travelplanner,202,segmented_choice,verifier_agent,manager_agent,184,151,False,False,False,33,0.39,0.26
travelplanner__291,travelplanner,234,segmented_choice,transport_agent,food_attr_agent,50,113,False,False,False,63,0.41,0.19
travelplanner__292,travelplanner,146,segmented_choice,stay_agent,stay_agent,105,80,True,False,False,25,0.89,0.42
travelplanner__293,travelplanner,148,segmented_choice,verifier_agent,verifier_agent,132,141,True,False,False,9,0.45,0.1
travelplanner__294,travelplanner,143,segmented_choice,transport_agent,manager_agent,71,11,False,False,False,60,0.62,0.75
travelplanner__295,travelplanner,152,segmented_choice,transport_agent,verifier_agent,7,46,False,False,False,39,0.15,0.21
travelplanner__296,travelplanner,190,segmented_choice,stay_agent,stay_agent,81,41,True,False,False,40,0.39,0.24
travelplanner__297,travelplanner,230,segmented_choice,transport_agent,food_attr_agent,84,84,False,True,True,0,0.19,0.15
travelplanner__298,travelplanner,192,segmented_choice,Task_Planner,manager_agent,56,59,False,False,True,3,0.4,0.18
travelplanner__299,travelplanner,180,segmented_choice,stay_agent,verifier_agent,113,98,False,False,False,15,0.52,0.09
travelplanner__300,travelplanner,245,segmented_choice,manager_agent,manager_agent,187,31,True,False,False,156,0.39,0.37
travelplanner__301,travelplanner,72,segmented_choice,verifier_agent,stay_agent,69,37,False,False,False,32,0.65,0.28
travelplanner__302,travelplanner,116,segmented_choice,stay_agent,stay_agent,35,34,True,False,True,1,0.52,0.22
travelplanner__303,travelplanner,429,segmented_choice,stay_agent,stay_agent,119,114,True,False,True,5,0.94,0.55
travelplanner__304,travelplanner,146,segmented_choice,manager_agent,manager_agent,139,28,True,False,False,111,0.71,0.17
travelplanner__305,travelplanner,23,segmented_choice,manager_agent,manager_agent,7,1,True,False,False,6,0.77,0.29
travelplanner__306,travelplanner,189,segmented_choice,transport_agent,manager_agent,67,174,False,False,False,107,0.89,0.44
travelplanner__307,travelplanner,192,segmented_choice,stay_agent,stay_agent,88,87,True,False,True,1,0.29,0.29
travelplanner__308,travelplanner,236,segmented_choice,verifier_agent,verifier_agent,229,127,True,False,False,102,0.49,0.15
travelplanner__309,travelplanner,169,segmented_choice,stay_agent,stay_agent,46,45,True,False,True,1,0.84,0.27
travelplanner__310,travelplanner,35,full_context,manager_agent,manager_agent,18,28,True,False,False,10,0.85,0.31
travelplanner__311,travelplanner,212,segmented_choice,Task_Planner,manager_agent,26,77,False,False,False,51,0.64,0.1
travelplanner__312,travelplanner,185,segmented_choice,manager_agent,manager_agent,5,8,True,False,True,3,0.62,0.18
travelplanner__313,travelplanner,228,segmented_choice,stay_agent,food_attr_agent,128,93,False,False,False,35,0.61,0.29
travelplanner__314,travelplanner,127,segmented_choice,stay_agent,verifier_agent,68,65,False,False,True,3,0.27,0.18
travelplanner__315,travelplanner,196,segmented_choice,manager_agent,stay_agent,180,77,False,False,False,103,0.64,0.6
travelplanner__316,travelplanner,201,segmented_choice,Computer_terminal,manager_agent,6,198,False,False,False,192,0.61,0.16
travelplanner__317,travelplanner,199,segmented_choice,Task_Planner,transport_agent,40,5,False,False,False,35,0.6,0.32
travelplanner__318,travelplanner,131,segmented_choice,Task_Planner,manager_agent,110,124,False,False,False,14,0.82,0.39
travelplanner__319,travelplanner,169,segmented_choice,transport_agent,stay_agent,113,128,False,False,False,15,0.51,0.47
travelplanner__320,travelplanner,234,segmented_choice,stay_agent,food_attr_agent,178,134,False,False,False,44,0.4,0.3
travelplanner__321,travelplanner,210,segmented_choice,transport_agent,food_attr_agent,49,120,False,False,False,71,0.37,0.38
travelplanner__322,travelplanner,242,segmented_choice,transport_agent,transport_agent,44,5,True,False,False,39,0.43,0.24
travelplanner__323,travelplanner,210,segmented_choice,manager_agent,transport_agent,24,103,False,False,False,79,0.38,0.11
travelplanner__324,travelplanner,198,segmented_choice,manager_agent,manager_agent,191,110,True,False,False,81,0.67,0.19
travelplanner__325,travelplanner,234,segmented_choice,stay_agent,stay_agent,227,103,True,False,False,124,0.75,0.22
travelplanner__326,travelplanner,139,segmented_choice,food_attr_agent,stay_agent,107,56,False,False,False,51,0.57,0.2
travelplanner__327,travelplanner,198,segmented_choice,verifier_agent,manager_agent,183,188,False,False,True,5,0.79,0.17
travelplanner__328,travelplanner,170,segmented_choice,stay_agent,manager_agent,119,163,False,False,False,44,0.72,0.18
travelplanner__329,travelplanner,238,segmented_choice,stay_agent,manager_agent,84,85,False,False,True,1,0.59,0.23
travelplanner__330,travelplanner,31,segmented_choice,manager_agent,manager_agent,22,4,True,False,False,18,0.99,0.42
travelplanner__331,travelplanner,117,segmented_choice,stay_agent,stay_agent,106,48,True,False,False,58,0.85,0.34
travelplanner__332,travelplanner,23,full_context,manager_agent,manager_agent,4,14,True,False,False,10,0.76,0.39
travelplanner__333,travelplanner,135,segmented_choice,Computer_terminal,stay_agent,34,34,False,True,True,0,0.44,0.35
travelplanner__334,travelplanner,155,segmented_choice,stay_agent,stay_agent,44,43,True,False,True,1,0.75,0.21
travelplanner__335,travelplanner,162,segmented_choice,transport_agent,stay_agent,25,46,False,False,False,21,0.57,0.58
travelplanner__336,travelplanner,158,segmented_choice,verifier_agent,verifier_agent,151,13,True,False,False,138,0.34,0.42
travelplanner__337,travelplanner,100,segmented_choice,transport_agent,stay_agent,44,28,False,False,False,16,0.37,0.23
travelplanner__338,travelplanner,149,segmented_choice,manager_agent,food_attr_agent,142,36,False,False,False,106,0.32,0.26
travelplanner__339,travelplanner,151,segmented_choice,food_attr_agent,stay_agent,78,29,False,False,False,49,0.67,0.44
travelplanner__340,travelplanner,90,segmented_choice,manager_agent,manager_agent,81,9,True,False,False,72,0.38,0.34
travelplanner__341,travelplanner,113,segmented_choice,Task_Planner,manager_agent,32,106,False,False,False,74,0.79,0.32
travelplanner__342,travelplanner,92,segmented_choice,Computer_terminal,stay_agent,91,28,False,False,False,63,0.46,0.48
travelplanner__343,travelplanner,95,segmented_choice,stay_agent,manager_agent,64,88,False,False,False,24,0.49,0.16
travelplanner__344,travelplanner,103,segmented_choice,verifier_agent,stay_agent,96,28,False,False,False,68,0.74,0.39
travelplanner__345,travelplanner,113,segmented_choice,Task_Planner,manager_agent,41,43,False,False,True,2,0.75,0.15
travelplanner__346,travelplanner,184,segmented_choice,Task_Planner,manager_agent,53,6,False,False,False,47,0.43,0.2
travelplanner__347,travelplanner,122,segmented_choice,stay_agent,stay_agent,64,49,True,False,False,15,0.26,0.32
travelplanner__348,travelplanner,198,segmented_choice,stay_agent,stay_agent,149,67,True,False,False,82,0.93,0.23
travelplanner__349,travelplanner,146,segmented_choice,stay_agent,manager_agent,22,143,False,False,False,121,0.65,0.16
travelplanner__350,travelplanner,116,segmented_choice,Computer_terminal,manager_agent,21,113,False,False,False,92,0.6,0.29
travelplanner__351,travelplanner,147,segmented_choice,transport_agent,stay_agent,16,22,False,False,False,6,0.42,0.39
travelplanner__352,travelplanner,184,segmented_choice,verifier_agent,verifier_agent,126,17,True,False,False,109,0.7,0.4
travelplanner__353,travelplanner,70,segmented_choice,manager_agent,manager_agent,65,32,True,False,False,33,0.63,0.31
travelplanner__354,travelplanner,114,segmented_choice,manager_agent,stay_agent,111,26,False,False,False,85,0.34,0.23
travelplanner__355,travelplanner,207,segmented_choice,stay_agent,verifier_agent,110,182,False,False,False,72,0.33,0.08
travelplanner__356,travelplanner,202,segmented_choice,food_attr_agent,transport_agent,156,5,False,False,False,151,0.3,0.31
travelplanner__357,travelplanner,23,full_context,manager_agent,manager_agent,4,14,True,False,False,10,0.87,0.52
travelplanner__358,travelplanner,126,segmented_choice,transport_agent,verifier_agent,48,86,False,False,False,38,0.65,0.15
travelplanner__359,travelplanner,80,segmented_choice,manager_agent,manager_agent,67,73,True,False,False,6,0.76,0.28
travelplanner__360,travelplanner,133,segmented_choice,stay_agent,verifier_agent,57,57,False,True,True,0,0.58,0.26
travelplanner__361,travelplanner,130,segmented_choice,Task_Planner,verifier_agent,120,97,False,False,False,23,0.43,0.24
travelplanner__362,travelplanner,164,segmented_choice,manager_agent,manager_agent,145,7,True,False,False,138,0.77,0.56
travelplanner__363,travelplanner,138,segmented_choice,stay_agent,stay_agent,97,93,True,False,True,4,0.51,0.29
travelplanner__364,travelplanner,207,segmented_choice,stay_agent,stay_agent,204,200,True,False,True,4,0.74,0.16
travelplanner__365,travelplanner,83,segmented_choice,verifier_agent,stay_agent,80,37,False,False,False,43,0.59,0.19
travelplanner__366,travelplanner,128,segmented_choice,Task_Planner,manager_agent,1,63,False,False,False,62,0.55,0.25
travelplanner__367,travelplanner,74,segmented_choice,manager_agent,manager_agent,4,27,True,False,False,23,0.82,0.07
travelplanner__368,travelplanner,101,segmented_choice,manager_agent,manager_agent,94,72,True,False,False,22,0.4,0.51
travelplanner__369,travelplanner,344,segmented_choice,Computer_terminal,stay_agent,84,319,False,False,False,235,0.33,0.15
travelplanner__370,travelplanner,137,segmented_choice,verifier_agent,stay_agent,92,84,False,False,False,8,0.74,0.37
travelplanner__371,travelplanner,106,segmented_choice,manager_agent,manager_agent,94,65,True,False,False,29,0.42,0.27
travelplanner__372,travelplanner,175,segmented_choice,verifier_agent,stay_agent,166,70,False,False,False,96,0.43,0.34
travelplanner__373,travelplanner,109,segmented_choice,manager_agent,stay_agent,104,60,False,False,False,44,0.5,0.61
travelplanner__374,travelplanner,162,segmented_choice,verifier_agent,stay_agent,146,114,False,False,False,32,0.5,0.32
travelplanner__375,travelplanner,116,segmented_choice,verifier_agent,manager_agent,98,109,False,False,False,11,0.52,0.23
travelplanner__376,travelplanner,175,segmented_choice,transport_agent,manager_agent,82,82,False,True,True,0,0.56,0.52
travelplanner__377,travelplanner,182,segmented_choice,Task_Planner,food_attr_agent,77,35,False,False,False,42,0.33,0.17
travelplanner__378,travelplanner,33,full_context,manager_agent,manager_agent,24,24,True,True,True,0,0.91,0.39
travelplanner__379,travelplanner,215,segmented_choice,Computer_terminal,stay_agent,183,67,False,False,False,116,0.82,0.38
travelplanner__380,travelplanner,86,segmented_choice,Computer_terminal,stay_agent,45,49,False,False,True,4,0.69,0.53
travelplanner__381,travelplanner,19,full_context,manager_agent,manager_agent,7,14,True,False,False,7,0.92,0.49
travelplanner__382,travelplanner,156,segmented_choice,Computer_terminal,stay_agent,33,143,False,False,False,110,0.85,0.22
travelplanner__383,travelplanner,233,segmented_choice,verifier_agent,transport_agent,199,230,False,False,False,31,0.87,0.14
travelplanner__384,travelplanner,211,segmented_choice,Task_Planner,transport_agent,1,75,False,False,False,74,0.29,0.24
travelplanner__385,travelplanner,204,segmented_choice,manager_agent,manager_agent,7,5,True,False,True,2,0.49,0.5
travelplanner__386,travelplanner,231,segmented_choice,stay_agent,food_attr_agent,179,96,False,False,False,83,0.43,0.35
travelplanner__387,travelplanner,131,segmented_choice,Task_Planner,manager_agent,2,60,False,False,False,58,0.4,0.26
travelplanner__388,travelplanner,23,full_context,Task_Planner,manager_agent,3,14,False,False,False,11,0.84,0.38
travelplanner__389,travelplanner,213,segmented_choice,transport_agent,manager_agent,29,35,False,False,False,6,0.58,0.18
travelplanner__390,travelplanner,114,segmented_choice,Task_Planner,stay_agent,1,58,False,False,False,57,0.82,0.14
travelplanner__391,travelplanner,212,segmented_choice,Computer_terminal,stay_agent,93,92,False,False,True,1,0.38,0.25
travelplanner__392,travelplanner,250,segmented_choice,verifier_agent,stay_agent,247,153,False,False,False,94,0.73,0.69
travelplanner__393,travelplanner,182,segmented_choice,stay_agent,manager_agent,115,111,False,False,True,4,0.39,0.24
travelplanner__394,travelplanner,172,segmented_choice,stay_agent,stay_agent,125,125,True,True,True,0,0.67,0.18
travelplanner__395,travelplanner,31,full_context,manager_agent,manager_agent,26,26,True,True,True,0,0.9,0.31
travelplanner__396,travelplanner,190,segmented_choice,manager_agent,stay_agent,187,40,False,False,False,147,0.45,0.27
travelplanner__397,travelplanner,16,full_context,manager_agent,manager_agent,11,13,True,False,True,2,0.9,0.28
travelplanner__398,travelplanner,201,segmented_choice,Task_Planner,verifier_agent,191,77,False,False,False,114,0.43,0.1
travelplanner__399,travelplanner,199,segmented_choice,manager_agent,stay_agent,190,89,False,False,False,101,0.63,0.63
travelplanner__400,travelplanner,247,segmented_choice,stay_agent,stay_agent,115,117,True,False,True,2,0.65,0.52
travelplanner__401,travelplanner,193,segmented_choice,transport_agent,verifier_agent,20,14,False,False,False,6,0.3,0.23
travelplanner__402,travelplanner,191,segmented_choice,stay_agent,manager_agent,79,72,False,False,False,7,0.58,0.21
travelplanner__403,travelplanner,32,segmented_choice,manager_agent,manager_agent,23,1,True,False,False,22,0.85,0.2
travelplanner__404,travelplanner,195,segmented_choice,Task_Planner,stay_agent,185,113,False,False,False,72,0.63,0.31
travelplanner__405,travelplanner,197,segmented_choice,stay_agent,stay_agent,82,82,True,True,True,0,0.36,0.26
travelplanner__406,travelplanner,130,segmented_choice,transport_agent,manager_agent,32,123,False,False,False,91,0.71,0.16
travelplanner__407,travelplanner,111,segmented_choice,stay_agent,stay_agent,91,32,True,False,False,59,0.86,0.25
travelplanner__408,travelplanner,149,segmented_choice,food_attr_agent,stay_agent,146,41,False,False,False,105,0.56,0.32
travelplanner__409,travelplanner,87,segmented_choice,verifier_agent,stay_agent,66,27,False,False,False,39,0.56,0.6
travelplanner__410,travelplanner,120,segmented_choice,transport_agent,verifier_agent,26,22,False,False,True,4,0.51,0.27
travelplanner__411,travelplanner,173,segmented_choice,stay_agent,stay_agent,44,43,True,False,True,1,0.42,0.48
travelplanner__412,travelplanner,82,segmented_choice,manager_agent,stay_agent,79,30,False,False,False,49,0.57,0.46
travelplanner__413,travelplanner,124,segmented_choice,manager_agent,manager_agent,85,44,True,False,False,41,0.63,0.15
travelplanner__414,travelplanner,97,segmented_choice,manager_agent,stay_agent,86,52,False,False,False,34,0.45,0.22
travelplanner__415,travelplanner,209,segmented_choice,manager_agent,stay_agent,202,24,False,False,False,178,0.59,0.24
travelplanner__416,travelplanner,88,segmented_choice,Computer_terminal,stay_agent,45,46,False,False,True,1,0.59,0.22
travelplanner__417,travelplanner,69,segmented_choice,stay_agent,stay_agent,20,15,True,False,True,5,0.41,0.35
travelplanner__418,travelplanner,122,segmented_choice,stay_agent,stay_agent,50,21,True,False,False,29,0.55,0.28
travelplanner__419,travelplanner,73,segmented_choice,verifier_agent,stay_agent,70,24,False,False,False,46,0.45,0.4
travelplanner__420,travelplanner,53,segmented_choice,manager_agent,manager_agent,43,32,True,False,False,11,0.45,0.21
travelplanner__421,travelplanner,222,segmented_choice,Computer_terminal,stay_agent,111,111,False,True,True,0,0.69,0.22
travelplanner__422,travelplanner,166,segmented_choice,stay_agent,stay_agent,111,111,True,True,True,0,0.72,0.34
travelplanner__423,travelplanner,268,segmented_choice,Task_Planner,stay_agent,74,137,False,False,False,63,0.46,0.19
travelplanner__424,travelplanner,122,segmented_choice,stay_agent,stay_agent,119,100,True,False,False,19,0.69,0.29
travelplanner__425,travelplanner,71,segmented_choice,transport_agent,manager_agent,34,58,False,False,False,24,0.92,0.3
travelplanner__426,travelplanner,149,segmented_choice,stay_agent,stay_agent,53,48,True,False,True,5,0.75,0.2
travelplanner__427,travelplanner,288,segmented_choice,manager_agent,manager_agent,267,106,True,False,False,161,0.78,0.64
travelplanner__428,travelplanner,210,segmented_choice,Computer_terminal,manager_agent,49,79,False,False,False,30,0.69,0.26
travelplanner__429,travelplanner,225,segmented_choice,stay_agent,stay_agent,131,108,True,False,False,23,0.92,0.35
travelplanner__430,travelplanner,161,segmented_choice,manager_agent,stay_agent,79,154,False,False,False,75,0.54,0.17
travelplanner__431,travelplanner,186,segmented_choice,Task_Planner,manager_agent,180,53,False,False,False,127,0.53,0.42
travelplanner__432,travelplanner,183,segmented_choice,manager_agent,manager_agent,174,43,True,False,False,131,0.65,0.24
travelplanner__433,travelplanner,222,segmented_choice,stay_agent,verifier_agent,53,48,False,False,True,5,0.37,0.23
travelplanner__434,travelplanner,108,segmented_choice,manager_agent,manager_agent,93,9,True,False,False,84,0.53,0.23
travelplanner__435,travelplanner,145,segmented_choice,verifier_agent,stay_agent,142,84,False,False,False,58,0.45,0.28
travelplanner__436,travelplanner,216,segmented_choice,manager_agent,stay_agent,213,92,False,False,False,121,0.43,0.21
travelplanner__437,travelplanner,157,segmented_choice,food_attr_agent,manager_agent,133,34,False,False,False,99,0.4,0.15
travelplanner__438,travelplanner,112,segmented_choice,verifier_agent,stay_agent,105,59,False,False,False,46,0.34,0.43
travelplanner__439,travelplanner,184,segmented_choice,manager_agent,manager_agent,181,8,True,False,False,173,0.95,0.1
travelplanner__440,travelplanner,130,segmented_choice,Task_Planner,stay_agent,82,61,False,False,False,21,0.66,0.39
travelplanner__441,travelplanner,88,segmented_choice,Task_Planner,manager_agent,56,5,False,False,False,51,0.48,0.31
travelplanner__442,travelplanner,248,segmented_choice,stay_agent,verifier_agent,226,214,False,False,False,12,0.62,0.33
travelplanner__443,travelplanner,110,segmented_choice,Computer_terminal,stay_agent,57,61,False,False,True,4,0.52,0.2
travelplanner__444,travelplanner,132,segmented_choice,Computer_terminal,manager_agent,30,78,False,False,False,48,0.76,0.23
travelplanner__445,travelplanner,117,segmented_choice,stay_agent,verifier_agent,74,73,False,False,True,1,0.36,0.54
travelplanner__446,travelplanner,71,segmented_choice,stay_agent,verifier_agent,42,42,False,True,True,0,0.36,0.51
travelplanner__447,travelplanner,132,segmented_choice,verifier_agent,stay_agent,129,73,False,False,False,56,0.38,0.45
travelplanner__448,travelplanner,206,segmented_choice,Task_Planner,verifier_agent,38,84,False,False,False,46,0.41,0.16
travelplanner__449,travelplanner,171,segmented_choice,stay_agent,stay_agent,155,102,True,False,False,53,0.86,0.16
travelplanner__450,travelplanner,147,segmented_choice,manager_agent,manager_agent,137,140,True,False,True,3,0.74,0.21
travelplanner__451,travelplanner,200,segmented_choice,manager_agent,manager_agent,194,160,True,False,False,34,0.28,0.24
travelplanner__452,travelplanner,200,segmented_choice,stay_agent,stay_agent,136,173,True,False,False,37,0.69,0.5
travelplanner__453,travelplanner,177,segmented_choice,food_attr_agent,stay_agent,174,86,False,False,False,88,0.38,0.18
travelplanner__454,travelplanner,125,segmented_choice,manager_agent,transport_agent,4,77,False,False,False,73,0.53,0.38
travelplanner__455,travelplanner,195,segmented_choice,food_attr_agent,transport_agent,149,41,False,False,False,108,0.58,0.09
travelplanner__456,travelplanner,134,segmented_choice,stay_agent,stay_agent,88,59,True,False,False,29,0.28,0.31
travelplanner__457,travelplanner,231,segmented_choice,stay_agent,stay_agent,114,98,True,False,False,16,0.57,0.2
travelplanner__458,travelplanner,162,segmented_choice,stay_agent,manager_agent,84,148,False,False,False,64,0.78,0.25
travelplanner__459,travelplanner,218,segmented_choice,stay_agent,stay_agent,215,0,True,False,False,215,0.58,0.32
travelplanner__460,travelplanner,174,segmented_choice,transport_agent,verifier_agent,110,134,False,False,False,24,0.52,0.27
travelplanner__461,travelplanner,179,segmented_choice,verifier_agent,verifier_agent,172,154,True,False,False,18,0.54,0.13
travelplanner__462,travelplanner,172,segmented_choice,manager_agent,manager_agent,169,75,True,False,False,94,0.42,0.24
travelplanner__463,travelplanner,165,segmented_choice,Task_Planner,stay_agent,2,102,False,False,False,100,0.92,0.28
travelplanner__464,travelplanner,95,segmented_choice,transport_agent,manager_agent,64,1,False,False,False,63,0.52,0.12
travelplanner__465,travelplanner,179,segmented_choice,Computer_terminal,stay_agent,86,62,False,False,False,24,0.86,0.27
travelplanner__466,travelplanner,135,segmented_choice,stay_agent,stay_agent,40,40,True,True,True,0,0.41,0.52
travelplanner__467,travelplanner,23,segmented_choice,Task_Planner,manager_agent,2,16,False,False,False,14,0.92,0.38
travelplanner__468,travelplanner,59,segmented_choice,manager_agent,manager_agent,50,52,True,False,True,2,0.92,0.51
travelplanner__469,travelplanner,143,segmented_choice,stay_agent,manager_agent,55,55,False,True,True,0,0.58,0.41
travelplanner__470,travelplanner,144,segmented_choice,manager_agent,manager_agent,135,87,True,False,False,48,0.41,0.41
travelplanner__471,travelplanner,93,segmented_choice,stay_agent,manager_agent,44,44,False,True,True,0,0.59,0.24
travelplanner__472,travelplanner,165,segmented_choice,Computer_terminal,manager_agent,84,122,False,False,False,38,0.58,0.17
travelplanner__473,travelplanner,364,segmented_choice,stay_agent,stay_agent,343,343,True,True,True,0,0.38,0.11
travelplanner__474,travelplanner,141,segmented_choice,verifier_agent,food_attr_agent,71,36,False,False,False,35,0.41,0.27
travelplanner__475,travelplanner,106,segmented_choice,manager_agent,manager_agent,100,82,True,False,False,18,0.32,0.49
travelplanner__476,travelplanner,174,segmented_choice,stay_agent,stay_agent,89,81,True,False,False,8,0.85,0.14
travelplanner__477,travelplanner,173,segmented_choice,Computer_terminal,manager_agent,36,36,False,True,True,0,0.43,0.41
travelplanner__478,travelplanner,172,segmented_choice,food_attr_agent,manager_agent,169,32,False,False,False,137,0.35,0.3
travelplanner__479,travelplanner,197,segmented_choice,food_attr_agent,manager_agent,189,65,False,False,False,124,0.31,0.22
travelplanner__480,travelplanner,95,segmented_choice,transport_agent,transport_agent,59,22,True,False,False,37,0.91,0.28
travelplanner__481,travelplanner,152,segmented_choice,transport_agent,stay_agent,139,87,False,False,False,52,0.51,0.38
travelplanner__482,travelplanner,183,segmented_choice,manager_agent,stay_agent,180,43,False,False,False,137,0.38,0.2
travelplanner__483,travelplanner,105,segmented_choice,stay_agent,stay_agent,54,37,True,False,False,17,0.64,0.49
travelplanner__484,travelplanner,141,segmented_choice,verifier_agent,stay_agent,137,49,False,False,False,88,0.6,0.62
travelplanner__485,travelplanner,175,segmented_choice,Computer_terminal,transport_agent,123,93,False,False,False,30,0.76,0.42
travelplanner__486,travelplanner,240,segmented_choice,food_attr_agent,manager_agent,180,45,False,False,False,135,0.45,0.38
travelplanner__487,travelplanner,177,segmented_choice,stay_agent,stay_agent,52,143,True,False,False,91,0.62,0.43
travelplanner__488,travelplanner,153,segmented_choice,verifier_agent,Task_Planner,150,73,False,False,False,77,0.56,0.67
travelplanner__489,travelplanner,220,segmented_choice,Computer_terminal,stay_agent,125,125,False,True,True,0,0.33,0.18
travelplanner__490,travelplanner,294,segmented_choice,manager_agent,manager_agent,277,75,True,False,False,202,0.58,0.2
travelplanner__491,travelplanner,173,segmented_choice,manager_agent,manager_agent,165,75,True,False,False,90,0.43,0.27
travelplanner__492,travelplanner,157,segmented_choice,Task_Planner,transport_agent,93,67,False,False,False,26,0.9,0.65
travelplanner__493,travelplanner,128,segmented_choice,transport_agent,transport_agent,125,116,True,False,False,9,0.56,0.31
travelplanner__494,travelplanner,89,segmented_choice,transport_agent,transport_agent,77,81,True,False,True,4,0.75,0.32
travelplanner__495,travelplanner,72,segmented_choice,Task_Planner,transport_agent,1,1,False,True,True,0,0.68,0.08
travelplanner__496,travelplanner,151,segmented_choice,manager_agent,manager_agent,148,49,True,False,False,99,0.35,0.11
travelplanner__497,travelplanner,230,segmented_choice,Task_Planner,transport_agent,1,108,False,False,False,107,0.69,0.37
travelplanner__498,travelplanner,172,segmented_choice,transport_agent,transport_agent,165,31,True,False,False,134,0.92,0.53
travelplanner__499,travelplanner,121,segmented_choice,Task_Planner,stay_agent,2,72,False,False,False,70,0.51,0.35
travelplanner__500,travelplanner,192,segmented_choice,stay_agent,transport_agent,189,8,False,False,False,181,0.52,0.79
travelplanner__501,travelplanner,38,full_context,Task_Planner,transport_agent,2,31,False,False,False,29,0.9,0.47
travelplanner__502,travelplanner,216,segmented_choice,Task_Planner,manager_agent,143,106,False,False,False,37,0.4,0.43
travelplanner__503,travelplanner,115,segmented_choice,transport_agent,transport_agent,103,103,True,True,True,0,0.81,0.28
travelplanner__504,travelplanner,89,segmented_choice,transport_agent,transport_agent,77,85,True,False,False,8,0.85,0.17
travelplanner__505,travelplanner,183,segmented_choice,stay_agent,verifier_agent,77,51,False,False,False,26,0.59,0.11
travelplanner__506,travelplanner,194,segmented_choice,stay_agent,transport_agent,38,9,False,False,False,29,0.4,0.58
travelplanner__507,travelplanner,158,segmented_choice,stay_agent,manager_agent,104,101,False,False,True,3,0.56,0.41
travelplanner__508,travelplanner,124,segmented_choice,transport_agent,transport_agent,111,112,True,False,True,1,0.88,0.16
travelplanner__509,travelplanner,335,segmented_choice,transport_agent,manager_agent,227,235,False,False,False,8,0.21,0.32
travelplanner__510,travelplanner,83,segmented_choice,Task_Planner,transport_agent,72,71,False,False,True,1,0.75,0.47
travelplanner__511,travelplanner,88,segmented_choice,Task_Planner,transport_agent,2,81,False,False,False,79,0.76,0.32
travelplanner__512,travelplanner,198,segmented_choice,Computer_terminal,stay_agent,82,121,False,False,False,39,0.35,0.47
travelplanner__513,travelplanner,236,segmented_choice,Computer_terminal,stay_agent,113,112,False,False,True,1,0.58,0.24
travelplanner__514,travelplanner,153,segmented_choice,verifier_agent,transport_agent,150,46,False,False,False,104,0.49,0.83
travelplanner__515,travelplanner,60,segmented_choice,Task_Planner,transport_agent,2,57,False,False,False,55,0.9,0.08
travelplanner__516,travelplanner,166,segmented_choice,Computer_terminal,stay_agent,37,37,False,True,True,0,0.6,0.41
travelplanner__517,travelplanner,174,segmented_choice,transport_agent,stay_agent,57,80,False,False,False,23,0.32,0.61
travelplanner__518,travelplanner,176,segmented_choice,Task_Planner,verifier_agent,50,141,False,False,False,91,0.61,0.17
travelplanner__519,travelplanner,140,segmented_choice,Task_Planner,manager_agent,132,106,False,False,False,26,0.45,0.18
travelplanner__520,travelplanner,61,segmented_choice,transport_agent,transport_agent,49,49,True,True,True,0,0.33,0.22
travelplanner__521,travelplanner,158,segmented_choice,stay_agent,stay_agent,136,132,True,False,True,4,0.66,0.35
travelplanner__522,travelplanner,118,segmented_choice,manager_agent,stay_agent,107,44,False,False,False,63,0.59,0.32
travelplanner__523,travelplanner,179,segmented_choice,manager_agent,manager_agent,167,81,True,False,False,86,0.21,0.26
travelplanner__524,travelplanner,97,segmented_choice,stay_agent,manager_agent,40,88,False,False,False,48,0.71,0.23
travelplanner__525,travelplanner,216,segmented_choice,stay_agent,stay_agent,70,64,True,False,False,6,0.53,0.34
travelplanner__526,travelplanner,106,segmented_choice,food_attr_agent,stay_agent,103,75,False,False,False,28,0.49,0.27
travelplanner__527,travelplanner,207,segmented_choice,manager_agent,stay_agent,167,32,False,False,False,135,0.41,0.31
travelplanner__528,travelplanner,162,segmented_choice,transport_agent,manager_agent,45,134,False,False,False,89,0.6,0.19
travelplanner__529,travelplanner,88,segmented_choice,food_attr_agent,food_attr_agent,70,80,True,False,False,10,0.66,0.63
travelplanner__530,travelplanner,136,segmented_choice,Task_Planner,stay_agent,1,52,False,False,False,51,0.55,0.74
travelplanner__531,travelplanner,187,segmented_choice,verifier_agent,stay_agent,184,49,False,False,False,135,0.65,0.23
travelplanner__532,travelplanner,157,segmented_choice,manager_agent,manager_agent,148,149,True,False,True,1,0.31,0.33
travelplanner__533,travelplanner,150,segmented_choice,manager_agent,manager_agent,147,141,True,False,False,6,0.57,0.17
travelplanner__534,travelplanner,202,segmented_choice,manager_agent,food_attr_agent,199,147,False,False,False,52,0.34,0.55
travelplanner__535,travelplanner,169,segmented_choice,manager_agent,stay_agent,22,35,False,False,False,13,0.71,0.83
travelplanner__536,travelplanner,127,segmented_choice,food_attr_agent,food_attr_agent,123,114,True,False,False,9,0.83,0.71
travelplanner__537,travelplanner,150,segmented_choice,manager_agent,manager_agent,147,26,True,False,False,121,0.54,0.17
travelplanner__538,travelplanner,181,segmented_choice,Task_Planner,manager_agent,82,40,False,False,False,42,0.63,0.17
travelplanner__539,travelplanner,159,segmented_choice,manager_agent,manager_agent,156,27,True,False,False,129,0.55,0.1
travelplanner__540,travelplanner,123,segmented_choice,Task_Planner,food_attr_agent,107,104,False,False,True,3,0.65,0.55
travelplanner__541,travelplanner,150,segmented_choice,transport_agent,food_attr_agent,37,37,False,True,True,0,0.67,0.18
travelplanner__542,travelplanner,169,segmented_choice,manager_agent,manager_agent,159,165,True,False,False,6,0.74,0.22
travelplanner__543,travelplanner,268,segmented_choice,food_attr_agent,manager_agent,118,199,False,False,False,81,0.39,0.57
travelplanner__544,travelplanner,193,segmented_choice,food_attr_agent,manager_agent,116,190,False,False,False,74,0.59,0.27
travelplanner__545,travelplanner,151,segmented_choice,transport_agent,food_attr_agent,55,144,False,False,False,89,0.4,0.16
travelplanner__546,travelplanner,174,segmented_choice,manager_agent,manager_agent,170,4,True,False,False,166,0.62,0.22
travelplanner__547,travelplanner,214,segmented_choice,food_attr_agent,verifier_agent,188,43,False,False,False,145,0.26,0.19
travelplanner__548,travelplanner,120,segmented_choice,Task_Planner,Task_Planner,86,118,True,False,False,32,0.72,0.21
travelplanner__549,travelplanner,174,segmented_choice,transport_agent,food_attr_agent,44,111,False,False,False,67,0.57,0.31
travelplanner__550,travelplanner,154,segmented_choice,transport_agent,manager_agent,64,135,False,False,False,71,0.42,0.17
travelplanner__551,travelplanner,192,segmented_choice,manager_agent,food_attr_agent,188,121,False,False,False,67,0.5,0.48
travelplanner__552,travelplanner,156,segmented_choice,transport_agent,stay_agent,25,102,False,False,False,77,0.22,0.39
travelplanner__553,travelplanner,178,segmented_choice,stay_agent,food_attr_agent,97,84,False,False,False,13,0.52,0.28
travelplanner__554,travelplanner,105,segmented_choice,food_attr_agent,food_attr_agent,102,48,True,False,False,54,0.39,0.22
travelplanner__555,travelplanner,169,segmented_choice,food_attr_agent,food_attr_agent,134,99,True,False,False,35,0.7,0.27
travelplanner__556,travelplanner,161,segmented_choice,food_attr_agent,food_attr_agent,76,125,True,False,False,49,0.75,0.14
travelplanner__557,travelplanner,199,segmented_choice,transport_agent,manager_agent,51,195,False,False,False,144,0.53,0.09
travelplanner__558,travelplanner,222,segmented_choice,manager_agent,food_attr_agent,20,63,False,False,False,43,0.52,0.26
travelplanner__559,travelplanner,136,segmented_choice,manager_agent,manager_agent,129,114,True,False,False,15,0.74,0.09
travelplanner__560,travelplanner,112,segmented_choice,transport_agent,stay_agent,12,48,False,False,False,36,0.58,0.39
travelplanner__561,travelplanner,204,segmented_choice,transport_agent,stay_agent,19,173,False,False,False,154,0.43,0.21
travelplanner__562,travelplanner,298,segmented_choice,transport_agent,transport_agent,48,125,True,False,False,77,0.46,0.52
travelplanner__563,travelplanner,243,segmented_choice,manager_agent,manager_agent,240,150,True,False,False,90,0.44,0.34
travelplanner__564,travelplanner,185,segmented_choice,food_attr_agent,manager_agent,155,69,False,False,False,86,0.39,0.28
travelplanner__565,travelplanner,192,segmented_choice,Task_Planner,manager_agent,66,164,False,False,False,98,0.59,0.4
travelplanner__566,travelplanner,247,segmented_choice,transport_agent,stay_agent,56,143,False,False,False,87,0.4,0.35
travelplanner__567,travelplanner,194,segmented_choice,food_attr_agent,food_attr_agent,151,65,True,False,False,86,0.53,0.26
travelplanner__568,travelplanner,294,segmented_choice,manager_agent,manager_agent,291,67,True,False,False,224,0.53,0.57
travelplanner__569,travelplanner,26,full_context,manager_agent,manager_agent,20,20,True,True,True,0,0.9,0.64
travelplanner__570,travelplanner,266,segmented_choice,stay_agent,manager_agent,90,26,False,False,False,64,0.41,0.17
travelplanner__571,travelplanner,192,segmented_choice,Task_Planner,transport_agent,30,62,False,False,False,32,0.59,0.35
travelplanner__572,travelplanner,254,segmented_choice,stay_agent,manager_agent,148,132,False,False,False,16,0.45,0.35
travelplanner__573,travelplanner,211,segmented_choice,stay_agent,manager_agent,66,187,False,False,False,121,0.75,0.16
travelplanner__574,travelplanner,30,full_context,manager_agent,manager_agent,24,26,True,False,True,2,0.96,0.59
travelplanner__575,travelplanner,271,segmented_choice,manager_agent,manager_agent,25,258,True,False,False,233,0.9,0.14
travelplanner__576,travelplanner,214,segmented_choice,transport_agent,manager_agent,210,68,False,False,False,142,0.19,0.39
travelplanner__577,travelplanner,163,segmented_choice,stay_agent,manager_agent,73,79,False,False,False,6,0.63,0.27
travelplanner__578,travelplanner,257,segmented_choice,stay_agent,verifier_agent,107,206,False,False,False,99,0.43,0.58
travelplanner__579,travelplanner,235,segmented_choice,stay_agent,verifier_agent,125,213,False,False,False,88,0.32,0.28
travelplanner__580,travelplanner,264,segmented_choice,manager_agent,stay_agent,29,48,False,False,False,19,0.47,0.32
travelplanner__581,travelplanner,334,segmented_choice,verifier_agent,manager_agent,160,326,False,False,False,166,0.39,0.13
travelplanner__582,travelplanner,234,segmented_choice,Task_Planner,stay_agent,224,74,False,False,False,150,0.26,0.31
travelplanner__583,travelplanner,166,segmented_choice,stay_agent,manager_agent,74,138,False,False,False,64,0.84,0.2
travelplanner__584,travelplanner,180,segmented_choice,verifier_agent,manager_agent,177,10,False,False,False,167,0.4,0.53
travelplanner__585,travelplanner,158,segmented_choice,verifier_agent,verifier_agent,49,49,True,True,True,0,0.52,0.25
travelplanner__586,travelplanner,148,segmented_choice,transport_agent,verifier_agent,61,81,False,False,False,20,0.44,0.08
travelplanner__587,travelplanner,166,segmented_choice,verifier_agent,manager_agent,57,19,False,False,False,38,0.79,0.27
travelplanner__588,travelplanner,436,segmented_choice,food_attr_agent,manager_agent,115,84,False,False,False,31,0.51,0.32
travelplanner__589,travelplanner,84,segmented_choice,manager_agent,manager_agent,27,11,True,False,False,16,0.43,0.51
travelplanner__590,travelplanner,79,segmented_choice,Task_Planner,manager_agent,51,71,False,False,False,20,0.78,0.17
travelplanner__591,travelplanner,513,segmented_choice,stay_agent,Task_Planner,42,420,False,False,False,378,0.36,0.46
travelplanner__592,travelplanner,30,full_context,manager_agent,manager_agent,22,24,True,False,True,2,0.84,0.44
travelplanner__593,travelplanner,265,segmented_choice,manager_agent,manager_agent,175,111,True,False,False,64,0.35,0.35
travelplanner__594,travelplanner,40,segmented_choice,manager_agent,manager_agent,32,11,True,False,False,21,0.96,0.6
travelplanner__595,travelplanner,157,segmented_choice,manager_agent,Task_Planner,96,96,False,True,True,0,0.35,0.34
travelplanner__596,travelplanner,126,segmented_choice,food_attr_agent,food_attr_agent,122,109,True,False,False,13,0.65,0.34
travelplanner__597,travelplanner,144,segmented_choice,food_attr_agent,manager_agent,115,132,False,False,False,17,0.9,0.58
travelplanner__598,travelplanner,77,segmented_choice,manager_agent,manager_agent,20,69,True,False,False,49,0.95,0.67
travelplanner__599,travelplanner,27,full_context,manager_agent,manager_agent,20,23,True,False,True,3,0.75,0.39
travelplanner__600,travelplanner,48,segmented_choice,manager_agent,manager_agent,12,12,True,True,True,0,0.95,0.49
travelplanner__601,travelplanner,169,segmented_choice,manager_agent,manager_agent,165,131,True,False,False,34,0.38,0.41
travelplanner__602,travelplanner,93,segmented_choice,manager_agent,stay_agent,90,41,False,False,False,49,0.37,0.25
travelplanner__603,travelplanner,135,segmented_choice,manager_agent,manager_agent,131,57,True,False,False,74,0.39,0.31
travelplanner__604,travelplanner,96,segmented_choice,Task_Planner,manager_agent,1,33,False,False,False,32,0.53,0.22
travelplanner__605,travelplanner,97,segmented_choice,transport_agent,manager_agent,39,94,False,False,False,55,0.78,0.48
travelplanner__606,travelplanner,53,segmented_choice,manager_agent,manager_agent,20,21,True,False,True,1,0.92,0.55
travelplanner__607,travelplanner,126,segmented_choice,food_attr_agent,manager_agent,65,0,False,False,False,65,0.59,0.15
travelplanner__608,travelplanner,166,segmented_choice,manager_agent,Task_Planner,162,87,False,False,False,75,0.39,0.56
travelplanner__609,travelplanner,276,segmented_choice,verifier_agent,stay_agent,257,42,False,False,False,215,0.25,0.36
travelplanner__610,travelplanner,59,segmented_choice,manager_agent,manager_agent,13,14,True,False,True,1,0.95,0.49
travelplanner__611,travelplanner,168,segmented_choice,Computer_terminal,verifier_agent,79,149,False,False,False,70,0.45,0.4
travelplanner__612,travelplanner,198,segmented_choice,transport_agent,Task_Planner,39,39,False,True,True,0,0.37,0.34
travelplanner__613,travelplanner,141,segmented_choice,stay_agent,stay_agent,67,67,True,True,True,0,0.63,0.48
travelplanner__614,travelplanner,277,segmented_choice,transport_agent,transport_agent,72,232,True,False,False,160,0.29,0.23
travelplanner__615,travelplanner,208,segmented_choice,manager_agent,stay_agent,205,136,False,False,False,69,0.35,0.06
travelplanner__616,travelplanner,33,segmented_choice,manager_agent,manager_agent,22,29,True,False,False,7,0.95,0.46
travelplanner__617,travelplanner,184,segmented_choice,manager_agent,manager_agent,172,150,True,False,False,22,0.49,0.33
travelplanner__618,travelplanner,187,segmented_choice,stay_agent,manager_agent,98,82,False,False,False,16,0.49,0.31
travelplanner__619,travelplanner,230,segmented_choice,stay_agent,stay_agent,59,59,True,True,True,0,0.44,0.3
travelplanner__620,travelplanner,32,segmented_choice,manager_agent,manager_agent,26,28,True,False,True,2,0.91,0.75
travelplanner__621,travelplanner,145,segmented_choice,stay_agent,manager_agent,59,72,False,False,False,13,0.46,0.26
travelplanner__622,travelplanner,78,segmented_choice,manager_agent,manager_agent,23,23,True,True,True,0,0.91,0.21
travelplanner__623,travelplanner,190,segmented_choice,stay_agent,stay_agent,181,82,True,False,False,99,0.61,0.43
travelplanner__624,travelplanner,104,segmented_choice,transport_agent,manager_agent,53,0,False,False,False,53,0.68,0.21
travelplanner__625,travelplanner,252,segmented_choice,transport_agent,stay_agent,249,93,False,False,False,156,0.44,0.54
travelplanner__626,travelplanner,133,segmented_choice,manager_agent,manager_agent,129,79,True,False,False,50,0.31,0.07
travelplanner__627,travelplanner,48,segmented_choice,manager_agent,manager_agent,11,44,True,False,False,33,0.97,0.2
travelplanner__628,travelplanner,54,segmented_choice,manager_agent,manager_agent,22,0,True,False,False,22,0.82,0.26
travelplanner__629,travelplanner,186,segmented_choice,stay_agent,manager_agent,99,168,False,False,False,69,0.53,0.1
travelplanner__630,travelplanner,317,segmented_choice,manager_agent,food_attr_agent,310,213,False,False,False,97,0.39,0.43
travelplanner__631,travelplanner,150,segmented_choice,manager_agent,manager_agent,113,113,True,True,True,0,0.33,0.31
travelplanner__632,travelplanner,247,segmented_choice,stay_agent,manager_agent,33,233,False,False,False,200,0.46,0.22
travelplanner__633,travelplanner,242,segmented_choice,verifier_agent,verifier_agent,238,238,True,True,True,0,0.32,0.04
travelplanner__634,travelplanner,240,segmented_choice,stay_agent,stay_agent,223,113,True,False,False,110,0.94,0.39
travelplanner__635,travelplanner,524,segmented_choice,verifier_agent,stay_agent,521,149,False,False,False,372,0.31,0.27
travelplanner__636,travelplanner,61,segmented_choice,manager_agent,manager_agent,54,55,True,False,True,1,0.95,0.6
travelplanner__637,travelplanner,142,segmented_choice,manager_agent,manager_agent,139,13,True,False,False,126,0.68,0.45
travelplanner__638,travelplanner,182,segmented_choice,manager_agent,manager_agent,14,178,True,False,False,164,0.45,0.24
travelplanner__639,travelplanner,204,segmented_choice,manager_agent,stay_agent,200,95,False,False,False,105,0.73,0.32
travelplanner__640,travelplanner,205,segmented_choice,stay_agent,stay_agent,108,194,True,False,False,86,0.85,0.3
travelplanner__641,travelplanner,111,segmented_choice,manager_agent,manager_agent,105,107,True,False,True,2,0.84,0.19
travelplanner__642,travelplanner,394,segmented_choice,transport_agent,food_attr_agent,45,167,False,False,False,122,0.37,0.36
travelplanner__643,travelplanner,178,segmented_choice,verifier_agent,manager_agent,161,161,False,True,True,0,0.37,0.49
travelplanner__644,travelplanner,68,segmented_choice,manager_agent,manager_agent,30,60,True,False,False,30,0.99,0.12
travelplanner__645,travelplanner,216,segmented_choice,stay_agent,Task_Planner,130,104,False,False,False,26,0.23,0.12
travelplanner__646,travelplanner,116,segmented_choice,Task_Planner,stay_agent,65,104,False,False,False,39,0.49,0.22
travelplanner__647,travelplanner,55,segmented_choice,Task_Planner,stay_agent,49,51,False,False,True,2,0.6,0.14
travelplanner__648,travelplanner,193,segmented_choice,verifier_agent,verifier_agent,190,76,True,False,False,114,0.27,0.41
travelplanner__649,travelplanner,181,segmented_choice,food_attr_agent,food_attr_agent,177,121,True,False,False,56,0.27,0.24
travelplanner__650,travelplanner,110,segmented_choice,Computer_terminal,manager_agent,41,44,False,False,True,3,0.58,0.05
travelplanner__651,travelplanner,158,segmented_choice,Task_Planner,food_attr_agent,1,139,False,False,False,138,0.83,0.22
travelplanner__652,travelplanner,199,segmented_choice,Task_Planner,transport_agent,2,68,False,False,False,66,0.47,0.29
travelplanner__653,travelplanner,210,segmented_choice,manager_agent,manager_agent,88,36,True,False,False,52,0.57,0.12
travelplanner__654,travelplanner,171,segmented_choice,stay_agent,transport_agent,89,33,False,False,False,56,0.41,0.5
travelplanner__655,travelplanner,183,segmented_choice,manager_agent,manager_agent,169,14,True,False,False,155,0.4,0.46
travelplanner__656,travelplanner,136,segmented_choice,food_attr_agent,Task_Planner,124,58,False,False,False,66,0.43,0.1
travelplanner__657,travelplanner,181,segmented_choice,stay_agent,stay_agent,125,36,True,False,False,89,0.29,0.45
travelplanner__658,travelplanner,146,segmented_choice,manager_agent,manager_agent,142,121,True,False,False,21,0.54,0.18
travelplanner__659,travelplanner,176,segmented_choice,verifier_agent,manager_agent,55,32,False,False,False,23,0.21,0.51
travelplanner__660,travelplanner,148,segmented_choice,manager_agent,manager_agent,78,144,True,False,False,66,0.73,0.29
travelplanner__661,travelplanner,290,segmented_choice,Task_Planner,manager_agent,115,281,False,False,False,166,0.67,0.12
travelplanner__662,travelplanner,163,segmented_choice,manager_agent,manager_agent,161,70,True,False,False,91,0.6,0.39
travelplanner__663,travelplanner,136,segmented_choice,manager_agent,manager_agent,130,69,True,False,False,61,0.45,0.26
travelplanner__664,travelplanner,94,segmented_choice,Task_Planner,stay_agent,88,74,False,False,False,14,0.62,0.14
travelplanner__665,travelplanner,252,segmented_choice,manager_agent,stay_agent,230,88,False,False,False,142,0.41,0.37
travelplanner__666,travelplanner,125,segmented_choice,stay_agent,food_attr_agent,55,8,False,False,False,47,0.54,0.25
travelplanner__667,travelplanner,189,segmented_choice,verifier_agent,stay_agent,186,23,False,False,False,163,0.42,0.46
travelplanner__668,travelplanner,92,segmented_choice,food_attr_agent,stay_agent,89,25,False,False,False,64,0.35,0.38
travelplanner__669,travelplanner,158,segmented_choice,stay_agent,food_attr_agent,30,32,False,False,True,2,0.4,0.13
travelplanner__670,travelplanner,110,segmented_choice,stay_agent,food_attr_agent,61,32,False,False,False,29,0.58,0.32
travelplanner__671,travelplanner,174,segmented_choice,stay_agent,manager_agent,64,61,False,False,True,3,0.44,0.2
travelplanner__672,travelplanner,104,segmented_choice,stay_agent,manager_agent,74,100,False,False,False,26,0.76,0.28
travelplanner__673,travelplanner,130,segmented_choice,Computer_terminal,manager_agent,69,120,False,False,False,51,0.52,0.43
travelplanner__674,travelplanner,108,segmented_choice,stay_agent,stay_agent,77,104,True,False,False,27,0.93,0.25
travelplanner__675,travelplanner,230,segmented_choice,manager_agent,manager_agent,215,222,True,False,False,7,0.91,0.23
travelplanner__676,travelplanner,113,segmented_choice,manager_agent,manager_agent,106,109,True,False,True,3,0.73,0.42
travelplanner__677,travelplanner,82,segmented_choice,transport_agent,manager_agent,37,78,False,False,False,41,0.8,0.43
travelplanner__678,travelplanner,107,segmented_choice,stay_agent,stay_agent,91,75,True,False,False,16,0.74,0.22
travelplanner__679,travelplanner,265,segmented_choice,Task_Planner,stay_agent,259,83,False,False,False,176,0.64,0.88
travelplanner__680,travelplanner,192,segmented_choice,food_attr_agent,transport_agent,189,55,False,False,False,134,0.64,0.8
travelplanner__681,travelplanner,101,segmented_choice,Computer_terminal,manager_agent,35,97,False,False,False,62,0.55,0.12
travelplanner__682,travelplanner,204,segmented_choice,manager_agent,manager_agent,201,171,True,False,False,30,0.67,0.16
travelplanner__683,travelplanner,185,segmented_choice,transport_agent,food_attr_agent,33,168,False,False,False,135,0.61,0.2
travelplanner__684,travelplanner,173,segmented_choice,manager_agent,food_attr_agent,22,161,False,False,False,139,0.7,0.29
travelplanner__685,travelplanner,176,segmented_choice,manager_agent,manager_agent,173,172,True,False,True,1,0.84,0.22
vitabench__001,vitabench,30,full_context,Computer_terminal,Action_Expert,15,18,False,False,True,3,0.86,0.17
vitabench__002,vitabench,46,full_context,Action_Expert,Action_Expert,29,28,True,False,True,1,0.88,0.34
vitabench__003,vitabench,78,segmented_choice,Action_Expert,Action_Expert,22,24,True,False,True,2,0.88,0.44
vitabench__004,vitabench,32,full_context,Computer_terminal,Action_Expert,15,18,False,False,True,3,0.85,0.12
vitabench__005,vitabench,52,full_context,Action_Expert,Action_Expert,14,14,True,True,True,0,0.84,0.23
vitabench__006,vitabench,38,full_context,Action_Expert,Action_Expert,20,10,True,False,False,10,0.83,0.49
vitabench__007,vitabench,34,full_context,Computer_terminal,Action_Expert,33,30,False,False,True,3,0.94,0.17
vitabench__008,vitabench,52,full_context,Computer_terminal,Action_Expert,51,25,False,False,False,26,0.9,0.3
vitabench__009,vitabench,52,full_context,Action_Expert,Action_Expert,20,50,True,False,False,30,0.8,0.29
vitabench__010,vitabench,58,segmented_choice,Action_Expert,Action_Expert,23,56,True,False,False,33,0.98,0.09
vitabench__011,vitabench,28,full_context,Computer_terminal,Action_Expert,11,11,False,True,True,0,0.92,0.22
vitabench__012,vitabench,56,full_context,Action_Expert,Action_Expert,24,24,True,True,True,0,0.83,0.55
vitabench__013,vitabench,58,full_context,Action_Expert,Action_Expert,40,30,True,False,False,10,0.92,0.32
vitabench__014,vitabench,126,segmented_choice,Action_Expert,Action_Expert,52,64,True,False,False,12,0.8,0.8
vitabench__015,vitabench,72,full_context,Action_Expert,Action_Expert,58,26,True,False,False,32,0.81,0.27
vitabench__016,vitabench,74,segmented_choice,Action_Expert,Action_Expert,28,68,True,False,False,40,0.96,0.28
vitabench__017,vitabench,26,full_context,Action_Expert,Action_Expert,24,14,True,False,False,10,0.79,0.19
vitabench__018,vitabench,102,segmented_choice,Action_Expert,Action_Expert,30,50,True,False,False,20,0.92,0.31
vitabench__019,vitabench,62,segmented_choice,Action_Expert,Action_Expert,44,55,True,False,False,11,0.97,0.09
vitabench__020,vitabench,66,full_context,Computer_terminal,Action_Expert,23,38,False,False,False,15,0.64,0.23
vitabench__021,vitabench,60,segmented_choice,Action_Expert,Action_Expert,6,16,True,False,False,10,0.9,0.42
vitabench__022,vitabench,50,full_context,Action_Expert,Action_Expert,12,10,True,False,True,2,0.82,0.36
vitabench__023,vitabench,25,full_context,Action_Expert,Action_Expert,2,2,True,True,True,0,1.0,0.99
vitabench__024,vitabench,108,segmented_choice,Action_Expert,Action_Expert,78,38,True,False,False,40,0.94,0.53
vitabench__025,vitabench,68,segmented_choice,Action_Expert,Action_Expert,58,6,True,False,False,52,0.79,0.22
vitabench__026,vitabench,46,full_context,Action_Expert,Action_Expert,4,4,True,True,True,0,0.83,0.41
vitabench__027,vitabench,42,full_context,Action_Expert,Action_Expert,10,18,True,False,False,8,0.91,0.4
vitabench__028,vitabench,52,full_context,Computer_terminal,Action_Expert,33,8,False,False,False,25,0.81,0.2
vitabench__029,vitabench,86,segmented_choice,Computer_terminal,Action_Expert,63,11,False,False,False,52,0.96,0.8
vitabench__030,vitabench,33,segmented_choice,Action_Expert,Action_Expert,6,6,True,True,True,0,0.99,0.67
vitabench__031,vitabench,50,full_context,Action_Expert,Action_Expert,40,2,True,False,False,38,0.89,0.16
vitabench__032,vitabench,102,full_context,Action_Expert,Action_Expert,4,98,True,False,False,94,0.95,0.96
vitabench__033,vitabench,102,full_context,Action_Expert,Action_Expert,8,14,True,False,False,6,0.87,0.64
vitabench__034,vitabench,38,full_context,Action_Expert,Action_Expert,36,36,True,True,True,0,0.9,0.29
vitabench__035,vitabench,102,segmented_choice,Action_Expert,Action_Expert,18,34,True,False,False,16,0.73,0.16
vitabench__036,vitabench,66,full_context,Action_Expert,Action_Expert,40,47,True,False,False,7,0.85,0.55
vitabench__037,vitabench,58,segmented_choice,Action_Expert,Action_Expert,16,37,True,False,False,21,0.94,0.7
vitabench__038,vitabench,27,full_context,Action_Expert,Action_Expert,4,4,True,True,True,0,0.99,0.92
vitabench__039,vitabench,40,full_context,Action_Expert,Action_Expert,26,38,True,False,False,12,0.86,0.52
vitabench__040,vitabench,102,segmented_choice,Action_Expert,Action_Expert,20,74,True,False,False,54,0.73,0.68
vitabench__041,vitabench,38,full_context,Computer_terminal,Action_Expert,1,18,False,False,False,17,0.96,0.8
vitabench__042,vitabench,64,segmented_choice,Action_Expert,Action_Expert,41,54,True,False,False,13,0.98,0.74
vitabench__043,vitabench,80,segmented_choice,Action_Expert,Action_Expert,36,2,True,False,False,34,0.93,0.59
vitabench__044,vitabench,38,full_context,Computer_terminal,Action_Expert,37,8,False,False,False,29,0.98,0.42
vitabench__045,vitabench,64,segmented_choice,Action_Expert,Action_Expert,54,32,True,False,False,22,0.65,0.64
vitabench__046,vitabench,25,full_context,Action_Expert,Action_Expert,2,2,True,True,True,0,1.0,0.99
vitabench__047,vitabench,27,full_context,Action_Expert,Action_Expert,2,2,True,True,True,0,1.0,0.96
vitabench__048,vitabench,50,full_context,Action_Expert,Action_Expert,26,48,True,False,False,22,0.7,0.23
vitabench__049,vitabench,27,full_context,Action_Expert,Action_Expert,4,4,True,True,True,0,1.0,0.9
vitabench__050,vitabench,27,full_context,Action_Expert,Action_Expert,2,2,True,True,True,0,1.0,0.58
vitabench__051,vitabench,47,full_context,Action_Expert,Action_Expert,16,16,True,True,True,0,1.0,0.99
vitabench__052,vitabench,31,full_context,Action_Expert,Action_Expert,4,4,True,True,True,0,0.99,0.94
vitabench__053,vitabench,27,full_context,Action_Expert,Action_Expert,6,6,True,True,True,0,1.0,0.73
vitabench__054,vitabench,50,full_context,Action_Expert,Action_Expert,10,10,True,True,True,0,0.98,0.91
vitabench__055,vitabench,56,full_context,Action_Expert,Action_Expert,42,3,True,False,False,39,0.84,0.66
vitabench__056,vitabench,70,segmented_choice,Computer_terminal,Action_Expert,39,6,False,False,False,33,0.99,0.68
vitabench__057,vitabench,74,full_context,Action_Expert,Action_Expert,4,50,True,False,False,46,0.95,0.32
vitabench__058,vitabench,68,segmented_choice,Action_Expert,Action_Expert,34,22,True,False,False,12,0.99,0.54
vitabench__059,vitabench,24,full_context,Action_Expert,Action_Expert,12,17,True,False,True,5,0.95,0.44
vitabench__060,vitabench,27,full_context,Action_Expert,Action_Expert,6,6,True,True,True,0,1.0,0.97
vitabench__061,vitabench,31,full_context,Action_Expert,Action_Expert,2,2,True,True,True,0,0.98,0.92
vitabench__062,vitabench,62,segmented_choice,Computer_terminal,Action_Expert,61,40,False,False,False,21,0.89,0.28
vitabench__063,vitabench,25,full_context,Action_Expert,Action_Expert,2,2,True,True,True,0,1.0,0.99
vitabench__064,vitabench,26,full_context,Computer_terminal,Action_Expert,5,8,False,False,True,3,0.91,0.32
vitabench__065,vitabench,26,full_context,Action_Expert,Action_Expert,13,4,True,False,False,9,0.64,0.34
vitabench__066,vitabench,34,full_context,Action_Expert,Action_Expert,24,8,True,False,False,16,0.85,0.13
vitabench__067,vitabench,36,full_context,Action_Expert,Action_Expert,11,18,True,False,False,7,0.85,0.27
vitabench__068,vitabench,36,full_context,Action_Expert,Action_Expert,24,4,True,False,False,20,0.79,0.18
vitabench__069,vitabench,46,full_context,Action_Expert,Action_Expert,8,10,True,False,True,2,0.78,0.17
vitabench__070,vitabench,64,full_context,Action_Expert,Action_Expert,48,48,True,True,True,0,0.84,0.37
vitabench__071,vitabench,32,full_context,Action_Expert,Action_Expert,19,18,True,False,True,1,0.99,0.73
vitabench__072,vitabench,32,full_context,Action_Expert,Action_Expert,14,16,True,False,True,2,0.98,0.3
vitabench__073,vitabench,46,full_context,Action_Expert,Action_Expert,4,12,True,False,False,8,0.97,0.49
vitabench__074,vitabench,57,segmented_choice,Action_Expert,Action_Expert,42,42,True,True,True,0,1.0,0.86
vitabench__075,vitabench,70,segmented_choice,Action_Expert,Action_Expert,26,12,True,False,False,14,1.0,0.86
vitabench__076,vitabench,36,full_context,Action_Expert,Action_Expert,10,34,True,False,False,24,0.64,0.2
vitabench__077,vitabench,108,full_context,Action_Expert,Action_Expert,30,84,True,False,False,54,0.54,0.31
vitabench__078,vitabench,94,segmented_choice,Action_Expert,Action_Expert,23,4,True,False,False,19,0.78,0.53
vitabench__079,vitabench,94,segmented_choice,Computer_terminal,Action_Expert,13,16,False,False,True,3,0.91,0.42
vitabench__080,vitabench,70,full_context,Action_Expert,Action_Expert,14,6,True,False,False,8,0.82,0.28
vitabench__081,vitabench,68,full_context,Action_Expert,Action_Expert,22,4,True,False,False,18,0.92,0.62
vitabench__082,vitabench,54,full_context,Action_Expert,Action_Expert,4,4,True,True,True,0,0.7,0.31
vitabench__083,vitabench,108,segmented_choice,Action_Expert,Action_Expert,90,7,True,False,False,83,0.29,0.18
vitabench__084,vitabench,34,full_context,Action_Expert,Action_Expert,12,12,True,True,True,0,0.92,0.23
vitabench__085,vitabench,130,segmented_choice,Computer_terminal,Action_Expert,117,114,False,False,True,3,0.97,0.44
vitabench__086,vitabench,36,full_context,Action_Expert,Action_Expert,26,19,True,False,False,7,0.95,0.17
vitabench__087,vitabench,42,full_context,Action_Expert,Action_Expert,34,34,True,True,True,0,0.87,0.19
vitabench__088,vitabench,56,full_context,Action_Expert,Action_Expert,20,54,True,False,False,34,0.86,0.28
vitabench__089,vitabench,10,full_context,Action_Expert,Action_Expert,8,8,True,True,True,0,0.87,0.41
vitabench__090,vitabench,58,full_context,Computer_terminal,Action_Expert,41,56,False,False,False,15,0.99,0.44
vitabench__091,vitabench,54,full_context,Action_Expert,Action_Expert,8,14,True,False,False,6,0.83,0.22
vitabench__092,vitabench,28,full_context,Action_Expert,Action_Expert,10,18,True,False,False,8,0.91,0.27
vitabench__093,vitabench,56,full_context,Action_Expert,Action_Expert,40,15,True,False,False,25,0.63,0.52
vitabench__094,vitabench,46,full_context,Action_Expert,Action_Expert,16,16,True,True,True,0,0.94,0.16
vitabench__095,vitabench,46,full_context,Computer_terminal,Action_Expert,15,20,False,False,True,5,0.9,0.15
vitabench__096,vitabench,52,full_context,Action_Expert,Action_Expert,20,20,True,True,True,0,0.92,0.21
vitabench__097,vitabench,38,full_context,Action_Expert,Action_Expert,16,16,True,True,True,0,0.95,0.15
vitabench__098,vitabench,68,full_context,Action_Expert,Action_Expert,26,31,True,False,True,5,0.98,0.66
vitabench__099,vitabench,28,full_context,Computer_terminal,Action_Expert,17,22,False,False,True,5,0.98,0.24
vitabench__100,vitabench,44,full_context,Action_Expert,Action_Expert,34,24,True,False,False,10,0.77,0.29
vitabench__101,vitabench,76,full_context,Action_Expert,Action_Expert,14,35,True,False,False,21,0.86,0.5
vitabench__102,vitabench,94,segmented_choice,Computer_terminal,Action_Expert,19,30,False,False,False,11,0.99,0.61
vitabench__103,vitabench,72,segmented_choice,Action_Expert,Action_Expert,34,37,True,False,True,3,0.97,0.26
vitabench__104,vitabench,34,full_context,Action_Expert,Action_Expert,20,2,True,False,False,18,0.86,0.38
vitabench__105,vitabench,50,full_context,Action_Expert,Action_Expert,21,19,True,False,True,2,0.87,0.2
vitabench__106,vitabench,64,full_context,Action_Expert,Action_Expert,14,14,True,True,True,0,0.92,0.19
vitabench__107,vitabench,48,full_context,Action_Expert,Action_Expert,28,28,True,True,True,0,0.98,0.17
vitabench__108,vitabench,66,full_context,Action_Expert,Action_Expert,22,44,True,False,False,22,0.81,0.31
webarena_verified__001,webarena_verified,63,segmented_choice,Action_Expert,Verification_Expert,26,48,False,False,False,22,0.7,0.74
webarena_verified__002,webarena_verified,63,segmented_choice,Action_Expert,Action_Expert,56,36,True,False,False,20,0.44,0.48
webarena_verified__003,webarena_verified,63,segmented_choice,Verification_Expert,Verification_Expert,18,48,True,False,False,30,0.29,0.19
webarena_verified__004,webarena_verified,63,segmented_choice,Task_Planner,Action_Expert,42,46,False,False,True,4,0.56,0.48
webarena_verified__005,webarena_verified,43,segmented_choice,Task_Planner,Action_Expert,24,6,False,False,False,18,0.27,0.57
webarena_verified__006,webarena_verified,63,segmented_choice,Verification_Expert,Task_Planner,28,54,False,False,False,26,0.53,0.23
webarena_verified__007,webarena_verified,63,segmented_choice,Verification_Expert,Action_Expert,18,16,False,False,True,2,0.38,0.38
webarena_verified__008,webarena_verified,63,segmented_choice,Action_Expert,Task_Planner,56,26,False,False,False,30,0.24,0.19
webarena_verified__009,webarena_verified,53,segmented_choice,Action_Expert,Computer_terminal,46,0,False,False,False,46,0.12,0.43
webarena_verified__010,webarena_verified,63,segmented_choice,Action_Expert,Task_Planner,46,36,False,False,False,10,0.39,0.26
webarena_verified__011,webarena_verified,63,segmented_choice,Task_Planner,Task_Planner,2,56,True,False,False,54,0.2,0.33
webarena_verified__012,webarena_verified,63,segmented_choice,Verification_Expert,Action_Expert,18,6,False,False,False,12,0.25,0.16
webarena_verified__013,webarena_verified,63,segmented_choice,Action_Expert,Task_Planner,6,2,False,False,True,4,0.59,0.49
webarena_verified__014,webarena_verified,63,segmented_choice,Task_Planner,Action_Expert,25,56,False,False,False,31,0.91,0.84
webarena_verified__015,webarena_verified,63,segmented_choice,Task_Planner,Task_Planner,34,2,True,False,False,32,0.72,0.31
webarena_verified__016,webarena_verified,63,segmented_choice,Action_Expert,Task_Planner,6,24,False,False,False,18,0.76,0.36
webarena_verified__017,webarena_verified,63,segmented_choice,Task_Planner,Task_Planner,4,2,True,False,True,2,0.7,0.24
webarena_verified__018,webarena_verified,63,segmented_choice,Action_Expert,Action_Expert,36,36,True,True,True,0,0.9,0.9
webarena_verified__019,webarena_verified,63,segmented_choice,Action_Expert,Action_Expert,56,56,True,True,True,0,0.48,0.4
webarena_verified__020,webarena_verified,63,segmented_choice,Task_Planner,Action_Expert,15,56,False,False,False,41,0.36,0.57
webarena_verified__021,webarena_verified,63,segmented_choice,Action_Expert,Action_Expert,46,46,True,True,True,0,0.42,0.48
webarena_verified__022,webarena_verified,63,segmented_choice,Task_Planner,Task_Planner,33,34,True,False,True,1,0.77,0.75
webarena_verified__023,webarena_verified,63,segmented_choice,Verification_Expert,Action_Expert,18,36,False,False,False,18,0.81,0.92
webarena_verified__024,webarena_verified,63,segmented_choice,Task_Planner,Task_Planner,44,19,True,False,False,25,0.64,0.29
webarena_verified__025,webarena_verified,63,segmented_choice,Verification_Expert,Task_Planner,9,2,False,False,False,7,0.34,0.22
webarena_verified__026,webarena_verified,63,segmented_choice,Task_Planner,Action_Expert,55,56,False,False,True,1,0.74,0.87
webarena_verified__027,webarena_verified,43,segmented_choice,Action_Expert,Verification_Expert,36,16,False,False,False,20,0.17,0.13
webarena_verified__028,webarena_verified,63,segmented_choice,Task_Planner,Action_Expert,34,36,False,False,True,2,0.52,0.54
webarena_verified__029,webarena_verified,63,segmented_choice,Action_Expert,Task_Planner,46,34,False,False,False,12,0.67,0.24
webarena_verified__030,webarena_verified,63,segmented_choice,Verification_Expert,Task_Planner,17,2,False,False,False,15,0.81,0.77
webarena_verified__031,webarena_verified,63,segmented_choice,Task_Planner,Task_Planner,32,54,True,False,False,22,0.72,0.47
webarena_verified__032,webarena_verified,63,segmented_choice,Action_Expert,Task_Planner,56,56,False,True,True,0,0.44,0.33
webarena_verified__033,webarena_verified,63,segmented_choice,Task_Planner,Task_Planner,2,56,True,False,False,54,0.16,0.29
webarena_verified__034,webarena_verified,63,segmented_choice,Task_Planner,Task_Planner,24,13,True,False,False,11,0.61,0.1
webarena_verified__035,webarena_verified,63,segmented_choice,Action_Expert,Task_Planner,56,54,False,False,True,2,0.48,0.21
webarena_verified__036,webarena_verified,63,segmented_choice,Action_Expert,Task_Planner,16,26,False,False,False,10,0.24,0.29
webarena_verified__037,webarena_verified,63,segmented_choice,Task_Planner,Task_Planner,44,2,True,False,False,42,0.57,0.28
webarena_verified__038,webarena_verified,63,segmented_choice,Action_Expert,Action_Expert,46,46,True,True,True,0,0.85,0.86
webarena_verified__039,webarena_verified,63,segmented_choice,Verification_Expert,Action_Expert,8,46,False,False,False,38,0.22,0.2
webarena_verified__040,webarena_verified,63,segmented_choice,Action_Expert,Task_Planner,46,46,False,True,True,0,0.5,0.32
webarena_verified__041,webarena_verified,63,segmented_choice,Verification_Expert,Task_Planner,18,44,False,False,False,26,0.83,0.25
webarena_verified__042,webarena_verified,63,segmented_choice,Verification_Expert,Action_Expert,29,46,False,False,False,17,0.59,0.48
webarena_verified__043,webarena_verified,63,segmented_choice,Verification_Expert,Task_Planner,28,2,False,False,False,26,0.46,0.38
webarena_verified__044,webarena_verified,63,segmented_choice,Task_Planner,Verification_Expert,54,59,False,False,True,5,0.3,0.24
webarena_verified__045,webarena_verified,63,segmented_choice,Action_Expert,Task_Planner,6,46,False,False,False,40,0.38,0.44
webarena_verified__046,webarena_verified,63,segmented_choice,Action_Expert,Action_Expert,56,56,True,True,True,0,0.97,0.92
webarena_verified__047,webarena_verified,63,segmented_choice,Verification_Expert,Task_Planner,19,28,False,False,False,9,0.34,0.26
webarena_verified__048,webarena_verified,63,segmented_choice,Task_Planner,Action_Expert,2,46,False,False,False,44,0.7,0.91
webarena_verified__049,webarena_verified,63,segmented_choice,Task_Planner,Task_Planner,34,58,True,False,False,24,0.32,0.15
webarena_verified__050,webarena_verified,33,segmented_choice,Action_Expert,Action_Expert,26,26,True,True,True,0,0.88,0.94
webarena_verified__051,webarena_verified,63,segmented_choice,Verification_Expert,Action_Expert,28,56,False,False,False,28,0.54,0.48
webarena_verified__052,webarena_verified,63,segmented_choice,Task_Planner,Task_Planner,53,54,True,False,True,1,0.9,0.43
webarena_verified__053,webarena_verified,63,segmented_choice,Action_Expert,Action_Expert,56,56,True,True,True,0,0.78,0.69
webarena_verified__054,webarena_verified,63,segmented_choice,Action_Expert,Task_Planner,56,26,False,False,False,30,0.51,0.33
webarena_verified__055,webarena_verified,63,segmented_choice,Verification_Expert,Task_Planner,9,2,False,False,False,7,0.74,0.27
webarena_verified__056,webarena_verified,63,segmented_choice,Task_Planner,Task_Planner,24,18,True,False,False,6,0.57,0.24
webarena_verified__057,webarena_verified,63,segmented_choice,Action_Expert,Task_Planner,26,26,False,True,True,0,0.56,0.56
webarena_verified__058,webarena_verified,63,segmented_choice,Action_Expert,Action_Expert,46,46,True,True,True,0,0.49,0.39
webarena_verified__059,webarena_verified,63,segmented_choice,Action_Expert,Verification_Expert,56,58,False,False,True,2,0.32,0.12
webarena_verified__060,webarena_verified,63,segmented_choice,Action_Expert,Task_Planner,56,4,False,False,False,52,0.61,0.17
webarena_verified__061,webarena_verified,63,segmented_choice,Action_Expert,Task_Planner,46,54,False,False,False,8,0.55,0.3
webarena_verified__062,webarena_verified,63,segmented_choice,Action_Expert,Action_Expert,36,26,True,False,False,10,0.38,0.61
webarena_verified__063,webarena_verified,63,segmented_choice,Action_Expert,Action_Expert,36,26,True,False,False,10,0.64,0.68
webarena_verified__064,webarena_verified,63,segmented_choice,Action_Expert,Action_Expert,56,36,True,False,False,20,0.32,0.5
webarena_verified__065,webarena_verified,63,segmented_choice,Action_Expert,Action_Expert,46,36,True,False,False,10,0.87,0.61
webarena_verified__066,webarena_verified,63,segmented_choice,Verification_Expert,Task_Planner,8,36,False,False,False,28,0.34,0.22
webarena_verified__067,webarena_verified,63,segmented_choice,Action_Expert,Task_Planner,46,26,False,False,False,20,0.29,0.24
webarena_verified__068,webarena_verified,43,segmented_choice,Verification_Expert,Task_Planner,39,34,False,False,True,5,0.41,0.26
webarena_verified__069,webarena_verified,63,segmented_choice,Task_Planner,Action_Expert,33,36,False,False,True,3,0.28,0.15
webarena_verified__070,webarena_verified,63,segmented_choice,Action_Expert,Action_Expert,36,36,True,True,True,0,0.4,0.39
webarena_verified__071,webarena_verified,63,segmented_choice,Task_Planner,Task_Planner,4,56,True,False,False,52,0.29,0.19
webarena_verified__072,webarena_verified,63,segmented_choice,Action_Expert,Task_Planner,36,34,False,False,True,2,0.65,0.3
webarena_verified__073,webarena_verified,43,segmented_choice,Action_Expert,Task_Planner,16,0,False,False,False,16,0.25,0.42
webarena_verified__074,webarena_verified,63,segmented_choice,Action_Expert,Task_Planner,56,54,False,False,True,2,0.44,0.42
webarena_verified__075,webarena_verified,63,segmented_choice,Action_Expert,Action_Expert,16,16,True,True,True,0,0.65,0.59
webarena_verified__076,webarena_verified,63,segmented_choice,Verification_Expert,Action_Expert,8,16,False,False,False,8,0.46,0.6
webarena_verified__077,webarena_verified,63,segmented_choice,Action_Expert,Action_Expert,16,6,True,False,False,10,0.38,0.48
webarena_verified__078,webarena_verified,63,segmented_choice,Action_Expert,Task_Planner,36,53,False,False,False,17,0.72,0.13
webarena_verified__079,webarena_verified,63,segmented_choice,Task_Planner,Task_Planner,24,23,True,False,True,1,0.51,0.16
webarena_verified__080,webarena_verified,33,segmented_choice,Verification_Expert,Verification_Expert,29,6,True,False,False,23,0.52,0.13
webarena_verified__081,webarena_verified,63,segmented_choice,Task_Planner,Action_Expert,44,56,False,False,False,12,0.95,0.88
webarena_verified__082,webarena_verified,63,segmented_choice,Action_Expert,Action_Expert,56,6,True,False,False,50,0.45,0.28
webarena_verified__083,webarena_verified,63,segmented_choice,Task_Planner,Task_Planner,7,44,True,False,False,37,0.73,0.47
webarena_verified__084,webarena_verified,63,segmented_choice,Action_Expert,Action_Expert,56,56,True,True,True,0,0.45,0.26
webarena_verified__085,webarena_verified,63,segmented_choice,Action_Expert,Action_Expert,36,6,True,False,False,30,0.33,0.45
webarena_verified__086,webarena_verified,63,segmented_choice,Action_Expert,Task_Planner,46,8,False,False,False,38,0.34,0.18
webarena_verified__087,webarena_verified,63,segmented_choice,Action_Expert,Action_Expert,46,56,True,False,False,10,0.87,0.81
webarena_verified__088,webarena_verified,63,segmented_choice,Verification_Expert,Action_Expert,39,36,False,False,True,3,0.61,0.36
webarena_verified__089,webarena_verified,53,segmented_choice,Verification_Expert,Action_Expert,49,6,False,False,False,43,0.2,0.03
webarena_verified__090,webarena_verified,23,segmented_choice,Verification_Expert,Verification_Expert,18,18,True,True,True,0,0.95,0.8
webarena_verified__091,webarena_verified,43,segmented_choice,Verification_Expert,Action_Expert,38,6,False,False,False,32,0.25,0.65
webarena_verified__092,webarena_verified,13,segmented_choice,Verification_Expert,Verification_Expert,8,8,True,True,True,0,0.67,0.35
webarena_verified__093,webarena_verified,63,segmented_choice,Task_Planner,Task_Planner,14,13,True,False,True,1,0.87,0.31
webarena_verified__094,webarena_verified,53,segmented_choice,Task_Planner,Verification_Expert,47,6,False,False,False,41,0.39,0.3
webarena_verified__095,webarena_verified,43,segmented_choice,Action_Expert,Action_Expert,36,6,True,False,False,30,0.29,0.29
webarena_verified__096,webarena_verified,53,segmented_choice,Action_Expert,Verification_Expert,46,46,False,True,True,0,0.57,0.61
webarena_verified__097,webarena_verified,63,segmented_choice,Action_Expert,Task_Planner,46,55,False,False,False,9,0.35,0.22
webarena_verified__098,webarena_verified,63,segmented_choice,Action_Expert,Action_Expert,36,36,True,True,True,0,0.58,0.6
webarena_verified__099,webarena_verified,13,full_context,Verification_Expert,Verification_Expert,9,8,True,False,True,1,0.45,0.3
webarena_verified__100,webarena_verified,53,segmented_choice,Verification_Expert,Verification_Expert,49,28,True,False,False,21,0.5,0.14
webarena_verified__101,webarena_verified,63,segmented_choice,Action_Expert,Verification_Expert,46,8,False,False,False,38,0.76,0.17
webarena_verified__102,webarena_verified,33,segmented_choice,Verification_Expert,Verification_Expert,29,28,True,False,True,1,0.72,0.21
webarena_verified__103,webarena_verified,63,segmented_choice,Verification_Expert,Task_Planner,18,24,False,False,False,6,0.36,0.32
webarena_verified__104,webarena_verified,63,segmented_choice,Task_Planner,Task_Planner,24,24,True,True,True,0,0.31,0.31
webarena_verified__105,webarena_verified,63,segmented_choice,Verification_Expert,Action_Expert,28,46,False,False,False,18,0.67,0.57
webarena_verified__106,webarena_verified,63,segmented_choice,Action_Expert,Action_Expert,46,6,True,False,False,40,0.29,0.3
webarena_verified__107,webarena_verified,63,segmented_choice,Action_Expert,Task_Planner,56,6,False,False,False,50,0.27,0.56
webarena_verified__108,webarena_verified,53,segmented_choice,Action_Expert,Action_Expert,36,36,True,True,True,0,0.51,0.53
webarena_verified__109,webarena_verified,33,segmented_choice,Action_Expert,Task_Planner,26,14,False,False,False,12,0.31,0.34
webarena_verified__110,webarena_verified,43,segmented_choice,Action_Expert,Action_Expert,36,6,True,False,False,30,0.38,0.41
webarena_verified__111,webarena_verified,63,segmented_choice,Action_Expert,Action_Expert,56,56,True,True,True,0,0.47,0.36
webarena_verified__112,webarena_verified,63,segmented_choice,Action_Expert,Action_Expert,16,6,True,False,False,10,0.48,0.78
webarena_verified__113,webarena_verified,63,segmented_choice,Action_Expert,Task_Planner,46,14,False,False,False,32,0.6,0.18
webarena_verified__114,webarena_verified,33,segmented_choice,Verification_Expert,Verification_Expert,29,16,True,False,False,13,0.18,0.6
webarena_verified__115,webarena_verified,63,segmented_choice,Task_Planner,Task_Planner,34,16,True,False,False,18,0.41,0.65
webarena_verified__116,webarena_verified,63,segmented_choice,Task_Planner,Action_Expert,34,46,False,False,False,12,0.45,0.54
webarena_verified__117,webarena_verified,63,segmented_choice,Action_Expert,Action_Expert,16,6,True,False,False,10,0.43,0.31
webarena_verified__118,webarena_verified,63,segmented_choice,Action_Expert,Action_Expert,36,36,True,True,True,0,0.56,0.48
webarena_verified__119,webarena_verified,63,segmented_choice,Action_Expert,Action_Expert,46,46,True,True,True,0,0.16,0.24
webarena_verified__120,webarena_verified,63,segmented_choice,Action_Expert,Action_Expert,36,6,True,False,False,30,0.31,0.64
webarena_verified__121,webarena_verified,63,segmented_choice,Action_Expert,Action_Expert,26,6,True,False,False,20,0.23,0.5
webarena_verified__122,webarena_verified,63,segmented_choice,Task_Planner,Task_Planner,24,56,True,False,False,32,0.5,0.25
webarena_verified__123,webarena_verified,63,segmented_choice,Task_Planner,Verification_Expert,22,59,False,False,False,37,0.77,0.26
webarena_verified__124,webarena_verified,43,segmented_choice,Action_Expert,Action_Expert,36,36,True,True,True,0,0.36,0.41
webarena_verified__125,webarena_verified,43,segmented_choice,Action_Expert,Verification_Expert,26,36,False,False,False,10,0.21,0.13
webarena_verified__126,webarena_verified,63,segmented_choice,Action_Expert,Task_Planner,6,26,False,False,False,20,0.12,0.18
webarena_verified__127,webarena_verified,63,segmented_choice,Action_Expert,Task_Planner,46,6,False,False,False,40,0.29,0.47
webarena_verified__128,webarena_verified,63,segmented_choice,Action_Expert,Action_Expert,36,36,True,True,True,0,0.78,0.46
webarena_verified__129,webarena_verified,63,segmented_choice,Task_Planner,Task_Planner,5,54,True,False,False,49,0.54,0.26
webarena_verified__130,webarena_verified,33,segmented_choice,Task_Planner,Action_Expert,4,26,False,False,False,22,0.26,0.41
webarena_verified__131,webarena_verified,53,segmented_choice,Action_Expert,Action_Expert,46,46,True,True,True,0,0.48,0.3
webarena_verified__132,webarena_verified,63,segmented_choice,Action_Expert,Task_Planner,26,24,False,False,True,2,0.43,0.28
webarena_verified__133,webarena_verified,53,segmented_choice,Action_Expert,Action_Expert,6,36,True,False,False,30,0.6,0.4
webarena_verified__134,webarena_verified,33,segmented_choice,Action_Expert,Action_Expert,6,26,True,False,False,20,0.38,0.46
webarena_verified__135,webarena_verified,63,segmented_choice,Action_Expert,Task_Planner,46,2,False,False,False,44,0.63,0.41
webarena_verified__136,webarena_verified,63,segmented_choice,Action_Expert,Action_Expert,46,46,True,True,True,0,0.49,0.38
webarena_verified__137,webarena_verified,43,segmented_choice,Action_Expert,Action_Expert,36,33,True,False,True,3,0.25,0.35
webarena_verified__138,webarena_verified,63,segmented_choice,Task_Planner,Task_Planner,22,16,True,False,False,6,0.65,0.16
webarena_verified__139,webarena_verified,63,segmented_choice,Action_Expert,Task_Planner,56,2,False,False,False,54,0.32,0.17
webarena_verified__140,webarena_verified,63,segmented_choice,Action_Expert,Action_Expert,36,6,True,False,False,30,0.44,0.58
webarena_verified__141,webarena_verified,63,segmented_choice,Action_Expert,Action_Expert,56,36,True,False,False,20,0.52,0.32
webarena_verified__142,webarena_verified,63,segmented_choice,Action_Expert,Task_Planner,46,26,False,False,False,20,0.43,0.66
webarena_verified__143,webarena_verified,63,segmented_choice,Action_Expert,Task_Planner,36,54,False,False,False,18,0.8,0.25
webarena_verified__144,webarena_verified,63,segmented_choice,Action_Expert,Task_Planner,26,26,False,True,True,0,0.34,0.14
webarena_verified__145,webarena_verified,63,segmented_choice,Action_Expert,Action_Expert,56,56,True,True,True,0,0.52,0.63
webarena_verified__146,webarena_verified,63,segmented_choice,Action_Expert,Action_Expert,36,36,True,True,True,0,0.49,0.5
webarena_verified__147,webarena_verified,43,segmented_choice,Action_Expert,Verification_Expert,36,16,False,False,False,20,0.27,0.04
webarena_verified__148,webarena_verified,63,segmented_choice,Action_Expert,Action_Expert,46,6,True,False,False,40,0.65,0.69
webarena_verified__149,webarena_verified,63,segmented_choice,Task_Planner,Action_Expert,2,46,False,False,False,44,0.88,0.41
webarena_verified__150,webarena_verified,63,segmented_choice,Verification_Expert,Task_Planner,8,46,False,False,False,38,0.28,0.21
webarena_verified__151,webarena_verified,63,segmented_choice,Action_Expert,Action_Expert,56,6,True,False,False,50,0.54,0.7
webarena_verified__152,webarena_verified,63,segmented_choice,Verification_Expert,Verification_Expert,38,46,True,False,False,8,0.22,0.3
webarena_verified__153,webarena_verified,63,segmented_choice,Action_Expert,Action_Expert,26,26,True,True,True,0,0.44,0.09
webarena_verified__154,webarena_verified,63,segmented_choice,Action_Expert,Task_Planner,46,6,False,False,False,40,0.28,0.5
webarena_verified__155,webarena_verified,63,segmented_choice,Action_Expert,Task_Planner,6,14,False,False,False,8,0.36,0.21
webarena_verified__156,webarena_verified,63,segmented_choice,Action_Expert,Action_Expert,36,46,True,False,False,10,0.68,0.36
webarena_verified__157,webarena_verified,63,segmented_choice,Action_Expert,Action_Expert,46,24,True,False,False,22,0.46,0.26
webarena_verified__158,webarena_verified,63,segmented_choice,Action_Expert,Action_Expert,56,56,True,True,True,0,0.82,0.55
webarena_verified__159,webarena_verified,63,segmented_choice,Task_Planner,Task_Planner,2,6,True,False,True,4,0.6,0.37
webarena_verified__160,webarena_verified,63,segmented_choice,Task_Planner,Action_Expert,15,56,False,False,False,41,0.59,0.3
webarena_verified__161,webarena_verified,63,segmented_choice,Task_Planner,Action_Expert,15,6,False,False,False,9,0.4,0.42
webarena_verified__162,webarena_verified,63,segmented_choice,Action_Expert,Action_Expert,16,16,True,True,True,0,0.62,0.56
webarena_verified__163,webarena_verified,63,segmented_choice,Action_Expert,Action_Expert,16,26,True,False,False,10,0.51,0.42
webarena_verified__164,webarena_verified,63,segmented_choice,Action_Expert,Task_Planner,56,55,False,False,True,1,0.47,0.36
webarena_verified__165,webarena_verified,43,segmented_choice,Action_Expert,Action_Expert,36,36,True,True,True,0,0.22,0.24
webarena_verified__166,webarena_verified,63,segmented_choice,Verification_Expert,Task_Planner,18,16,False,False,True,2,0.51,0.29
webarena_verified__167,webarena_verified,63,segmented_choice,Action_Expert,Task_Planner,36,16,False,False,False,20,0.71,0.33
webarena_verified__168,webarena_verified,63,segmented_choice,Task_Planner,Task_Planner,34,36,True,False,True,2,0.33,0.34
webarena_verified__169,webarena_verified,63,segmented_choice,Task_Planner,Verification_Expert,3,56,False,False,False,53,0.6,0.11
webarena_verified__170,webarena_verified,43,segmented_choice,Task_Planner,Task_Planner,14,14,True,True,True,0,0.33,0.66
webarena_verified__171,webarena_verified,33,segmented_choice,Verification_Expert,Verification_Expert,9,26,True,False,False,17,0.51,0.33
webarena_verified__172,webarena_verified,43,segmented_choice,Action_Expert,Action_Expert,36,36,True,True,True,0,0.73,0.82
webarena_verified__173,webarena_verified,63,segmented_choice,Task_Planner,Task_Planner,54,2,True,False,False,52,0.66,0.13
webarena_verified__174,webarena_verified,63,segmented_choice,Action_Expert,Task_Planner,16,6,False,False,False,10,0.59,0.4
webarena_verified__175,webarena_verified,63,segmented_choice,Action_Expert,Action_Expert,26,36,True,False,False,10,0.57,0.36
webarena_verified__176,webarena_verified,63,segmented_choice,Task_Planner,Action_Expert,60,46,False,False,False,14,0.34,0.25
webarena_verified__177,webarena_verified,63,segmented_choice,Action_Expert,Action_Expert,26,6,True,False,False,20,0.43,0.48
