question_ID,source,stage,reference_step,predicted_step,reference_role,predicted_role,role_correct,step_exact,step_within_5,absolute_step_error,steps,method,step_confidence,call_log_directory
swe_bench_pro__001,swe_bench_pro,reduction_drop,25,178,DiagnostAgent (-> ActionAgent),ActionAgent,False,False,False,153,309,segmented_choice,0.17,results/full/calls/swe_bench_pro__001
swe_bench_pro__002,swe_bench_pro,reduction_drop,21,51,DiagnostAgent (-> ActionAgent),JudgeAgent,False,False,False,30,120,segmented_choice,0.42,results/full/calls/swe_bench_pro__002
swe_bench_pro__003,swe_bench_pro,final_wrong,246,167,DiagnostAgent (-> ActionAgent),ActionAgent,False,False,False,79,429,segmented_choice,0.57,results/full/calls/swe_bench_pro__003
swe_bench_pro__004,swe_bench_pro,reduction_drop,124,75,DiagnostAgent (-> ActionAgent),ActionAgent,False,False,False,49,345,segmented_choice,0.29,results/full/calls/swe_bench_pro__004
swe_bench_pro__005,swe_bench_pro,final_wrong,33,34,DiagnostAgent (-> ActionAgent),ActionAgent,False,False,True,1,320,segmented_choice,0.46,results/full/calls/swe_bench_pro__005
swe_bench_pro__006,swe_bench_pro,final_wrong,56,35,ActionAgent,ActionAgent,True,False,False,21,172,segmented_choice,0.06,results/full/calls/swe_bench_pro__006
swe_bench_pro__007,swe_bench_pro,reduction_drop,27,38,DiagnostAgent (-> ActionAgent),ActionAgent,False,False,False,11,170,segmented_choice,0.28,results/full/calls/swe_bench_pro__007
swe_bench_pro__008,swe_bench_pro,recall_miss,54,64,ActionAgent,ActionAgent,True,False,False,10,210,segmented_choice,0.53,results/full/calls/swe_bench_pro__008
swe_bench_pro__009,swe_bench_pro,reduction_drop,52,46,ActionAgent,ActionAgent,True,False,False,6,190,segmented_choice,0.44,results/full/calls/swe_bench_pro__009
swe_bench_pro__010,swe_bench_pro,final_wrong,76,46,ActionAgent,ActionAgent,True,False,False,30,258,segmented_choice,0.42,results/full/calls/swe_bench_pro__010
swe_bench_pro__011,swe_bench_pro,reduction_drop,17,79,DiagnostAgent (-> ActionAgent),ActionAgent,False,False,False,62,417,segmented_choice,0.29,results/full/calls/swe_bench_pro__011
swe_bench_pro__012,swe_bench_pro,final_wrong,21,32,DiagnostAgent (-> ActionAgent),ActionAgent,False,False,False,11,125,segmented_choice,0.2,results/full/calls/swe_bench_pro__012
swe_bench_pro__013,swe_bench_pro,final_wrong,23,26,DiagnostAgent (-> ActionAgent),JudgeAgent,False,False,True,3,80,segmented_choice,0.21,results/full/calls/swe_bench_pro__013
swe_bench_pro__014,swe_bench_pro,reduction_drop,31,36,DiagnostAgent (-> ActionAgent),ActionAgent,False,False,True,5,170,segmented_choice,0.42,results/full/calls/swe_bench_pro__014
swe_bench_pro__015,swe_bench_pro,correct,110,110,DiagnostAgent (-> ActionAgent),ActionAgent,False,True,True,0,502,segmented_choice,0.61,results/full/calls/swe_bench_pro__015
swe_bench_pro__016,swe_bench_pro,final_wrong,49,50,DiagnostAgent (-> ActionAgent),ActionAgent,False,False,True,1,250,segmented_choice,0.61,results/full/calls/swe_bench_pro__016
swe_bench_pro__017,swe_bench_pro,final_wrong,130,304,ActionAgent,ActionAgent,True,False,False,174,461,segmented_choice,0.2,results/full/calls/swe_bench_pro__017
swe_bench_pro__018,swe_bench_pro,reduction_drop,23,25,DiagnostAgent,ActionAgent,False,False,True,2,284,segmented_choice,0.42,results/full/calls/swe_bench_pro__018
swe_bench_pro__019,swe_bench_pro,final_wrong,57,180,DiagnostAgent (-> ActionAgent),ActionAgent,False,False,False,123,280,segmented_choice,0.26,results/full/calls/swe_bench_pro__019
swe_bench_pro__020,swe_bench_pro,reduction_drop,28,31,DiagnostAgent (-> ActionAgent),ActionAgent,False,False,True,3,106,segmented_choice,0.24,results/full/calls/swe_bench_pro__020
swe_bench_pro__021,swe_bench_pro,final_wrong,21,69,DiagnostAgent (-> ActionAgent),ActionAgent,False,False,False,48,270,segmented_choice,0.49,results/full/calls/swe_bench_pro__021
swe_bench_pro__022,swe_bench_pro,reduction_drop,23,38,DiagnostAgent (-> ActionAgent),JudgeAgent,False,False,False,15,138,segmented_choice,0.23,results/full/calls/swe_bench_pro__022
swe_bench_pro__023,swe_bench_pro,reduction_drop,37,39,DiagnostAgent (-> ActionAgent),DiagnostAgent,True,False,True,2,164,segmented_choice,0.17,results/full/calls/swe_bench_pro__023
swe_bench_pro__024,swe_bench_pro,reduction_drop,44,73,DiagnostAgent (-> ActionAgent),ActionAgent,False,False,False,29,338,segmented_choice,0.51,results/full/calls/swe_bench_pro__024
swe_bench_pro__025,swe_bench_pro,reduction_drop,42,20,DiagnostAgent (-> ActionAgent),DiagnostAgent,True,False,False,22,215,segmented_choice,0.51,results/full/calls/swe_bench_pro__025
swe_bench_pro__026,swe_bench_pro,reduction_drop,31,90,DiagnostAgent (-> ActionAgent),ActionAgent,False,False,False,59,182,segmented_choice,0.88,results/full/calls/swe_bench_pro__026
swe_bench_pro__027,swe_bench_pro,reduction_drop,203,111,ActionAgent,ActionAgent,True,False,False,92,355,segmented_choice,0.24,results/full/calls/swe_bench_pro__027
swe_bench_pro__028,swe_bench_pro,reduction_drop,102,109,DiagnostAgent (-> ActionAgent),ActionAgent,False,False,False,7,322,segmented_choice,0.65,results/full/calls/swe_bench_pro__028
swe_bench_pro__029,swe_bench_pro,final_wrong,106,15,ActionAgent,DiagnostAgent,False,False,False,91,248,segmented_choice,0.16,results/full/calls/swe_bench_pro__029
swe_bench_pro__030,swe_bench_pro,correct,42,42,ActionAgent,ActionAgent,True,True,True,0,96,segmented_choice,0.46,results/full/calls/swe_bench_pro__030
swe_bench_pro__031,swe_bench_pro,reduction_drop,25,122,DiagnostAgent (-> ActionAgent),JudgeAgent,False,False,False,97,294,segmented_choice,0.29,results/full/calls/swe_bench_pro__031
swe_bench_pro__032,swe_bench_pro,final_wrong,60,9,ActionAgent,DiagnostAgent,False,False,False,51,96,segmented_choice,0.42,results/full/calls/swe_bench_pro__032
swe_bench_pro__033,swe_bench_pro,reduction_drop,99,193,ActionAgent,DiagnostAgent,False,False,False,94,334,segmented_choice,0.17,results/full/calls/swe_bench_pro__033
swe_bench_pro__034,swe_bench_pro,reduction_drop,66,149,DiagnostAgent (-> ActionAgent),JudgeAgent,False,False,False,83,189,segmented_choice,0.24,results/full/calls/swe_bench_pro__034
swe_bench_pro__035,swe_bench_pro,final_wrong,25,62,DiagnostAgent (-> ActionAgent),ActionAgent,False,False,False,37,140,segmented_choice,0.73,results/full/calls/swe_bench_pro__035
swe_bench_pro__036,swe_bench_pro,recall_miss,25,89,DiagnostAgent,JudgeAgent,False,False,False,64,204,segmented_choice,0.23,results/full/calls/swe_bench_pro__036
swe_bench_pro__037,swe_bench_pro,final_wrong,19,97,DiagnostAgent (-> ActionAgent),ActionAgent,False,False,False,78,114,segmented_choice,0.25,results/full/calls/swe_bench_pro__037
swe_bench_pro__038,swe_bench_pro,final_wrong,121,24,JudgeAgent,JudgeAgent,True,False,False,97,142,segmented_choice,0.11,results/full/calls/swe_bench_pro__038
swe_bench_pro__039,swe_bench_pro,reduction_drop,43,70,DiagnostAgent (-> ActionAgent),ActionAgent,False,False,False,27,645,segmented_choice,0.21,results/full/calls/swe_bench_pro__039
swe_bench_pro__040,swe_bench_pro,final_wrong,23,34,DiagnostAgent (-> ActionAgent),ActionAgent,False,False,False,11,150,segmented_choice,0.82,results/full/calls/swe_bench_pro__040
swe_bench_pro__041,swe_bench_pro,reduction_drop,148,100,DiagnostAgent (-> ActionAgent),ActionAgent,False,False,False,48,275,segmented_choice,0.48,results/full/calls/swe_bench_pro__041
swe_bench_pro__042,swe_bench_pro,reduction_drop,22,27,ActionAgent,ActionAgent,True,False,True,5,146,segmented_choice,0.64,results/full/calls/swe_bench_pro__042
swe_bench_pro__043,swe_bench_pro,reduction_drop,72,570,ActionAgent,DiagnostAgent,False,False,False,498,634,segmented_choice,0.27,results/full/calls/swe_bench_pro__043
swe_bench_pro__044,swe_bench_pro,correct,57,57,DiagnostAgent (-> ActionAgent),ActionAgent,False,True,True,0,335,segmented_choice,0.22,results/full/calls/swe_bench_pro__044
swe_bench_pro__045,swe_bench_pro,reduction_drop,48,194,ActionAgent,ActionAgent,True,False,False,146,299,segmented_choice,0.1,results/full/calls/swe_bench_pro__045
swe_bench_pro__046,swe_bench_pro,final_wrong,39,102,DiagnostAgent (-> ActionAgent),ActionAgent,False,False,False,63,355,segmented_choice,0.32,results/full/calls/swe_bench_pro__046
swe_bench_pro__047,swe_bench_pro,recall_miss,133,19,ActionAgent,ActionAgent,True,False,False,114,250,segmented_choice,0.45,results/full/calls/swe_bench_pro__047
swe_bench_pro__048,swe_bench_pro,reduction_drop,33,31,DiagnostAgent (-> ActionAgent),DiagnostAgent,True,False,True,2,126,segmented_choice,0.6,results/full/calls/swe_bench_pro__048
swe_bench_pro__049,swe_bench_pro,final_wrong,44,101,ActionAgent,JudgeAgent,False,False,False,57,140,segmented_choice,0.62,results/full/calls/swe_bench_pro__049
swe_bench_pro__050,swe_bench_pro,final_wrong,54,104,ActionAgent,ActionAgent,True,False,False,50,355,segmented_choice,0.13,results/full/calls/swe_bench_pro__050
swe_bench_pro__051,swe_bench_pro,final_wrong,35,133,DiagnostAgent,ActionAgent,False,False,False,98,226,segmented_choice,0.5,results/full/calls/swe_bench_pro__051
swe_bench_pro__052,swe_bench_pro,final_wrong,204,50,ActionAgent,ActionAgent,True,False,False,154,393,segmented_choice,0.51,results/full/calls/swe_bench_pro__052
swe_bench_pro__053,swe_bench_pro,reduction_drop,181,365,DiagnostAgent (-> ActionAgent),ActionAgent,False,False,False,184,455,segmented_choice,0.38,results/full/calls/swe_bench_pro__053
swe_bench_pro__054,swe_bench_pro,reduction_drop,51,152,DiagnostAgent (-> ActionAgent),ActionAgent,False,False,False,101,195,segmented_choice,0.14,results/full/calls/swe_bench_pro__054
swe_bench_pro__055,swe_bench_pro,recall_miss,70,50,ActionAgent,ActionAgent,True,False,False,20,164,segmented_choice,0.23,results/full/calls/swe_bench_pro__055
swe_bench_pro__056,swe_bench_pro,reduction_drop,45,122,DiagnostAgent (-> ActionAgent),ActionAgent,False,False,False,77,367,segmented_choice,0.42,results/full/calls/swe_bench_pro__056
swe_bench_pro__057,swe_bench_pro,reduction_drop,80,123,DiagnostAgent,ActionAgent,False,False,False,43,358,segmented_choice,0.44,results/full/calls/swe_bench_pro__057
swe_bench_pro__058,swe_bench_pro,correct,40,40,ActionAgent,ActionAgent,True,True,True,0,180,segmented_choice,0.56,results/full/calls/swe_bench_pro__058
swe_bench_pro__059,swe_bench_pro,reduction_drop,19,158,DiagnostAgent (-> ActionAgent),ActionAgent,False,False,False,139,229,segmented_choice,0.54,results/full/calls/swe_bench_pro__059
swe_bench_pro__060,swe_bench_pro,recall_miss,215,27,ActionAgent,DiagnostAgent,False,False,False,188,439,segmented_choice,0.64,results/full/calls/swe_bench_pro__060
swe_bench_pro__061,swe_bench_pro,correct,37,37,DiagnostAgent (-> ActionAgent),DiagnostAgent,True,True,True,0,158,segmented_choice,0.56,results/full/calls/swe_bench_pro__061
swe_bench_pro__062,swe_bench_pro,reduction_drop,41,66,DiagnostAgent (-> ActionAgent),ActionAgent,False,False,False,25,245,segmented_choice,0.29,results/full/calls/swe_bench_pro__062
swe_bench_pro__063,swe_bench_pro,reduction_drop,43,112,DiagnostAgent (-> ActionAgent),ActionAgent,False,False,False,69,274,segmented_choice,0.6,results/full/calls/swe_bench_pro__063
swe_bench_pro__064,swe_bench_pro,reduction_drop,39,76,DiagnostAgent (-> ActionAgent),DiagnostAgent,True,False,False,37,480,segmented_choice,0.42,results/full/calls/swe_bench_pro__064
swe_bench_pro__065,swe_bench_pro,recall_miss,43,42,ActionAgent,ActionAgent,True,False,True,1,230,segmented_choice,0.7,results/full/calls/swe_bench_pro__065
swe_bench_pro__066,swe_bench_pro,recall_miss,317,0,JudgeAgent,DiagnostAgent,False,False,False,317,385,segmented_choice,0.15,results/full/calls/swe_bench_pro__066
swe_bench_pro__067,swe_bench_pro,reduction_drop,104,133,DiagnostAgent (-> ActionAgent),ActionAgent,False,False,False,29,436,segmented_choice,0.8,results/full/calls/swe_bench_pro__067
swe_bench_pro__068,swe_bench_pro,final_wrong,37,114,DiagnostAgent (-> ActionAgent),ActionAgent,False,False,False,77,231,segmented_choice,0.91,results/full/calls/swe_bench_pro__068
swe_bench_pro__069,swe_bench_pro,reduction_drop,25,34,DiagnostAgent (-> ActionAgent),ActionAgent,False,False,False,9,150,segmented_choice,0.78,results/full/calls/swe_bench_pro__069
swe_bench_pro__070,swe_bench_pro,correct,23,23,DiagnostAgent (-> ActionAgent),DiagnostAgent,True,True,True,0,257,segmented_choice,0.52,results/full/calls/swe_bench_pro__070
swe_bench_pro__071,swe_bench_pro,final_wrong,27,89,DiagnostAgent (-> ActionAgent),ActionAgent,False,False,False,62,162,segmented_choice,0.44,results/full/calls/swe_bench_pro__071
swe_bench_pro__072,swe_bench_pro,recall_miss,46,48,ActionAgent,ActionAgent,True,False,True,2,178,segmented_choice,0.51,results/full/calls/swe_bench_pro__072
swe_bench_pro__073,swe_bench_pro,reduction_drop,67,39,ActionAgent,ActionAgent,True,False,False,28,330,segmented_choice,0.6,results/full/calls/swe_bench_pro__073
swe_bench_pro__074,swe_bench_pro,reduction_drop,205,47,DiagnostAgent (-> ActionAgent),ActionAgent,False,False,False,158,661,segmented_choice,0.25,results/full/calls/swe_bench_pro__074
swe_bench_pro__075,swe_bench_pro,reduction_drop,206,146,JudgeAgent,JudgeAgent,True,False,False,60,220,segmented_choice,0.52,results/full/calls/swe_bench_pro__075
swe_bench_pro__076,swe_bench_pro,final_wrong,43,193,DiagnostAgent (-> ActionAgent),JudgeAgent,False,False,False,150,196,segmented_choice,0.11,results/full/calls/swe_bench_pro__076
swe_bench_pro__077,swe_bench_pro,recall_miss,92,70,ActionAgent,DiagnostAgent,False,False,False,22,444,segmented_choice,0.31,results/full/calls/swe_bench_pro__077
swe_bench_pro__078,swe_bench_pro,final_wrong,48,119,DiagnostAgent (-> ActionAgent),ActionAgent,False,False,False,71,279,segmented_choice,0.75,results/full/calls/swe_bench_pro__078
swe_bench_pro__079,swe_bench_pro,reduction_drop,47,78,DiagnostAgent (-> ActionAgent),JudgeAgent,False,False,False,31,220,segmented_choice,0.16,results/full/calls/swe_bench_pro__079
swe_bench_pro__080,swe_bench_pro,correct,17,17,DiagnostAgent (-> ActionAgent),JudgeAgent,False,True,True,0,96,segmented_choice,0.13,results/full/calls/swe_bench_pro__080
swe_bench_pro__081,swe_bench_pro,final_wrong,72,188,ActionAgent,ActionAgent,True,False,False,116,561,segmented_choice,0.14,results/full/calls/swe_bench_pro__081
swe_bench_pro__082,swe_bench_pro,correct,25,25,DiagnostAgent (-> ActionAgent),ActionAgent,False,True,True,0,92,segmented_choice,0.38,results/full/calls/swe_bench_pro__082
swe_bench_pro__083,swe_bench_pro,reduction_drop,76,23,DiagnostAgent (-> ActionAgent),DiagnostAgent,True,False,False,53,354,segmented_choice,0.14,results/full/calls/swe_bench_pro__083
swe_bench_pro__084,swe_bench_pro,final_wrong,77,222,DiagnostAgent (-> ActionAgent),ActionAgent,False,False,False,145,559,segmented_choice,0.62,results/full/calls/swe_bench_pro__084
swe_bench_pro__085,swe_bench_pro,reduction_drop,39,578,DiagnostAgent (-> ActionAgent),ActionAgent,False,False,False,539,645,segmented_choice,0.38,results/full/calls/swe_bench_pro__085
swe_bench_pro__086,swe_bench_pro,correct,39,39,DiagnostAgent (-> ActionAgent),ActionAgent,False,True,True,0,148,segmented_choice,0.18,results/full/calls/swe_bench_pro__086
swe_bench_pro__087,swe_bench_pro,reduction_drop,29,40,DiagnostAgent (-> ActionAgent),ActionAgent,False,False,False,11,142,segmented_choice,0.77,results/full/calls/swe_bench_pro__087
swe_bench_pro__088,swe_bench_pro,reduction_drop,36,231,ActionAgent,ActionAgent,True,False,False,195,382,segmented_choice,0.21,results/full/calls/swe_bench_pro__088
swe_bench_pro__089,swe_bench_pro,final_wrong,91,222,ActionAgent,JudgeAgent,False,False,False,131,262,segmented_choice,0.28,results/full/calls/swe_bench_pro__089
swe_bench_pro__090,swe_bench_pro,final_wrong,34,46,ActionAgent,ActionAgent,True,False,False,12,318,segmented_choice,0.43,results/full/calls/swe_bench_pro__090
swe_bench_pro__091,swe_bench_pro,reduction_drop,169,480,DiagnostAgent (-> ActionAgent),DiagnostAgent,True,False,False,311,728,segmented_choice,0.45,results/full/calls/swe_bench_pro__091
swe_bench_pro__092,swe_bench_pro,recall_miss,264,52,ActionAgent,JudgeAgent,False,False,False,212,402,segmented_choice,0.08,results/full/calls/swe_bench_pro__092
swe_bench_pro__093,swe_bench_pro,reduction_drop,399,50,DiagnostAgent (-> ActionAgent),ActionAgent,False,False,False,349,555,segmented_choice,0.65,results/full/calls/swe_bench_pro__093
swe_bench_pro__094,swe_bench_pro,reduction_drop,35,110,DiagnostAgent,ActionAgent,False,False,False,75,184,segmented_choice,0.69,results/full/calls/swe_bench_pro__094
swe_bench_pro__095,swe_bench_pro,reduction_drop,21,148,DiagnostAgent (-> ActionAgent),ActionAgent,False,False,False,127,325,segmented_choice,0.29,results/full/calls/swe_bench_pro__095
swe_bench_pro__096,swe_bench_pro,final_wrong,38,336,ActionAgent,JudgeAgent,False,False,False,298,480,segmented_choice,0.12,results/full/calls/swe_bench_pro__096
swe_bench_pro__097,swe_bench_pro,reduction_drop,119,208,ActionAgent,ActionAgent,True,False,False,89,326,segmented_choice,0.55,results/full/calls/swe_bench_pro__097
swe_bench_pro__098,swe_bench_pro,recall_miss,50,17,ActionAgent,DiagnostAgent,False,False,False,33,237,segmented_choice,0.27,results/full/calls/swe_bench_pro__098
swe_bench_pro__099,swe_bench_pro,reduction_drop,434,30,ActionAgent,DiagnostAgent,False,False,False,404,501,segmented_choice,0.3,results/full/calls/swe_bench_pro__099
swe_bench_pro__100,swe_bench_pro,recall_miss,28,34,ActionAgent,ActionAgent,True,False,False,6,236,segmented_choice,0.63,results/full/calls/swe_bench_pro__100
swe_bench_pro__101,swe_bench_pro,reduction_drop,179,57,DiagnostAgent (-> ActionAgent),ActionAgent,False,False,False,122,378,segmented_choice,0.4,results/full/calls/swe_bench_pro__101
swe_bench_pro__102,swe_bench_pro,reduction_drop,56,80,ActionAgent,ActionAgent,True,False,False,24,357,segmented_choice,0.49,results/full/calls/swe_bench_pro__102
swe_bench_pro__103,swe_bench_pro,correct,54,54,ActionAgent,ActionAgent,True,True,True,0,140,segmented_choice,0.41,results/full/calls/swe_bench_pro__103
swe_bench_pro__104,swe_bench_pro,correct,29,29,DiagnostAgent (-> ActionAgent),JudgeAgent,False,True,True,0,265,segmented_choice,0.17,results/full/calls/swe_bench_pro__104
swe_bench_pro__105,swe_bench_pro,reduction_drop,6,30,Computer_terminal,ActionAgent,False,False,False,24,317,segmented_choice,0.29,results/full/calls/swe_bench_pro__105
swe_bench_pro__106,swe_bench_pro,reduction_drop,37,127,DiagnostAgent (-> ActionAgent),JudgeAgent,False,False,False,90,194,segmented_choice,0.6,results/full/calls/swe_bench_pro__106
swe_bench_pro__107,swe_bench_pro,final_wrong,82,92,ActionAgent,ActionAgent,True,False,False,10,324,segmented_choice,0.41,results/full/calls/swe_bench_pro__107
swe_bench_pro__108,swe_bench_pro,reduction_drop,169,36,ActionAgent,ActionAgent,True,False,False,133,617,segmented_choice,0.32,results/full/calls/swe_bench_pro__108
swe_bench_pro__109,swe_bench_pro,reduction_drop,50,117,ActionAgent,ActionAgent,True,False,False,67,646,segmented_choice,0.26,results/full/calls/swe_bench_pro__109
swe_bench_pro__110,swe_bench_pro,recall_miss,333,86,JudgeAgent,ActionAgent,False,False,False,247,366,segmented_choice,0.21,results/full/calls/swe_bench_pro__110
swe_bench_pro__111,swe_bench_pro,reduction_drop,27,54,DiagnostAgent (-> ActionAgent),ActionAgent,False,False,False,27,196,segmented_choice,0.24,results/full/calls/swe_bench_pro__111
swe_bench_pro__112,swe_bench_pro,final_wrong,13,30,DiagnostAgent (-> ActionAgent),JudgeAgent,False,False,False,17,106,segmented_choice,0.33,results/full/calls/swe_bench_pro__112
swe_bench_pro__113,swe_bench_pro,final_wrong,21,32,DiagnostAgent (-> ActionAgent),JudgeAgent,False,False,False,11,226,segmented_choice,0.14,results/full/calls/swe_bench_pro__113
swe_bench_pro__114,swe_bench_pro,reduction_drop,21,10,DiagnostAgent (-> ActionAgent),JudgeAgent,False,False,False,11,114,segmented_choice,0.47,results/full/calls/swe_bench_pro__114
swe_bench_pro__115,swe_bench_pro,final_wrong,45,58,DiagnostAgent (-> ActionAgent),ActionAgent,False,False,False,13,164,segmented_choice,0.32,results/full/calls/swe_bench_pro__115
swe_bench_pro__116,swe_bench_pro,final_wrong,17,123,DiagnostAgent (-> ActionAgent),JudgeAgent,False,False,False,106,277,segmented_choice,0.43,results/full/calls/swe_bench_pro__116
swe_bench_pro__117,swe_bench_pro,final_wrong,51,70,DiagnostAgent (-> ActionAgent),JudgeAgent,False,False,False,19,158,segmented_choice,0.2,results/full/calls/swe_bench_pro__117
swe_bench_pro__118,swe_bench_pro,final_wrong,31,44,DiagnostAgent (-> ActionAgent),ActionAgent,False,False,False,13,122,segmented_choice,0.22,results/full/calls/swe_bench_pro__118
swe_bench_pro__119,swe_bench_pro,reduction_drop,21,179,DiagnostAgent (-> ActionAgent),ActionAgent,False,False,False,158,182,segmented_choice,0.57,results/full/calls/swe_bench_pro__119
swe_bench_pro__120,swe_bench_pro,reduction_drop,64,32,DiagnostAgent,ActionAgent,False,False,False,32,425,segmented_choice,0.17,results/full/calls/swe_bench_pro__120
swe_bench_pro__121,swe_bench_pro,final_wrong,15,20,DiagnostAgent (-> ActionAgent),ActionAgent,False,False,True,5,280,segmented_choice,0.42,results/full/calls/swe_bench_pro__121
swe_bench_pro__122,swe_bench_pro,correct,33,33,DiagnostAgent (-> ActionAgent),ActionAgent,False,True,True,0,503,segmented_choice,0.32,results/full/calls/swe_bench_pro__122
swe_bench_pro__123,swe_bench_pro,correct,33,33,DiagnostAgent (-> ActionAgent),ActionAgent,False,True,True,0,146,segmented_choice,0.31,results/full/calls/swe_bench_pro__123
swe_bench_pro__124,swe_bench_pro,reduction_drop,52,53,ActionAgent,ActionAgent,True,False,True,1,366,segmented_choice,0.41,results/full/calls/swe_bench_pro__124
swe_bench_pro__125,swe_bench_pro,final_wrong,35,97,DiagnostAgent (-> ActionAgent),ActionAgent,False,False,False,62,270,segmented_choice,0.13,results/full/calls/swe_bench_pro__125
swe_bench_pro__126,swe_bench_pro,final_wrong,17,37,DiagnostAgent (-> ActionAgent),ActionAgent,False,False,False,20,196,segmented_choice,0.34,results/full/calls/swe_bench_pro__126
swe_bench_pro__127,swe_bench_pro,correct,100,100,ActionAgent,ActionAgent,True,True,True,0,162,segmented_choice,0.75,results/full/calls/swe_bench_pro__127
swe_bench_pro__128,swe_bench_pro,reduction_drop,64,32,ActionAgent,ActionAgent,True,False,False,32,156,segmented_choice,0.33,results/full/calls/swe_bench_pro__128
terminal_bench_2__001,terminal_bench_2,final_wrong,212,213,ActionAgent,ActionAgent,True,False,True,1,390,segmented_choice,0.22,results/full/calls/terminal_bench_2__001
terminal_bench_2__002,terminal_bench_2,final_wrong,64,49,ActionAgent,DiagnostAgent,False,False,False,15,496,segmented_choice,0.49,results/full/calls/terminal_bench_2__002
terminal_bench_2__003,terminal_bench_2,final_wrong,10,13,DiagnostAgent (-> ActionAgent),ActionAgent,False,False,True,3,46,segmented_choice,0.46,results/full/calls/terminal_bench_2__003
terminal_bench_2__004,terminal_bench_2,reduction_drop,69,78,DiagnostAgent (-> ActionAgent),JudgeAgent,False,False,False,9,404,segmented_choice,0.3,results/full/calls/terminal_bench_2__004
terminal_bench_2__005,terminal_bench_2,recall_miss,28,252,DiagnostAgent,DiagnostAgent,True,False,False,224,260,segmented_choice,0.35,results/full/calls/terminal_bench_2__005
terminal_bench_2__006,terminal_bench_2,final_wrong,53,5,DiagnostAgent (-> ActionAgent),ActionAgent,False,False,False,48,131,segmented_choice,0.28,results/full/calls/terminal_bench_2__006
terminal_bench_2__007,terminal_bench_2,correct,28,28,DiagnostAgent (-> ActionAgent),DiagnostAgent,True,True,True,0,159,segmented_choice,0.55,results/full/calls/terminal_bench_2__007
terminal_bench_2__008,terminal_bench_2,final_wrong,3,6,DiagnostAgent (-> ActionAgent),ActionAgent,False,False,True,3,128,segmented_choice,0.38,results/full/calls/terminal_bench_2__008
terminal_bench_2__009,terminal_bench_2,reduction_drop,5,177,DiagnostAgent (-> ActionAgent),ActionAgent,False,False,False,172,497,segmented_choice,0.15,results/full/calls/terminal_bench_2__009
terminal_bench_2__010,terminal_bench_2,correct,6,6,ActionAgent,ActionAgent,True,True,True,0,343,segmented_choice,0.24,results/full/calls/terminal_bench_2__010
terminal_bench_2__011,terminal_bench_2,reduction_drop,3,63,DiagnostAgent (-> ActionAgent),ActionAgent,False,False,False,60,180,segmented_choice,0.34,results/full/calls/terminal_bench_2__011
terminal_bench_2__012,terminal_bench_2,correct,36,36,ActionAgent,ActionAgent,True,True,True,0,182,segmented_choice,0.8,results/full/calls/terminal_bench_2__012
terminal_bench_2__013,terminal_bench_2,correct,15,15,DiagnostAgent,DiagnostAgent,True,True,True,0,44,segmented_choice,0.9,results/full/calls/terminal_bench_2__013
terminal_bench_2__014,terminal_bench_2,correct,7,7,DiagnostAgent (-> ActionAgent),ActionAgent,False,True,True,0,206,segmented_choice,0.39,results/full/calls/terminal_bench_2__014
terminal_bench_2__015,terminal_bench_2,recall_miss,12,19,ActionAgent,JudgeAgent,False,False,False,7,54,segmented_choice,0.35,results/full/calls/terminal_bench_2__015
terminal_bench_2__016,terminal_bench_2,reduction_drop,398,5,JudgeAgent,ActionAgent,False,False,False,393,546,segmented_choice,0.72,results/full/calls/terminal_bench_2__016
terminal_bench_2__017,terminal_bench_2,reduction_drop,143,5,DiagnostAgent (-> ActionAgent),ActionAgent,False,False,False,138,492,segmented_choice,0.37,results/full/calls/terminal_bench_2__017
terminal_bench_2__018,terminal_bench_2,correct,44,44,DiagnostAgent (-> ActionAgent),ActionAgent,False,True,True,0,202,segmented_choice,0.3,results/full/calls/terminal_bench_2__018
terminal_bench_2__019,terminal_bench_2,correct,130,130,DiagnostAgent (-> ActionAgent),DiagnostAgent,True,True,True,0,463,segmented_choice,0.36,results/full/calls/terminal_bench_2__019
terminal_bench_2__020,terminal_bench_2,recall_miss,14,114,ActionAgent,ActionAgent,True,False,False,100,140,segmented_choice,0.12,results/full/calls/terminal_bench_2__020
terminal_bench_2__021,terminal_bench_2,recall_miss,14,5,ActionAgent,DiagnostAgent,False,False,False,9,137,segmented_choice,0.23,results/full/calls/terminal_bench_2__021
terminal_bench_2__022,terminal_bench_2,final_wrong,5,57,DiagnostAgent (-> ActionAgent),DiagnostAgent,True,False,False,52,189,segmented_choice,0.15,results/full/calls/terminal_bench_2__022
terminal_bench_2__023,terminal_bench_2,correct,20,20,ActionAgent,JudgeAgent,False,True,True,0,76,segmented_choice,0.13,results/full/calls/terminal_bench_2__023
terminal_bench_2__024,terminal_bench_2,correct,3,3,DiagnostAgent (-> ActionAgent),ActionAgent,False,True,True,0,84,segmented_choice,0.3,results/full/calls/terminal_bench_2__024
terminal_bench_2__025,terminal_bench_2,correct,73,73,ActionAgent,ActionAgent,True,True,True,0,204,segmented_choice,0.96,results/full/calls/terminal_bench_2__025
terminal_bench_2__026,terminal_bench_2,reduction_drop,51,22,ActionAgent,ActionAgent,True,False,False,29,229,segmented_choice,0.49,results/full/calls/terminal_bench_2__026
terminal_bench_2__027,terminal_bench_2,recall_miss,517,116,JudgeAgent,DiagnostAgent,False,False,False,401,544,segmented_choice,0.39,results/full/calls/terminal_bench_2__027
terminal_bench_2__028,terminal_bench_2,recall_miss,57,3,Computer_terminal,DiagnostAgent,False,False,False,54,193,segmented_choice,0.56,results/full/calls/terminal_bench_2__028
terminal_bench_2__029,terminal_bench_2,reduction_drop,94,32,JudgeAgent,ActionAgent,False,False,False,62,97,segmented_choice,0.52,results/full/calls/terminal_bench_2__029
terminal_bench_2__030,terminal_bench_2,recall_miss,52,79,ActionAgent,ActionAgent,True,False,False,27,317,segmented_choice,0.4,results/full/calls/terminal_bench_2__030
terminal_bench_2__031,terminal_bench_2,recall_miss,160,5,ActionAgent,ActionAgent,True,False,False,155,208,segmented_choice,0.16,results/full/calls/terminal_bench_2__031
terminal_bench_2__032,terminal_bench_2,final_wrong,182,152,DiagnostAgent (-> ActionAgent),ActionAgent,False,False,False,30,450,segmented_choice,0.54,results/full/calls/terminal_bench_2__032
terminal_bench_2__033,terminal_bench_2,reduction_drop,29,128,ActionAgent,ActionAgent,True,False,False,99,219,segmented_choice,0.45,results/full/calls/terminal_bench_2__033
terminal_bench_2__034,terminal_bench_2,correct,47,47,ActionAgent,ActionAgent,True,True,True,0,189,segmented_choice,0.69,results/full/calls/terminal_bench_2__034
terminal_bench_2__035,terminal_bench_2,reduction_drop,72,70,ActionAgent,DiagnostAgent,False,False,True,2,480,segmented_choice,0.17,results/full/calls/terminal_bench_2__035
terminal_bench_2__036,terminal_bench_2,reduction_drop,87,329,ActionAgent,ActionAgent,True,False,False,242,541,segmented_choice,0.27,results/full/calls/terminal_bench_2__036
terminal_bench_2__037,terminal_bench_2,reduction_drop,179,28,DiagnostAgent (-> ActionAgent),ActionAgent,False,False,False,151,409,segmented_choice,0.29,results/full/calls/terminal_bench_2__037
terminal_bench_2__038,terminal_bench_2,recall_miss,9,51,DiagnostAgent,DiagnostAgent,True,False,False,42,154,segmented_choice,0.47,results/full/calls/terminal_bench_2__038
terminal_bench_2__039,terminal_bench_2,recall_miss,107,188,DiagnostAgent,ActionAgent,False,False,False,81,220,segmented_choice,0.12,results/full/calls/terminal_bench_2__039
terminal_bench_2__040,terminal_bench_2,correct,85,85,ActionAgent,ActionAgent,True,True,True,0,231,segmented_choice,0.26,results/full/calls/terminal_bench_2__040
terminal_bench_2__041,terminal_bench_2,recall_miss,180,277,ActionAgent,ActionAgent,True,False,False,97,379,segmented_choice,0.47,results/full/calls/terminal_bench_2__041
terminal_bench_2__042,terminal_bench_2,reduction_drop,330,31,DiagnostAgent (-> ActionAgent),ActionAgent,False,False,False,299,516,segmented_choice,0.46,results/full/calls/terminal_bench_2__042
travelplanner__001,travelplanner,recall_miss,39,30,Task_Planner,transport_agent,False,False,False,9,143,segmented_choice,0.39,results/full/calls/travelplanner__001
travelplanner__002,travelplanner,final_wrong,162,213,transport_agent,manager_agent,False,False,False,51,216,segmented_choice,0.34,results/full/calls/travelplanner__002
travelplanner__003,travelplanner,correct,90,90,verifier_agent,verifier_agent,True,True,True,0,93,segmented_choice,0.23,results/full/calls/travelplanner__003
travelplanner__004,travelplanner,reduction_drop,333,268,Task_Planner,stay_agent,False,False,False,65,339,segmented_choice,0.45,results/full/calls/travelplanner__004
travelplanner__005,travelplanner,final_wrong,86,24,verifier_agent,stay_agent,False,False,False,62,89,segmented_choice,0.59,results/full/calls/travelplanner__005
travelplanner__006,travelplanner,final_wrong,28,124,transport_agent,food_attr_agent,False,False,False,96,127,segmented_choice,0.19,results/full/calls/travelplanner__006
travelplanner__007,travelplanner,recall_miss,50,47,stay_agent,verifier_agent,False,False,True,3,147,segmented_choice,0.18,results/full/calls/travelplanner__007
travelplanner__008,travelplanner,final_wrong,72,75,Task_Planner,food_attr_agent,False,False,True,3,78,segmented_choice,0.31,results/full/calls/travelplanner__008
travelplanner__009,travelplanner,recall_miss,122,47,food_attr_agent,food_attr_agent,True,False,False,75,131,segmented_choice,0.19,results/full/calls/travelplanner__009
travelplanner__010,travelplanner,final_wrong,20,21,Computer_terminal,stay_agent,False,False,True,1,102,segmented_choice,0.4,results/full/calls/travelplanner__010
travelplanner__011,travelplanner,correct,121,121,manager_agent,manager_agent,True,True,True,0,131,segmented_choice,0.15,results/full/calls/travelplanner__011
travelplanner__012,travelplanner,final_wrong,108,109,Task_Planner,Task_Planner,True,False,True,1,114,segmented_choice,0.13,results/full/calls/travelplanner__012
travelplanner__013,travelplanner,recall_miss,92,28,Task_Planner,verifier_agent,False,False,False,64,97,segmented_choice,0.3,results/full/calls/travelplanner__013
travelplanner__014,travelplanner,final_wrong,23,22,Task_Planner,transport_agent,False,False,True,1,112,segmented_choice,0.19,results/full/calls/travelplanner__014
travelplanner__015,travelplanner,recall_miss,29,129,transport_agent,verifier_agent,False,False,False,100,132,segmented_choice,0.09,results/full/calls/travelplanner__015
travelplanner__016,travelplanner,final_wrong,26,20,stay_agent,stay_agent,True,False,False,6,125,segmented_choice,0.23,results/full/calls/travelplanner__016
travelplanner__017,travelplanner,recall_miss,124,28,transport_agent,stay_agent,False,False,False,96,141,segmented_choice,0.6,results/full/calls/travelplanner__017
travelplanner__018,travelplanner,recall_miss,28,27,stay_agent,stay_agent,True,False,True,1,75,segmented_choice,0.6,results/full/calls/travelplanner__018
travelplanner__019,travelplanner,recall_miss,109,26,Task_Planner,stay_agent,False,False,False,83,129,segmented_choice,0.23,results/full/calls/travelplanner__019
travelplanner__020,travelplanner,final_wrong,117,22,verifier_agent,verifier_agent,True,False,False,95,120,segmented_choice,0.17,results/full/calls/travelplanner__020
travelplanner__021,travelplanner,recall_miss,73,17,stay_agent,manager_agent,False,False,False,56,223,segmented_choice,0.19,results/full/calls/travelplanner__021
travelplanner__022,travelplanner,recall_miss,17,89,transport_agent,Task_Planner,False,False,False,72,92,segmented_choice,0.17,results/full/calls/travelplanner__022
travelplanner__023,travelplanner,final_wrong,151,154,Task_Planner,Task_Planner,True,False,True,3,157,segmented_choice,0.24,results/full/calls/travelplanner__023
travelplanner__024,travelplanner,recall_miss,38,88,food_attr_agent,verifier_agent,False,False,False,50,91,segmented_choice,0.36,results/full/calls/travelplanner__024
travelplanner__025,travelplanner,recall_miss,59,67,transport_agent,manager_agent,False,False,False,8,146,segmented_choice,0.15,results/full/calls/travelplanner__025
travelplanner__026,travelplanner,recall_miss,163,104,Task_Planner,stay_agent,False,False,False,59,168,segmented_choice,0.35,results/full/calls/travelplanner__026
travelplanner__027,travelplanner,final_wrong,174,40,manager_agent,stay_agent,False,False,False,134,180,segmented_choice,0.39,results/full/calls/travelplanner__027
travelplanner__028,travelplanner,final_wrong,187,71,verifier_agent,stay_agent,False,False,False,116,190,segmented_choice,0.13,results/full/calls/travelplanner__028
travelplanner__029,travelplanner,correct,68,68,stay_agent,stay_agent,True,True,True,0,140,segmented_choice,0.27,results/full/calls/travelplanner__029
travelplanner__030,travelplanner,final_wrong,166,167,stay_agent,stay_agent,True,False,True,1,242,segmented_choice,0.15,results/full/calls/travelplanner__030
travelplanner__031,travelplanner,recall_miss,30,137,transport_agent,manager_agent,False,False,False,107,146,segmented_choice,0.22,results/full/calls/travelplanner__031
travelplanner__032,travelplanner,recall_miss,73,168,Task_Planner,food_attr_agent,False,False,False,95,171,segmented_choice,0.24,results/full/calls/travelplanner__032
travelplanner__033,travelplanner,final_wrong,185,182,verifier_agent,Task_Planner,False,False,True,3,188,segmented_choice,0.11,results/full/calls/travelplanner__033
travelplanner__034,travelplanner,final_wrong,67,65,stay_agent,stay_agent,True,False,True,2,170,segmented_choice,0.24,results/full/calls/travelplanner__034
travelplanner__035,travelplanner,correct,103,103,stay_agent,verifier_agent,False,True,True,0,186,segmented_choice,0.32,results/full/calls/travelplanner__035
travelplanner__036,travelplanner,recall_miss,181,185,food_attr_agent,food_attr_agent,True,False,True,4,188,segmented_choice,0.15,results/full/calls/travelplanner__036
travelplanner__037,travelplanner,final_wrong,88,37,stay_agent,stay_agent,True,False,False,51,157,segmented_choice,0.14,results/full/calls/travelplanner__037
travelplanner__038,travelplanner,final_wrong,252,4,verifier_agent,transport_agent,False,False,False,248,255,segmented_choice,0.59,results/full/calls/travelplanner__038
travelplanner__039,travelplanner,recall_miss,54,137,verifier_agent,food_attr_agent,False,False,False,83,140,segmented_choice,0.27,results/full/calls/travelplanner__039
travelplanner__040,travelplanner,final_wrong,209,232,manager_agent,manager_agent,True,False,False,23,235,segmented_choice,0.16,results/full/calls/travelplanner__040
travelplanner__041,travelplanner,recall_miss,46,44,stay_agent,verifier_agent,False,False,True,2,169,segmented_choice,0.25,results/full/calls/travelplanner__041
travelplanner__042,travelplanner,reduction_drop,89,76,stay_agent,verifier_agent,False,False,False,13,165,segmented_choice,0.28,results/full/calls/travelplanner__042
travelplanner__043,travelplanner,recall_miss,53,130,Computer_terminal,Task_Planner,False,False,False,77,136,segmented_choice,0.17,results/full/calls/travelplanner__043
travelplanner__044,travelplanner,reduction_drop,126,42,manager_agent,food_attr_agent,False,False,False,84,212,segmented_choice,0.32,results/full/calls/travelplanner__044
travelplanner__045,travelplanner,recall_miss,78,172,stay_agent,food_attr_agent,False,False,False,94,175,segmented_choice,0.31,results/full/calls/travelplanner__045
travelplanner__046,travelplanner,recall_miss,81,103,stay_agent,manager_agent,False,False,False,22,123,segmented_choice,0.17,results/full/calls/travelplanner__046
travelplanner__047,travelplanner,recall_miss,85,140,stay_agent,food_attr_agent,False,False,False,55,200,segmented_choice,0.16,results/full/calls/travelplanner__047
travelplanner__048,travelplanner,final_wrong,144,134,verifier_agent,verifier_agent,True,False,False,10,158,segmented_choice,0.2,results/full/calls/travelplanner__048
travelplanner__049,travelplanner,recall_miss,84,83,stay_agent,stay_agent,True,False,True,1,143,segmented_choice,0.37,results/full/calls/travelplanner__049
travelplanner__050,travelplanner,reduction_drop,95,138,transport_agent,stay_agent,False,False,False,43,226,segmented_choice,0.27,results/full/calls/travelplanner__050
travelplanner__051,travelplanner,final_wrong,67,162,stay_agent,stay_agent,True,False,False,95,193,segmented_choice,0.17,results/full/calls/travelplanner__051
travelplanner__052,travelplanner,correct,211,211,verifier_agent,verifier_agent,True,True,True,0,214,segmented_choice,0.22,results/full/calls/travelplanner__052
travelplanner__053,travelplanner,final_wrong,74,65,stay_agent,stay_agent,True,False,False,9,121,segmented_choice,0.19,results/full/calls/travelplanner__053
travelplanner__054,travelplanner,recall_miss,68,162,stay_agent,transport_agent,False,False,False,94,165,segmented_choice,0.2,results/full/calls/travelplanner__054
travelplanner__055,travelplanner,correct,174,174,manager_agent,manager_agent,True,True,True,0,273,segmented_choice,0.61,results/full/calls/travelplanner__055
travelplanner__056,travelplanner,reduction_drop,115,54,food_attr_agent,stay_agent,False,False,False,61,145,segmented_choice,0.15,results/full/calls/travelplanner__056
travelplanner__057,travelplanner,recall_miss,79,81,stay_agent,food_attr_agent,False,False,True,2,161,segmented_choice,0.35,results/full/calls/travelplanner__057
travelplanner__058,travelplanner,recall_miss,13,161,transport_agent,transport_agent,True,False,False,148,226,segmented_choice,0.32,results/full/calls/travelplanner__058
travelplanner__059,travelplanner,final_wrong,64,85,transport_agent,stay_agent,False,False,False,21,164,segmented_choice,0.31,results/full/calls/travelplanner__059
travelplanner__060,travelplanner,reduction_drop,121,65,manager_agent,transport_agent,False,False,False,56,168,segmented_choice,0.28,results/full/calls/travelplanner__060
travelplanner__061,travelplanner,final_wrong,162,48,food_attr_agent,stay_agent,False,False,False,114,165,segmented_choice,0.58,results/full/calls/travelplanner__061
travelplanner__062,travelplanner,final_wrong,109,156,stay_agent,stay_agent,True,False,False,47,190,segmented_choice,0.14,results/full/calls/travelplanner__062
travelplanner__063,travelplanner,reduction_drop,39,240,transport_agent,manager_agent,False,False,False,201,243,segmented_choice,0.18,results/full/calls/travelplanner__063
travelplanner__064,travelplanner,correct,284,284,manager_agent,manager_agent,True,True,True,0,404,segmented_choice,0.2,results/full/calls/travelplanner__064
travelplanner__065,travelplanner,recall_miss,96,52,verifier_agent,food_attr_agent,False,False,False,44,198,segmented_choice,0.21,results/full/calls/travelplanner__065
travelplanner__066,travelplanner,recall_miss,26,126,transport_agent,food_attr_agent,False,False,False,100,129,segmented_choice,0.29,results/full/calls/travelplanner__066
travelplanner__067,travelplanner,final_wrong,93,179,stay_agent,manager_agent,False,False,False,86,255,segmented_choice,0.48,results/full/calls/travelplanner__067
travelplanner__068,travelplanner,reduction_drop,83,88,Task_Planner,stay_agent,False,False,True,5,145,segmented_choice,0.21,results/full/calls/travelplanner__068
travelplanner__069,travelplanner,final_wrong,165,91,food_attr_agent,stay_agent,False,False,False,74,168,segmented_choice,0.53,results/full/calls/travelplanner__069
travelplanner__070,travelplanner,final_wrong,65,56,stay_agent,stay_agent,True,False,False,9,202,segmented_choice,0.57,results/full/calls/travelplanner__070
travelplanner__071,travelplanner,recall_miss,219,27,transport_agent,transport_agent,True,False,False,192,306,segmented_choice,0.31,results/full/calls/travelplanner__071
travelplanner__072,travelplanner,final_wrong,105,206,transport_agent,Task_Planner,False,False,False,101,212,segmented_choice,0.28,results/full/calls/travelplanner__072
travelplanner__073,travelplanner,correct,161,161,verifier_agent,verifier_agent,True,True,True,0,164,segmented_choice,0.18,results/full/calls/travelplanner__073
travelplanner__074,travelplanner,recall_miss,46,173,transport_agent,stay_agent,False,False,False,127,189,segmented_choice,0.48,results/full/calls/travelplanner__074
travelplanner__075,travelplanner,recall_miss,99,108,Task_Planner,stay_agent,False,False,False,9,245,segmented_choice,0.23,results/full/calls/travelplanner__075
travelplanner__076,travelplanner,final_wrong,197,71,verifier_agent,verifier_agent,True,False,False,126,200,segmented_choice,0.38,results/full/calls/travelplanner__076
travelplanner__077,travelplanner,final_wrong,210,63,manager_agent,stay_agent,False,False,False,147,213,segmented_choice,0.31,results/full/calls/travelplanner__077
travelplanner__078,travelplanner,recall_miss,109,203,manager_agent,manager_agent,True,False,False,94,211,segmented_choice,0.26,results/full/calls/travelplanner__078
travelplanner__079,travelplanner,final_wrong,149,95,Task_Planner,stay_agent,False,False,False,54,155,segmented_choice,0.4,results/full/calls/travelplanner__079
travelplanner__080,travelplanner,recall_miss,94,129,stay_agent,food_attr_agent,False,False,False,35,176,segmented_choice,0.26,results/full/calls/travelplanner__080
travelplanner__081,travelplanner,correct,97,97,food_attr_agent,food_attr_agent,True,True,True,0,100,segmented_choice,0.14,results/full/calls/travelplanner__081
travelplanner__082,travelplanner,final_wrong,26,79,stay_agent,food_attr_agent,False,False,False,53,82,segmented_choice,0.36,results/full/calls/travelplanner__082
travelplanner__083,travelplanner,recall_miss,95,97,Task_Planner,food_attr_agent,False,False,True,2,100,segmented_choice,0.41,results/full/calls/travelplanner__083
travelplanner__084,travelplanner,correct,67,67,manager_agent,manager_agent,True,True,True,0,146,segmented_choice,0.82,results/full/calls/travelplanner__084
travelplanner__085,travelplanner,final_wrong,26,135,stay_agent,manager_agent,False,False,False,109,138,segmented_choice,0.41,results/full/calls/travelplanner__085
travelplanner__086,travelplanner,recall_miss,51,56,transport_agent,stay_agent,False,False,True,5,115,segmented_choice,0.21,results/full/calls/travelplanner__086
travelplanner__087,travelplanner,correct,101,101,Task_Planner,food_attr_agent,False,True,True,0,107,segmented_choice,0.16,results/full/calls/travelplanner__087
travelplanner__088,travelplanner,final_wrong,35,30,stay_agent,verifier_agent,False,False,True,5,115,segmented_choice,0.11,results/full/calls/travelplanner__088
travelplanner__089,travelplanner,recall_miss,88,36,stay_agent,stay_agent,True,False,False,52,164,segmented_choice,0.23,results/full/calls/travelplanner__089
travelplanner__090,travelplanner,reduction_drop,92,117,food_attr_agent,verifier_agent,False,False,False,25,120,segmented_choice,0.19,results/full/calls/travelplanner__090
travelplanner__091,travelplanner,correct,1,1,Task_Planner,Task_Planner,True,True,True,0,100,segmented_choice,0.29,results/full/calls/travelplanner__091
travelplanner__092,travelplanner,final_wrong,73,22,food_attr_agent,stay_agent,False,False,False,51,121,segmented_choice,0.45,results/full/calls/travelplanner__092
travelplanner__093,travelplanner,final_wrong,30,108,stay_agent,manager_agent,False,False,False,78,111,segmented_choice,0.26,results/full/calls/travelplanner__093
travelplanner__094,travelplanner,correct,73,73,manager_agent,manager_agent,True,True,True,0,135,segmented_choice,0.66,results/full/calls/travelplanner__094
travelplanner__095,travelplanner,recall_miss,66,123,Task_Planner,food_attr_agent,False,False,False,57,126,segmented_choice,0.36,results/full/calls/travelplanner__095
travelplanner__096,travelplanner,final_wrong,1,67,Task_Planner,manager_agent,False,False,False,66,70,segmented_choice,0.22,results/full/calls/travelplanner__096
travelplanner__097,travelplanner,correct,178,178,food_attr_agent,food_attr_agent,True,True,True,0,181,segmented_choice,0.14,results/full/calls/travelplanner__097
travelplanner__098,travelplanner,recall_miss,29,85,Computer_terminal,manager_agent,False,False,False,56,184,segmented_choice,0.3,results/full/calls/travelplanner__098
travelplanner__099,travelplanner,correct,127,127,food_attr_agent,food_attr_agent,True,True,True,0,130,segmented_choice,0.36,results/full/calls/travelplanner__099
travelplanner__100,travelplanner,recall_miss,1,60,Task_Planner,manager_agent,False,False,False,59,63,segmented_choice,0.34,results/full/calls/travelplanner__100
travelplanner__101,travelplanner,recall_miss,32,110,stay_agent,manager_agent,False,False,False,78,133,segmented_choice,0.45,results/full/calls/travelplanner__101
travelplanner__102,travelplanner,correct,138,138,manager_agent,manager_agent,True,True,True,0,268,segmented_choice,0.31,results/full/calls/travelplanner__102
travelplanner__103,travelplanner,final_wrong,118,40,Task_Planner,stay_agent,False,False,False,78,124,segmented_choice,0.13,results/full/calls/travelplanner__103
travelplanner__104,travelplanner,reduction_drop,59,79,food_attr_agent,stay_agent,False,False,False,20,82,segmented_choice,0.15,results/full/calls/travelplanner__104
travelplanner__105,travelplanner,final_wrong,141,138,verifier_agent,Task_Planner,False,False,True,3,144,segmented_choice,0.35,results/full/calls/travelplanner__105
travelplanner__106,travelplanner,reduction_drop,1,185,Task_Planner,food_attr_agent,False,False,False,184,188,segmented_choice,0.13,results/full/calls/travelplanner__106
travelplanner__107,travelplanner,final_wrong,199,99,manager_agent,stay_agent,False,False,False,100,202,segmented_choice,0.35,results/full/calls/travelplanner__107
travelplanner__108,travelplanner,recall_miss,371,298,food_attr_agent,food_attr_agent,True,False,False,73,400,segmented_choice,0.31,results/full/calls/travelplanner__108
travelplanner__109,travelplanner,recall_miss,69,70,transport_agent,manager_agent,False,False,True,1,305,segmented_choice,0.13,results/full/calls/travelplanner__109
travelplanner__110,travelplanner,final_wrong,132,74,verifier_agent,verifier_agent,True,False,False,58,198,segmented_choice,0.56,results/full/calls/travelplanner__110
travelplanner__111,travelplanner,recall_miss,137,138,manager_agent,manager_agent,True,False,True,1,165,segmented_choice,0.54,results/full/calls/travelplanner__111
travelplanner__112,travelplanner,reduction_drop,51,50,stay_agent,stay_agent,True,False,True,1,182,segmented_choice,0.14,results/full/calls/travelplanner__112
travelplanner__113,travelplanner,recall_miss,45,117,transport_agent,verifier_agent,False,False,False,72,169,segmented_choice,0.18,results/full/calls/travelplanner__113
travelplanner__114,travelplanner,correct,161,161,verifier_agent,verifier_agent,True,True,True,0,164,segmented_choice,0.12,results/full/calls/travelplanner__114
travelplanner__115,travelplanner,recall_miss,49,130,stay_agent,food_attr_agent,False,False,False,81,133,segmented_choice,0.28,results/full/calls/travelplanner__115
travelplanner__116,travelplanner,correct,50,50,stay_agent,stay_agent,True,True,True,0,130,segmented_choice,0.3,results/full/calls/travelplanner__116
travelplanner__117,travelplanner,correct,139,139,manager_agent,manager_agent,True,True,True,0,181,segmented_choice,0.37,results/full/calls/travelplanner__117
travelplanner__118,travelplanner,recall_miss,72,42,verifier_agent,manager_agent,False,False,False,30,152,segmented_choice,0.34,results/full/calls/travelplanner__118
travelplanner__119,travelplanner,final_wrong,54,80,stay_agent,manager_agent,False,False,False,26,145,segmented_choice,0.21,results/full/calls/travelplanner__119
travelplanner__120,travelplanner,recall_miss,88,50,food_attr_agent,stay_agent,False,False,False,38,159,segmented_choice,0.12,results/full/calls/travelplanner__120
travelplanner__121,travelplanner,final_wrong,131,0,verifier_agent,verifier_agent,True,False,False,131,134,segmented_choice,0.24,results/full/calls/travelplanner__121
travelplanner__122,travelplanner,reduction_drop,163,177,stay_agent,verifier_agent,False,False,False,14,180,segmented_choice,0.29,results/full/calls/travelplanner__122
travelplanner__123,travelplanner,reduction_drop,153,49,Task_Planner,transport_agent,False,False,False,104,159,segmented_choice,0.37,results/full/calls/travelplanner__123
travelplanner__124,travelplanner,reduction_drop,153,108,Task_Planner,food_attr_agent,False,False,False,45,259,segmented_choice,0.29,results/full/calls/travelplanner__124
travelplanner__125,travelplanner,recall_miss,85,9,Task_Planner,manager_agent,False,False,False,76,129,segmented_choice,0.13,results/full/calls/travelplanner__125
travelplanner__126,travelplanner,reduction_drop,119,189,stay_agent,stay_agent,True,False,False,70,232,segmented_choice,0.52,results/full/calls/travelplanner__126
travelplanner__127,travelplanner,correct,129,129,stay_agent,stay_agent,True,True,True,0,247,segmented_choice,0.07,results/full/calls/travelplanner__127
travelplanner__128,travelplanner,recall_miss,137,54,manager_agent,Task_Planner,False,False,False,83,210,segmented_choice,0.13,results/full/calls/travelplanner__128
travelplanner__129,travelplanner,final_wrong,103,80,stay_agent,food_attr_agent,False,False,False,23,157,segmented_choice,0.28,results/full/calls/travelplanner__129
travelplanner__130,travelplanner,recall_miss,43,173,transport_agent,verifier_agent,False,False,False,130,176,segmented_choice,0.25,results/full/calls/travelplanner__130
travelplanner__131,travelplanner,recall_miss,206,0,stay_agent,Computer_terminal,False,False,False,206,351,segmented_choice,0.46,results/full/calls/travelplanner__131
travelplanner__132,travelplanner,reduction_drop,246,8,Task_Planner,transport_agent,False,False,False,238,252,segmented_choice,0.49,results/full/calls/travelplanner__132
travelplanner__133,travelplanner,recall_miss,156,86,verifier_agent,verifier_agent,True,False,False,70,197,segmented_choice,0.41,results/full/calls/travelplanner__133
travelplanner__134,travelplanner,final_wrong,142,203,transport_agent,verifier_agent,False,False,False,61,206,segmented_choice,0.4,results/full/calls/travelplanner__134
travelplanner__135,travelplanner,reduction_drop,126,93,stay_agent,stay_agent,True,False,False,33,220,segmented_choice,0.66,results/full/calls/travelplanner__135
travelplanner__136,travelplanner,reduction_drop,117,96,Task_Planner,Task_Planner,True,False,False,21,156,segmented_choice,0.11,results/full/calls/travelplanner__136
travelplanner__137,travelplanner,correct,81,81,stay_agent,stay_agent,True,True,True,0,251,segmented_choice,0.19,results/full/calls/travelplanner__137
travelplanner__138,travelplanner,final_wrong,59,61,stay_agent,stay_agent,True,False,True,2,182,segmented_choice,0.34,results/full/calls/travelplanner__138
travelplanner__139,travelplanner,reduction_drop,170,211,manager_agent,manager_agent,True,False,False,41,216,segmented_choice,0.28,results/full/calls/travelplanner__139
travelplanner__140,travelplanner,final_wrong,148,145,verifier_agent,verifier_agent,True,False,True,3,151,segmented_choice,0.07,results/full/calls/travelplanner__140
travelplanner__141,travelplanner,correct,114,114,stay_agent,stay_agent,True,True,True,0,220,segmented_choice,0.48,results/full/calls/travelplanner__141
travelplanner__142,travelplanner,reduction_drop,90,69,stay_agent,stay_agent,True,False,False,21,170,segmented_choice,0.27,results/full/calls/travelplanner__142
travelplanner__143,travelplanner,reduction_drop,119,120,manager_agent,manager_agent,True,False,True,1,184,segmented_choice,0.38,results/full/calls/travelplanner__143
travelplanner__144,travelplanner,correct,233,233,food_attr_agent,food_attr_agent,True,True,True,0,236,segmented_choice,0.22,results/full/calls/travelplanner__144
travelplanner__145,travelplanner,final_wrong,217,110,Task_Planner,Task_Planner,True,False,False,107,222,segmented_choice,0.21,results/full/calls/travelplanner__145
travelplanner__146,travelplanner,final_wrong,193,191,food_attr_agent,Task_Planner,False,False,True,2,196,segmented_choice,0.59,results/full/calls/travelplanner__146
travelplanner__147,travelplanner,final_wrong,216,59,verifier_agent,manager_agent,False,False,False,157,219,segmented_choice,0.27,results/full/calls/travelplanner__147
travelplanner__148,travelplanner,recall_miss,97,221,stay_agent,food_attr_agent,False,False,False,124,224,segmented_choice,0.1,results/full/calls/travelplanner__148
travelplanner__149,travelplanner,reduction_drop,45,56,Task_Planner,stay_agent,False,False,False,11,175,segmented_choice,0.25,results/full/calls/travelplanner__149
travelplanner__150,travelplanner,correct,62,62,Task_Planner,Task_Planner,True,True,True,0,221,segmented_choice,0.34,results/full/calls/travelplanner__150
travelplanner__151,travelplanner,recall_miss,20,0,Task_Planner,manager_agent,False,False,False,20,254,segmented_choice,0.34,results/full/calls/travelplanner__151
travelplanner__152,travelplanner,final_wrong,33,52,stay_agent,food_attr_agent,False,False,False,19,99,segmented_choice,0.23,results/full/calls/travelplanner__152
travelplanner__153,travelplanner,recall_miss,142,8,verifier_agent,transport_agent,False,False,False,134,191,segmented_choice,0.67,results/full/calls/travelplanner__153
travelplanner__154,travelplanner,reduction_drop,98,40,manager_agent,stay_agent,False,False,False,58,150,segmented_choice,0.52,results/full/calls/travelplanner__154
travelplanner__155,travelplanner,correct,43,43,stay_agent,manager_agent,False,True,True,0,135,segmented_choice,0.18,results/full/calls/travelplanner__155
travelplanner__156,travelplanner,recall_miss,41,30,Task_Planner,manager_agent,False,False,False,11,152,segmented_choice,0.51,results/full/calls/travelplanner__156
travelplanner__157,travelplanner,reduction_drop,84,90,food_attr_agent,stay_agent,False,False,False,6,93,segmented_choice,0.2,results/full/calls/travelplanner__157
travelplanner__158,travelplanner,correct,40,40,Computer_terminal,stay_agent,False,True,True,0,134,segmented_choice,0.27,results/full/calls/travelplanner__158
travelplanner__159,travelplanner,final_wrong,96,32,food_attr_agent,transport_agent,False,False,False,64,99,segmented_choice,0.54,results/full/calls/travelplanner__159
travelplanner__160,travelplanner,recall_miss,2,37,Task_Planner,stay_agent,False,False,False,35,111,segmented_choice,0.27,results/full/calls/travelplanner__160
travelplanner__161,travelplanner,recall_miss,2,30,Task_Planner,manager_agent,False,False,False,28,77,segmented_choice,0.69,results/full/calls/travelplanner__161
travelplanner__162,travelplanner,correct,138,138,verifier_agent,verifier_agent,True,True,True,0,141,segmented_choice,0.14,results/full/calls/travelplanner__162
travelplanner__163,travelplanner,recall_miss,116,147,food_attr_agent,Task_Planner,False,False,False,31,153,segmented_choice,0.32,results/full/calls/travelplanner__163
travelplanner__164,travelplanner,direct_wrong,10,32,stay_agent,Task_Planner,False,False,False,22,38,full_context,0.73,results/full/calls/travelplanner__164
travelplanner__165,travelplanner,final_wrong,1,34,Task_Planner,verifier_agent,False,False,False,33,119,segmented_choice,0.22,results/full/calls/travelplanner__165
travelplanner__166,travelplanner,final_wrong,158,34,manager_agent,stay_agent,False,False,False,124,164,segmented_choice,0.28,results/full/calls/travelplanner__166
travelplanner__167,travelplanner,final_wrong,168,68,manager_agent,manager_agent,True,False,False,100,171,segmented_choice,0.28,results/full/calls/travelplanner__167
travelplanner__168,travelplanner,final_wrong,80,30,manager_agent,manager_agent,True,False,False,50,86,segmented_choice,0.22,results/full/calls/travelplanner__168
travelplanner__169,travelplanner,recall_miss,230,69,transport_agent,stay_agent,False,False,False,161,242,segmented_choice,0.31,results/full/calls/travelplanner__169
travelplanner__170,travelplanner,recall_miss,99,236,Task_Planner,transport_agent,False,False,False,137,242,segmented_choice,0.23,results/full/calls/travelplanner__170
travelplanner__171,travelplanner,final_wrong,68,21,stay_agent,transport_agent,False,False,False,47,118,segmented_choice,0.63,results/full/calls/travelplanner__171
travelplanner__172,travelplanner,reduction_drop,194,289,stay_agent,verifier_agent,False,False,False,95,306,segmented_choice,0.39,results/full/calls/travelplanner__172
travelplanner__173,travelplanner,correct,202,202,manager_agent,manager_agent,True,True,True,0,284,segmented_choice,0.35,results/full/calls/travelplanner__173
travelplanner__174,travelplanner,reduction_drop,1,79,Task_Planner,transport_agent,False,False,False,78,188,segmented_choice,0.44,results/full/calls/travelplanner__174
travelplanner__175,travelplanner,recall_miss,93,22,stay_agent,transport_agent,False,False,False,71,166,segmented_choice,0.33,results/full/calls/travelplanner__175
travelplanner__176,travelplanner,recall_miss,59,57,verifier_agent,verifier_agent,True,False,True,2,167,segmented_choice,0.49,results/full/calls/travelplanner__176
travelplanner__177,travelplanner,correct,77,77,stay_agent,stay_agent,True,True,True,0,137,segmented_choice,0.46,results/full/calls/travelplanner__177
travelplanner__178,travelplanner,final_wrong,95,28,manager_agent,transport_agent,False,False,False,67,152,segmented_choice,0.28,results/full/calls/travelplanner__178
travelplanner__179,travelplanner,recall_miss,100,118,Task_Planner,stay_agent,False,False,False,18,221,segmented_choice,0.4,results/full/calls/travelplanner__179
travelplanner__180,travelplanner,correct,148,148,manager_agent,manager_agent,True,True,True,0,159,segmented_choice,0.5,results/full/calls/travelplanner__180
travelplanner__181,travelplanner,final_wrong,320,143,manager_agent,manager_agent,True,False,False,177,323,segmented_choice,0.37,results/full/calls/travelplanner__181
travelplanner__182,travelplanner,recall_miss,99,194,stay_agent,manager_agent,False,False,False,95,237,segmented_choice,0.12,results/full/calls/travelplanner__182
travelplanner__183,travelplanner,recall_miss,98,95,stay_agent,stay_agent,True,False,True,3,211,segmented_choice,0.09,results/full/calls/travelplanner__183
travelplanner__184,travelplanner,final_wrong,104,68,manager_agent,manager_agent,True,False,False,36,116,segmented_choice,0.19,results/full/calls/travelplanner__184
travelplanner__185,travelplanner,correct,157,157,manager_agent,manager_agent,True,True,True,0,232,segmented_choice,0.34,results/full/calls/travelplanner__185
travelplanner__186,travelplanner,recall_miss,57,59,stay_agent,stay_agent,True,False,True,2,108,segmented_choice,0.26,results/full/calls/travelplanner__186
travelplanner__187,travelplanner,correct,97,97,stay_agent,stay_agent,True,True,True,0,181,segmented_choice,0.39,results/full/calls/travelplanner__187
travelplanner__188,travelplanner,recall_miss,8,0,transport_agent,stay_agent,False,False,False,8,135,segmented_choice,0.16,results/full/calls/travelplanner__188
travelplanner__189,travelplanner,reduction_drop,147,46,manager_agent,Task_Planner,False,False,False,101,239,segmented_choice,0.22,results/full/calls/travelplanner__189
travelplanner__190,travelplanner,final_wrong,185,174,manager_agent,manager_agent,True,False,False,11,188,segmented_choice,0.36,results/full/calls/travelplanner__190
travelplanner__191,travelplanner,final_wrong,96,167,verifier_agent,manager_agent,False,False,False,71,213,segmented_choice,0.3,results/full/calls/travelplanner__191
travelplanner__192,travelplanner,correct,113,113,stay_agent,stay_agent,True,True,True,0,200,segmented_choice,0.46,results/full/calls/travelplanner__192
travelplanner__193,travelplanner,final_wrong,125,126,stay_agent,stay_agent,True,False,True,1,198,segmented_choice,0.25,results/full/calls/travelplanner__193
travelplanner__194,travelplanner,reduction_drop,185,45,manager_agent,manager_agent,True,False,False,140,191,segmented_choice,0.28,results/full/calls/travelplanner__194
travelplanner__195,travelplanner,final_wrong,121,120,manager_agent,manager_agent,True,False,True,1,204,segmented_choice,0.21,results/full/calls/travelplanner__195
travelplanner__196,travelplanner,final_wrong,229,9,food_attr_agent,transport_agent,False,False,False,220,232,segmented_choice,0.59,results/full/calls/travelplanner__196
travelplanner__197,travelplanner,recall_miss,108,12,verifier_agent,stay_agent,False,False,False,96,206,segmented_choice,0.28,results/full/calls/travelplanner__197
travelplanner__198,travelplanner,correct,241,241,Task_Planner,Task_Planner,True,True,True,0,247,segmented_choice,0.37,results/full/calls/travelplanner__198
travelplanner__199,travelplanner,final_wrong,218,93,food_attr_agent,stay_agent,False,False,False,125,221,segmented_choice,0.25,results/full/calls/travelplanner__199
travelplanner__200,travelplanner,final_wrong,219,87,Task_Planner,verifier_agent,False,False,False,132,225,segmented_choice,0.12,results/full/calls/travelplanner__200
travelplanner__201,travelplanner,correct,28,28,manager_agent,manager_agent,True,True,True,0,221,segmented_choice,0.45,results/full/calls/travelplanner__201
travelplanner__202,travelplanner,recall_miss,55,72,transport_agent,stay_agent,False,False,False,17,165,segmented_choice,0.66,results/full/calls/travelplanner__202
travelplanner__203,travelplanner,final_wrong,117,8,stay_agent,food_attr_agent,False,False,False,109,197,segmented_choice,0.8,results/full/calls/travelplanner__203
travelplanner__204,travelplanner,recall_miss,33,65,transport_agent,stay_agent,False,False,False,32,152,segmented_choice,0.73,results/full/calls/travelplanner__204
travelplanner__205,travelplanner,reduction_drop,76,178,stay_agent,Task_Planner,False,False,False,102,184,segmented_choice,0.29,results/full/calls/travelplanner__205
travelplanner__206,travelplanner,recall_miss,25,37,Task_Planner,manager_agent,False,False,False,12,216,segmented_choice,0.2,results/full/calls/travelplanner__206
travelplanner__207,travelplanner,recall_miss,198,134,manager_agent,manager_agent,True,False,False,64,209,segmented_choice,0.47,results/full/calls/travelplanner__207
travelplanner__208,travelplanner,final_wrong,183,7,manager_agent,manager_agent,True,False,False,176,330,segmented_choice,0.18,results/full/calls/travelplanner__208
travelplanner__209,travelplanner,reduction_drop,110,97,stay_agent,verifier_agent,False,False,False,13,239,segmented_choice,0.21,results/full/calls/travelplanner__209
travelplanner__210,travelplanner,reduction_drop,253,261,Task_Planner,verifier_agent,False,False,False,8,281,segmented_choice,0.17,results/full/calls/travelplanner__210
travelplanner__211,travelplanner,recall_miss,115,0,stay_agent,verifier_agent,False,False,False,115,203,segmented_choice,0.17,results/full/calls/travelplanner__211
travelplanner__212,travelplanner,recall_miss,179,32,transport_agent,transport_agent,True,False,False,147,338,segmented_choice,0.56,results/full/calls/travelplanner__212
travelplanner__213,travelplanner,final_wrong,73,8,manager_agent,food_attr_agent,False,False,False,65,148,segmented_choice,0.21,results/full/calls/travelplanner__213
travelplanner__214,travelplanner,final_wrong,225,26,verifier_agent,transport_agent,False,False,False,199,228,segmented_choice,0.45,results/full/calls/travelplanner__214
travelplanner__215,travelplanner,final_wrong,78,0,stay_agent,stay_agent,True,False,False,78,200,segmented_choice,0.2,results/full/calls/travelplanner__215
travelplanner__216,travelplanner,final_wrong,104,105,stay_agent,stay_agent,True,False,True,1,274,segmented_choice,0.22,results/full/calls/travelplanner__216
travelplanner__217,travelplanner,final_wrong,72,0,stay_agent,stay_agent,True,False,False,72,176,segmented_choice,0.22,results/full/calls/travelplanner__217
travelplanner__218,travelplanner,final_wrong,6,10,transport_agent,Task_Planner,False,False,True,4,182,segmented_choice,0.11,results/full/calls/travelplanner__218
travelplanner__219,travelplanner,recall_miss,32,33,stay_agent,stay_agent,True,False,True,1,102,segmented_choice,0.24,results/full/calls/travelplanner__219
travelplanner__220,travelplanner,recall_miss,123,149,Task_Planner,manager_agent,False,False,False,26,152,segmented_choice,0.3,results/full/calls/travelplanner__220
travelplanner__221,travelplanner,recall_miss,31,117,stay_agent,verifier_agent,False,False,False,86,120,segmented_choice,0.19,results/full/calls/travelplanner__221
travelplanner__222,travelplanner,final_wrong,1,57,Task_Planner,verifier_agent,False,False,False,56,68,segmented_choice,0.53,results/full/calls/travelplanner__222
travelplanner__223,travelplanner,final_wrong,123,173,transport_agent,manager_agent,False,False,False,50,211,segmented_choice,0.31,results/full/calls/travelplanner__223
travelplanner__224,travelplanner,recall_miss,89,191,Task_Planner,stay_agent,False,False,False,102,193,segmented_choice,0.08,results/full/calls/travelplanner__224
travelplanner__225,travelplanner,recall_miss,110,42,Task_Planner,stay_agent,False,False,False,68,186,segmented_choice,0.15,results/full/calls/travelplanner__225
travelplanner__226,travelplanner,reduction_drop,53,26,transport_agent,transport_agent,True,False,False,27,198,segmented_choice,0.54,results/full/calls/travelplanner__226
travelplanner__227,travelplanner,final_wrong,99,93,manager_agent,manager_agent,True,False,False,6,102,segmented_choice,0.11,results/full/calls/travelplanner__227
travelplanner__228,travelplanner,recall_miss,32,36,stay_agent,stay_agent,True,False,True,4,97,segmented_choice,0.12,results/full/calls/travelplanner__228
travelplanner__229,travelplanner,final_wrong,238,177,food_attr_agent,stay_agent,False,False,False,61,241,segmented_choice,0.15,results/full/calls/travelplanner__229
travelplanner__230,travelplanner,recall_miss,324,322,stay_agent,stay_agent,True,False,True,2,398,segmented_choice,0.54,results/full/calls/travelplanner__230
travelplanner__231,travelplanner,recall_miss,210,139,transport_agent,stay_agent,False,False,False,71,224,segmented_choice,0.33,results/full/calls/travelplanner__231
travelplanner__232,travelplanner,final_wrong,191,121,Task_Planner,transport_agent,False,False,False,70,251,segmented_choice,0.35,results/full/calls/travelplanner__232
travelplanner__233,travelplanner,final_wrong,55,93,Computer_terminal,stay_agent,False,False,False,38,210,segmented_choice,0.24,results/full/calls/travelplanner__233
travelplanner__234,travelplanner,final_wrong,61,165,stay_agent,Task_Planner,False,False,False,104,170,segmented_choice,0.09,results/full/calls/travelplanner__234
travelplanner__235,travelplanner,final_wrong,166,57,verifier_agent,verifier_agent,True,False,False,109,169,segmented_choice,0.12,results/full/calls/travelplanner__235
travelplanner__236,travelplanner,final_wrong,64,65,stay_agent,stay_agent,True,False,True,1,189,segmented_choice,0.26,results/full/calls/travelplanner__236
travelplanner__237,travelplanner,recall_miss,86,89,stay_agent,stay_agent,True,False,True,3,231,segmented_choice,0.23,results/full/calls/travelplanner__237
travelplanner__238,travelplanner,recall_miss,21,38,stay_agent,stay_agent,True,False,False,17,94,segmented_choice,0.54,results/full/calls/travelplanner__238
travelplanner__239,travelplanner,direct_wrong,12,26,Computer_terminal,Task_Planner,False,False,False,14,31,full_context,0.52,results/full/calls/travelplanner__239
travelplanner__240,travelplanner,reduction_drop,39,42,stay_agent,manager_agent,False,False,True,3,90,segmented_choice,0.63,results/full/calls/travelplanner__240
travelplanner__241,travelplanner,final_wrong,131,73,verifier_agent,Task_Planner,False,False,False,58,134,segmented_choice,0.11,results/full/calls/travelplanner__241
travelplanner__242,travelplanner,final_wrong,61,55,stay_agent,stay_agent,True,False,False,6,165,segmented_choice,0.38,results/full/calls/travelplanner__242
travelplanner__243,travelplanner,reduction_drop,1,34,Task_Planner,manager_agent,False,False,False,33,86,segmented_choice,0.28,results/full/calls/travelplanner__243
travelplanner__244,travelplanner,reduction_drop,96,84,Task_Planner,stay_agent,False,False,False,12,221,segmented_choice,0.49,results/full/calls/travelplanner__244
travelplanner__245,travelplanner,recall_miss,167,24,stay_agent,transport_agent,False,False,False,143,296,segmented_choice,0.25,results/full/calls/travelplanner__245
travelplanner__246,travelplanner,recall_miss,184,28,Task_Planner,transport_agent,False,False,False,156,297,segmented_choice,0.15,results/full/calls/travelplanner__246
travelplanner__247,travelplanner,correct,158,158,stay_agent,manager_agent,False,True,True,0,299,segmented_choice,0.19,results/full/calls/travelplanner__247
travelplanner__248,travelplanner,recall_miss,45,47,stay_agent,manager_agent,False,False,True,2,154,segmented_choice,0.22,results/full/calls/travelplanner__248
travelplanner__249,travelplanner,recall_miss,69,70,stay_agent,stay_agent,True,False,True,1,178,segmented_choice,0.28,results/full/calls/travelplanner__249
travelplanner__250,travelplanner,recall_miss,92,25,manager_agent,stay_agent,False,False,False,67,98,segmented_choice,0.38,results/full/calls/travelplanner__250
travelplanner__251,travelplanner,recall_miss,20,9,transport_agent,food_attr_agent,False,False,False,11,120,segmented_choice,0.47,results/full/calls/travelplanner__251
travelplanner__252,travelplanner,final_wrong,69,18,manager_agent,manager_agent,True,False,False,51,75,segmented_choice,0.22,results/full/calls/travelplanner__252
travelplanner__253,travelplanner,recall_miss,36,47,stay_agent,Task_Planner,False,False,False,11,59,segmented_choice,0.35,results/full/calls/travelplanner__253
travelplanner__254,travelplanner,reduction_drop,177,45,food_attr_agent,stay_agent,False,False,False,132,199,segmented_choice,0.67,results/full/calls/travelplanner__254
travelplanner__255,travelplanner,recall_miss,98,103,stay_agent,manager_agent,False,False,True,5,249,segmented_choice,0.32,results/full/calls/travelplanner__255
travelplanner__256,travelplanner,recall_miss,114,47,manager_agent,manager_agent,True,False,False,67,120,segmented_choice,0.3,results/full/calls/travelplanner__256
travelplanner__257,travelplanner,reduction_drop,2,16,Task_Planner,transport_agent,False,False,False,14,315,segmented_choice,0.53,results/full/calls/travelplanner__257
travelplanner__258,travelplanner,recall_miss,106,14,manager_agent,transport_agent,False,False,False,92,172,segmented_choice,0.29,results/full/calls/travelplanner__258
travelplanner__259,travelplanner,final_wrong,5,32,transport_agent,transport_agent,True,False,False,27,127,segmented_choice,0.31,results/full/calls/travelplanner__259
travelplanner__260,travelplanner,final_wrong,108,60,manager_agent,manager_agent,True,False,False,48,114,segmented_choice,0.31,results/full/calls/travelplanner__260
travelplanner__261,travelplanner,reduction_drop,162,24,manager_agent,manager_agent,True,False,False,138,171,segmented_choice,0.36,results/full/calls/travelplanner__261
travelplanner__262,travelplanner,final_wrong,61,23,stay_agent,verifier_agent,False,False,False,38,120,segmented_choice,0.12,results/full/calls/travelplanner__262
travelplanner__263,travelplanner,recall_miss,138,50,verifier_agent,verifier_agent,True,False,False,88,154,segmented_choice,0.16,results/full/calls/travelplanner__263
travelplanner__264,travelplanner,final_wrong,169,27,manager_agent,manager_agent,True,False,False,142,172,segmented_choice,0.27,results/full/calls/travelplanner__264
travelplanner__265,travelplanner,reduction_drop,1,60,Task_Planner,manager_agent,False,False,False,59,147,segmented_choice,0.19,results/full/calls/travelplanner__265
travelplanner__266,travelplanner,recall_miss,77,14,food_attr_agent,food_attr_agent,True,False,False,63,193,segmented_choice,0.1,results/full/calls/travelplanner__266
travelplanner__267,travelplanner,correct,38,38,Computer_terminal,food_attr_agent,False,True,True,0,111,segmented_choice,0.16,results/full/calls/travelplanner__267
travelplanner__268,travelplanner,recall_miss,29,27,stay_agent,stay_agent,True,False,True,2,106,segmented_choice,0.39,results/full/calls/travelplanner__268
travelplanner__269,travelplanner,recall_miss,1,13,Task_Planner,transport_agent,False,False,False,12,76,segmented_choice,0.41,results/full/calls/travelplanner__269
travelplanner__270,travelplanner,recall_miss,48,41,manager_agent,manager_agent,True,False,False,7,51,segmented_choice,0.27,results/full/calls/travelplanner__270
travelplanner__271,travelplanner,recall_miss,50,59,manager_agent,verifier_agent,False,False,False,9,87,segmented_choice,0.23,results/full/calls/travelplanner__271
travelplanner__272,travelplanner,recall_miss,66,17,manager_agent,stay_agent,False,False,False,49,69,segmented_choice,0.27,results/full/calls/travelplanner__272
travelplanner__273,travelplanner,correct,19,19,stay_agent,stay_agent,True,True,True,0,140,segmented_choice,0.28,results/full/calls/travelplanner__273
travelplanner__274,travelplanner,recall_miss,144,17,food_attr_agent,food_attr_agent,True,False,False,127,178,segmented_choice,0.3,results/full/calls/travelplanner__274
travelplanner__275,travelplanner,reduction_drop,100,66,verifier_agent,verifier_agent,True,False,False,34,109,segmented_choice,0.11,results/full/calls/travelplanner__275
travelplanner__276,travelplanner,final_wrong,49,27,stay_agent,stay_agent,True,False,False,22,146,segmented_choice,0.23,results/full/calls/travelplanner__276
travelplanner__277,travelplanner,recall_miss,68,67,stay_agent,manager_agent,False,False,True,1,171,segmented_choice,0.36,results/full/calls/travelplanner__277
travelplanner__278,travelplanner,final_wrong,177,173,verifier_agent,verifier_agent,True,False,True,4,180,segmented_choice,0.23,results/full/calls/travelplanner__278
travelplanner__279,travelplanner,recall_miss,94,25,food_attr_agent,manager_agent,False,False,False,69,137,segmented_choice,0.31,results/full/calls/travelplanner__279
travelplanner__280,travelplanner,reduction_drop,72,17,Computer_terminal,transport_agent,False,False,False,55,114,segmented_choice,0.34,results/full/calls/travelplanner__280
travelplanner__281,travelplanner,recall_miss,123,21,manager_agent,manager_agent,True,False,False,102,178,segmented_choice,0.14,results/full/calls/travelplanner__281
travelplanner__282,travelplanner,recall_miss,1,24,Task_Planner,stay_agent,False,False,False,23,95,segmented_choice,0.48,results/full/calls/travelplanner__282
travelplanner__283,travelplanner,reduction_drop,70,60,food_attr_agent,manager_agent,False,False,False,10,119,segmented_choice,0.36,results/full/calls/travelplanner__283
travelplanner__284,travelplanner,final_wrong,7,16,manager_agent,manager_agent,True,False,False,9,23,segmented_choice,0.13,results/full/calls/travelplanner__284
travelplanner__285,travelplanner,recall_miss,18,27,transport_agent,stay_agent,False,False,False,9,83,segmented_choice,0.41,results/full/calls/travelplanner__285
travelplanner__286,travelplanner,reduction_drop,187,71,manager_agent,transport_agent,False,False,False,116,190,segmented_choice,0.31,results/full/calls/travelplanner__286
travelplanner__287,travelplanner,reduction_drop,91,77,transport_agent,food_attr_agent,False,False,False,14,165,segmented_choice,0.2,results/full/calls/travelplanner__287
travelplanner__288,travelplanner,final_wrong,183,47,food_attr_agent,food_attr_agent,True,False,False,136,186,segmented_choice,0.26,results/full/calls/travelplanner__288
travelplanner__289,travelplanner,final_wrong,49,45,stay_agent,food_attr_agent,False,False,True,4,108,segmented_choice,0.28,results/full/calls/travelplanner__289
travelplanner__290,travelplanner,recall_miss,184,151,verifier_agent,manager_agent,False,False,False,33,202,segmented_choice,0.26,results/full/calls/travelplanner__290
travelplanner__291,travelplanner,final_wrong,50,113,transport_agent,food_attr_agent,False,False,False,63,234,segmented_choice,0.19,results/full/calls/travelplanner__291
travelplanner__292,travelplanner,recall_miss,105,80,stay_agent,stay_agent,True,False,False,25,146,segmented_choice,0.42,results/full/calls/travelplanner__292
travelplanner__293,travelplanner,reduction_drop,132,141,verifier_agent,verifier_agent,True,False,False,9,148,segmented_choice,0.1,results/full/calls/travelplanner__293
travelplanner__294,travelplanner,recall_miss,71,11,transport_agent,manager_agent,False,False,False,60,143,segmented_choice,0.75,results/full/calls/travelplanner__294
travelplanner__295,travelplanner,recall_miss,7,46,transport_agent,verifier_agent,False,False,False,39,152,segmented_choice,0.21,results/full/calls/travelplanner__295
travelplanner__296,travelplanner,final_wrong,81,41,stay_agent,stay_agent,True,False,False,40,190,segmented_choice,0.24,results/full/calls/travelplanner__296
travelplanner__297,travelplanner,correct,84,84,transport_agent,food_attr_agent,False,True,True,0,230,segmented_choice,0.15,results/full/calls/travelplanner__297
travelplanner__298,travelplanner,recall_miss,56,59,Task_Planner,manager_agent,False,False,True,3,192,segmented_choice,0.18,results/full/calls/travelplanner__298
travelplanner__299,travelplanner,recall_miss,113,98,stay_agent,verifier_agent,False,False,False,15,180,segmented_choice,0.09,results/full/calls/travelplanner__299
travelplanner__300,travelplanner,reduction_drop,187,31,manager_agent,manager_agent,True,False,False,156,245,segmented_choice,0.37,results/full/calls/travelplanner__300
travelplanner__301,travelplanner,final_wrong,69,37,verifier_agent,stay_agent,False,False,False,32,72,segmented_choice,0.28,results/full/calls/travelplanner__301
travelplanner__302,travelplanner,reduction_drop,35,34,stay_agent,stay_agent,True,False,True,1,116,segmented_choice,0.22,results/full/calls/travelplanner__302
travelplanner__303,travelplanner,final_wrong,119,114,stay_agent,stay_agent,True,False,True,5,429,segmented_choice,0.55,results/full/calls/travelplanner__303
travelplanner__304,travelplanner,final_wrong,139,28,manager_agent,manager_agent,True,False,False,111,146,segmented_choice,0.17,results/full/calls/travelplanner__304
travelplanner__305,travelplanner,recall_miss,7,1,manager_agent,manager_agent,True,False,False,6,23,segmented_choice,0.29,results/full/calls/travelplanner__305
travelplanner__306,travelplanner,final_wrong,67,174,transport_agent,manager_agent,False,False,False,107,189,segmented_choice,0.44,results/full/calls/travelplanner__306
travelplanner__307,travelplanner,reduction_drop,88,87,stay_agent,stay_agent,True,False,True,1,192,segmented_choice,0.29,results/full/calls/travelplanner__307
travelplanner__308,travelplanner,final_wrong,229,127,verifier_agent,verifier_agent,True,False,False,102,236,segmented_choice,0.15,results/full/calls/travelplanner__308
travelplanner__309,travelplanner,recall_miss,46,45,stay_agent,stay_agent,True,False,True,1,169,segmented_choice,0.27,results/full/calls/travelplanner__309
travelplanner__310,travelplanner,direct_wrong,18,28,manager_agent,manager_agent,True,False,False,10,35,full_context,0.31,results/full/calls/travelplanner__310
travelplanner__311,travelplanner,reduction_drop,26,77,Task_Planner,manager_agent,False,False,False,51,212,segmented_choice,0.1,results/full/calls/travelplanner__311
travelplanner__312,travelplanner,reduction_drop,5,8,manager_agent,manager_agent,True,False,True,3,185,segmented_choice,0.18,results/full/calls/travelplanner__312
travelplanner__313,travelplanner,recall_miss,128,93,stay_agent,food_attr_agent,False,False,False,35,228,segmented_choice,0.29,results/full/calls/travelplanner__313
travelplanner__314,travelplanner,recall_miss,68,65,stay_agent,verifier_agent,False,False,True,3,127,segmented_choice,0.18,results/full/calls/travelplanner__314
travelplanner__315,travelplanner,reduction_drop,180,77,manager_agent,stay_agent,False,False,False,103,196,segmented_choice,0.6,results/full/calls/travelplanner__315
travelplanner__316,travelplanner,recall_miss,6,198,Computer_terminal,manager_agent,False,False,False,192,201,segmented_choice,0.16,results/full/calls/travelplanner__316
travelplanner__317,travelplanner,final_wrong,40,5,Task_Planner,transport_agent,False,False,False,35,199,segmented_choice,0.32,results/full/calls/travelplanner__317
travelplanner__318,travelplanner,recall_miss,110,124,Task_Planner,manager_agent,False,False,False,14,131,segmented_choice,0.39,results/full/calls/travelplanner__318
travelplanner__319,travelplanner,recall_miss,113,128,transport_agent,stay_agent,False,False,False,15,169,segmented_choice,0.47,results/full/calls/travelplanner__319
travelplanner__320,travelplanner,final_wrong,178,134,stay_agent,food_attr_agent,False,False,False,44,234,segmented_choice,0.3,results/full/calls/travelplanner__320
travelplanner__321,travelplanner,recall_miss,49,120,transport_agent,food_attr_agent,False,False,False,71,210,segmented_choice,0.38,results/full/calls/travelplanner__321
travelplanner__322,travelplanner,final_wrong,44,5,transport_agent,transport_agent,True,False,False,39,242,segmented_choice,0.24,results/full/calls/travelplanner__322
travelplanner__323,travelplanner,reduction_drop,24,103,manager_agent,transport_agent,False,False,False,79,210,segmented_choice,0.11,results/full/calls/travelplanner__323
travelplanner__324,travelplanner,final_wrong,191,110,manager_agent,manager_agent,True,False,False,81,198,segmented_choice,0.19,results/full/calls/travelplanner__324
travelplanner__325,travelplanner,final_wrong,227,103,stay_agent,stay_agent,True,False,False,124,234,segmented_choice,0.22,results/full/calls/travelplanner__325
travelplanner__326,travelplanner,recall_miss,107,56,food_attr_agent,stay_agent,False,False,False,51,139,segmented_choice,0.2,results/full/calls/travelplanner__326
travelplanner__327,travelplanner,recall_miss,183,188,verifier_agent,manager_agent,False,False,True,5,198,segmented_choice,0.17,results/full/calls/travelplanner__327
travelplanner__328,travelplanner,reduction_drop,119,163,stay_agent,manager_agent,False,False,False,44,170,segmented_choice,0.18,results/full/calls/travelplanner__328
travelplanner__329,travelplanner,recall_miss,84,85,stay_agent,manager_agent,False,False,True,1,238,segmented_choice,0.23,results/full/calls/travelplanner__329
travelplanner__330,travelplanner,final_wrong,22,4,manager_agent,manager_agent,True,False,False,18,31,segmented_choice,0.42,results/full/calls/travelplanner__330
travelplanner__331,travelplanner,final_wrong,106,48,stay_agent,stay_agent,True,False,False,58,117,segmented_choice,0.34,results/full/calls/travelplanner__331
travelplanner__332,travelplanner,direct_wrong,4,14,manager_agent,manager_agent,True,False,False,10,23,full_context,0.39,results/full/calls/travelplanner__332
travelplanner__333,travelplanner,correct,34,34,Computer_terminal,stay_agent,False,True,True,0,135,segmented_choice,0.35,results/full/calls/travelplanner__333
travelplanner__334,travelplanner,recall_miss,44,43,stay_agent,stay_agent,True,False,True,1,155,segmented_choice,0.21,results/full/calls/travelplanner__334
travelplanner__335,travelplanner,recall_miss,25,46,transport_agent,stay_agent,False,False,False,21,162,segmented_choice,0.58,results/full/calls/travelplanner__335
travelplanner__336,travelplanner,recall_miss,151,13,verifier_agent,verifier_agent,True,False,False,138,158,segmented_choice,0.42,results/full/calls/travelplanner__336
travelplanner__337,travelplanner,recall_miss,44,28,transport_agent,stay_agent,False,False,False,16,100,segmented_choice,0.23,results/full/calls/travelplanner__337
travelplanner__338,travelplanner,final_wrong,142,36,manager_agent,food_attr_agent,False,False,False,106,149,segmented_choice,0.26,results/full/calls/travelplanner__338
travelplanner__339,travelplanner,recall_miss,78,29,food_attr_agent,stay_agent,False,False,False,49,151,segmented_choice,0.44,results/full/calls/travelplanner__339
travelplanner__340,travelplanner,recall_miss,81,9,manager_agent,manager_agent,True,False,False,72,90,segmented_choice,0.34,results/full/calls/travelplanner__340
travelplanner__341,travelplanner,final_wrong,32,106,Task_Planner,manager_agent,False,False,False,74,113,segmented_choice,0.32,results/full/calls/travelplanner__341
travelplanner__342,travelplanner,recall_miss,91,28,Computer_terminal,stay_agent,False,False,False,63,92,segmented_choice,0.48,results/full/calls/travelplanner__342
travelplanner__343,travelplanner,recall_miss,64,88,stay_agent,manager_agent,False,False,False,24,95,segmented_choice,0.16,results/full/calls/travelplanner__343
travelplanner__344,travelplanner,final_wrong,96,28,verifier_agent,stay_agent,False,False,False,68,103,segmented_choice,0.39,results/full/calls/travelplanner__344
travelplanner__345,travelplanner,recall_miss,41,43,Task_Planner,manager_agent,False,False,True,2,113,segmented_choice,0.15,results/full/calls/travelplanner__345
travelplanner__346,travelplanner,recall_miss,53,6,Task_Planner,manager_agent,False,False,False,47,184,segmented_choice,0.2,results/full/calls/travelplanner__346
travelplanner__347,travelplanner,recall_miss,64,49,stay_agent,stay_agent,True,False,False,15,122,segmented_choice,0.32,results/full/calls/travelplanner__347
travelplanner__348,travelplanner,recall_miss,149,67,stay_agent,stay_agent,True,False,False,82,198,segmented_choice,0.23,results/full/calls/travelplanner__348
travelplanner__349,travelplanner,final_wrong,22,143,stay_agent,manager_agent,False,False,False,121,146,segmented_choice,0.16,results/full/calls/travelplanner__349
travelplanner__350,travelplanner,recall_miss,21,113,Computer_terminal,manager_agent,False,False,False,92,116,segmented_choice,0.29,results/full/calls/travelplanner__350
travelplanner__351,travelplanner,recall_miss,16,22,transport_agent,stay_agent,False,False,False,6,147,segmented_choice,0.39,results/full/calls/travelplanner__351
travelplanner__352,travelplanner,recall_miss,126,17,verifier_agent,verifier_agent,True,False,False,109,184,segmented_choice,0.4,results/full/calls/travelplanner__352
travelplanner__353,travelplanner,reduction_drop,65,32,manager_agent,manager_agent,True,False,False,33,70,segmented_choice,0.31,results/full/calls/travelplanner__353
travelplanner__354,travelplanner,final_wrong,111,26,manager_agent,stay_agent,False,False,False,85,114,segmented_choice,0.23,results/full/calls/travelplanner__354
travelplanner__355,travelplanner,reduction_drop,110,182,stay_agent,verifier_agent,False,False,False,72,207,segmented_choice,0.08,results/full/calls/travelplanner__355
travelplanner__356,travelplanner,recall_miss,156,5,food_attr_agent,transport_agent,False,False,False,151,202,segmented_choice,0.31,results/full/calls/travelplanner__356
travelplanner__357,travelplanner,direct_wrong,4,14,manager_agent,manager_agent,True,False,False,10,23,full_context,0.52,results/full/calls/travelplanner__357
travelplanner__358,travelplanner,recall_miss,48,86,transport_agent,verifier_agent,False,False,False,38,126,segmented_choice,0.15,results/full/calls/travelplanner__358
travelplanner__359,travelplanner,recall_miss,67,73,manager_agent,manager_agent,True,False,False,6,80,segmented_choice,0.28,results/full/calls/travelplanner__359
travelplanner__360,travelplanner,correct,57,57,stay_agent,verifier_agent,False,True,True,0,133,segmented_choice,0.26,results/full/calls/travelplanner__360
travelplanner__361,travelplanner,recall_miss,120,97,Task_Planner,verifier_agent,False,False,False,23,130,segmented_choice,0.24,results/full/calls/travelplanner__361
travelplanner__362,travelplanner,reduction_drop,145,7,manager_agent,manager_agent,True,False,False,138,164,segmented_choice,0.56,results/full/calls/travelplanner__362
travelplanner__363,travelplanner,final_wrong,97,93,stay_agent,stay_agent,True,False,True,4,138,segmented_choice,0.29,results/full/calls/travelplanner__363
travelplanner__364,travelplanner,reduction_drop,204,200,stay_agent,stay_agent,True,False,True,4,207,segmented_choice,0.16,results/full/calls/travelplanner__364
travelplanner__365,travelplanner,final_wrong,80,37,verifier_agent,stay_agent,False,False,False,43,83,segmented_choice,0.19,results/full/calls/travelplanner__365
travelplanner__366,travelplanner,reduction_drop,1,63,Task_Planner,manager_agent,False,False,False,62,128,segmented_choice,0.25,results/full/calls/travelplanner__366
travelplanner__367,travelplanner,final_wrong,4,27,manager_agent,manager_agent,True,False,False,23,74,segmented_choice,0.07,results/full/calls/travelplanner__367
travelplanner__368,travelplanner,final_wrong,94,72,manager_agent,manager_agent,True,False,False,22,101,segmented_choice,0.51,results/full/calls/travelplanner__368
travelplanner__369,travelplanner,reduction_drop,84,319,Computer_terminal,stay_agent,False,False,False,235,344,segmented_choice,0.15,results/full/calls/travelplanner__369
travelplanner__370,travelplanner,final_wrong,92,84,verifier_agent,stay_agent,False,False,False,8,137,segmented_choice,0.37,results/full/calls/travelplanner__370
travelplanner__371,travelplanner,recall_miss,94,65,manager_agent,manager_agent,True,False,False,29,106,segmented_choice,0.27,results/full/calls/travelplanner__371
travelplanner__372,travelplanner,recall_miss,166,70,verifier_agent,stay_agent,False,False,False,96,175,segmented_choice,0.34,results/full/calls/travelplanner__372
travelplanner__373,travelplanner,final_wrong,104,60,manager_agent,stay_agent,False,False,False,44,109,segmented_choice,0.61,results/full/calls/travelplanner__373
travelplanner__374,travelplanner,recall_miss,146,114,verifier_agent,stay_agent,False,False,False,32,162,segmented_choice,0.32,results/full/calls/travelplanner__374
travelplanner__375,travelplanner,final_wrong,98,109,verifier_agent,manager_agent,False,False,False,11,116,segmented_choice,0.23,results/full/calls/travelplanner__375
travelplanner__376,travelplanner,correct,82,82,transport_agent,manager_agent,False,True,True,0,175,segmented_choice,0.52,results/full/calls/travelplanner__376
travelplanner__377,travelplanner,final_wrong,77,35,Task_Planner,food_attr_agent,False,False,False,42,182,segmented_choice,0.17,results/full/calls/travelplanner__377
travelplanner__378,travelplanner,correct,24,24,manager_agent,manager_agent,True,True,True,0,33,full_context,0.39,results/full/calls/travelplanner__378
travelplanner__379,travelplanner,recall_miss,183,67,Computer_terminal,stay_agent,False,False,False,116,215,segmented_choice,0.38,results/full/calls/travelplanner__379
travelplanner__380,travelplanner,recall_miss,45,49,Computer_terminal,stay_agent,False,False,True,4,86,segmented_choice,0.53,results/full/calls/travelplanner__380
travelplanner__381,travelplanner,direct_wrong,7,14,manager_agent,manager_agent,True,False,False,7,19,full_context,0.49,results/full/calls/travelplanner__381
travelplanner__382,travelplanner,final_wrong,33,143,Computer_terminal,stay_agent,False,False,False,110,156,segmented_choice,0.22,results/full/calls/travelplanner__382
travelplanner__383,travelplanner,recall_miss,199,230,verifier_agent,transport_agent,False,False,False,31,233,segmented_choice,0.14,results/full/calls/travelplanner__383
travelplanner__384,travelplanner,reduction_drop,1,75,Task_Planner,transport_agent,False,False,False,74,211,segmented_choice,0.24,results/full/calls/travelplanner__384
travelplanner__385,travelplanner,final_wrong,7,5,manager_agent,manager_agent,True,False,True,2,204,segmented_choice,0.5,results/full/calls/travelplanner__385
travelplanner__386,travelplanner,recall_miss,179,96,stay_agent,food_attr_agent,False,False,False,83,231,segmented_choice,0.35,results/full/calls/travelplanner__386
travelplanner__387,travelplanner,recall_miss,2,60,Task_Planner,manager_agent,False,False,False,58,131,segmented_choice,0.26,results/full/calls/travelplanner__387
travelplanner__388,travelplanner,direct_wrong,3,14,Task_Planner,manager_agent,False,False,False,11,23,full_context,0.38,results/full/calls/travelplanner__388
travelplanner__389,travelplanner,recall_miss,29,35,transport_agent,manager_agent,False,False,False,6,213,segmented_choice,0.18,results/full/calls/travelplanner__389
travelplanner__390,travelplanner,reduction_drop,1,58,Task_Planner,stay_agent,False,False,False,57,114,segmented_choice,0.14,results/full/calls/travelplanner__390
travelplanner__391,travelplanner,final_wrong,93,92,Computer_terminal,stay_agent,False,False,True,1,212,segmented_choice,0.25,results/full/calls/travelplanner__391
travelplanner__392,travelplanner,final_wrong,247,153,verifier_agent,stay_agent,False,False,False,94,250,segmented_choice,0.69,results/full/calls/travelplanner__392
travelplanner__393,travelplanner,recall_miss,115,111,stay_agent,manager_agent,False,False,True,4,182,segmented_choice,0.24,results/full/calls/travelplanner__393
travelplanner__394,travelplanner,correct,125,125,stay_agent,stay_agent,True,True,True,0,172,segmented_choice,0.18,results/full/calls/travelplanner__394
travelplanner__395,travelplanner,correct,26,26,manager_agent,manager_agent,True,True,True,0,31,full_context,0.31,results/full/calls/travelplanner__395
travelplanner__396,travelplanner,final_wrong,187,40,manager_agent,stay_agent,False,False,False,147,190,segmented_choice,0.27,results/full/calls/travelplanner__396
travelplanner__397,travelplanner,direct_wrong,11,13,manager_agent,manager_agent,True,False,True,2,16,full_context,0.28,results/full/calls/travelplanner__397
travelplanner__398,travelplanner,reduction_drop,191,77,Task_Planner,verifier_agent,False,False,False,114,201,segmented_choice,0.1,results/full/calls/travelplanner__398
travelplanner__399,travelplanner,recall_miss,190,89,manager_agent,stay_agent,False,False,False,101,199,segmented_choice,0.63,results/full/calls/travelplanner__399
travelplanner__400,travelplanner,recall_miss,115,117,stay_agent,stay_agent,True,False,True,2,247,segmented_choice,0.52,results/full/calls/travelplanner__400
travelplanner__401,travelplanner,final_wrong,20,14,transport_agent,verifier_agent,False,False,False,6,193,segmented_choice,0.23,results/full/calls/travelplanner__401
travelplanner__402,travelplanner,recall_miss,79,72,stay_agent,manager_agent,False,False,False,7,191,segmented_choice,0.21,results/full/calls/travelplanner__402
travelplanner__403,travelplanner,final_wrong,23,1,manager_agent,manager_agent,True,False,False,22,32,segmented_choice,0.2,results/full/calls/travelplanner__403
travelplanner__404,travelplanner,recall_miss,185,113,Task_Planner,stay_agent,False,False,False,72,195,segmented_choice,0.31,results/full/calls/travelplanner__404
travelplanner__405,travelplanner,correct,82,82,stay_agent,stay_agent,True,True,True,0,197,segmented_choice,0.26,results/full/calls/travelplanner__405
travelplanner__406,travelplanner,recall_miss,32,123,transport_agent,manager_agent,False,False,False,91,130,segmented_choice,0.16,results/full/calls/travelplanner__406
travelplanner__407,travelplanner,final_wrong,91,32,stay_agent,stay_agent,True,False,False,59,111,segmented_choice,0.25,results/full/calls/travelplanner__407
travelplanner__408,travelplanner,final_wrong,146,41,food_attr_agent,stay_agent,False,False,False,105,149,segmented_choice,0.32,results/full/calls/travelplanner__408
travelplanner__409,travelplanner,recall_miss,66,27,verifier_agent,stay_agent,False,False,False,39,87,segmented_choice,0.6,results/full/calls/travelplanner__409
travelplanner__410,travelplanner,recall_miss,26,22,transport_agent,verifier_agent,False,False,True,4,120,segmented_choice,0.27,results/full/calls/travelplanner__410
travelplanner__411,travelplanner,recall_miss,44,43,stay_agent,stay_agent,True,False,True,1,173,segmented_choice,0.48,results/full/calls/travelplanner__411
travelplanner__412,travelplanner,reduction_drop,79,30,manager_agent,stay_agent,False,False,False,49,82,segmented_choice,0.46,results/full/calls/travelplanner__412
travelplanner__413,travelplanner,reduction_drop,85,44,manager_agent,manager_agent,True,False,False,41,124,segmented_choice,0.15,results/full/calls/travelplanner__413
travelplanner__414,travelplanner,final_wrong,86,52,manager_agent,stay_agent,False,False,False,34,97,segmented_choice,0.22,results/full/calls/travelplanner__414
travelplanner__415,travelplanner,final_wrong,202,24,manager_agent,stay_agent,False,False,False,178,209,segmented_choice,0.24,results/full/calls/travelplanner__415
travelplanner__416,travelplanner,final_wrong,45,46,Computer_terminal,stay_agent,False,False,True,1,88,segmented_choice,0.22,results/full/calls/travelplanner__416
travelplanner__417,travelplanner,reduction_drop,20,15,stay_agent,stay_agent,True,False,True,5,69,segmented_choice,0.35,results/full/calls/travelplanner__417
travelplanner__418,travelplanner,reduction_drop,50,21,stay_agent,stay_agent,True,False,False,29,122,segmented_choice,0.28,results/full/calls/travelplanner__418
travelplanner__419,travelplanner,final_wrong,70,24,verifier_agent,stay_agent,False,False,False,46,73,segmented_choice,0.4,results/full/calls/travelplanner__419
travelplanner__420,travelplanner,final_wrong,43,32,manager_agent,manager_agent,True,False,False,11,53,segmented_choice,0.21,results/full/calls/travelplanner__420
travelplanner__421,travelplanner,correct,111,111,Computer_terminal,stay_agent,False,True,True,0,222,segmented_choice,0.22,results/full/calls/travelplanner__421
travelplanner__422,travelplanner,correct,111,111,stay_agent,stay_agent,True,True,True,0,166,segmented_choice,0.34,results/full/calls/travelplanner__422
travelplanner__423,travelplanner,recall_miss,74,137,Task_Planner,stay_agent,False,False,False,63,268,segmented_choice,0.19,results/full/calls/travelplanner__423
travelplanner__424,travelplanner,final_wrong,119,100,stay_agent,stay_agent,True,False,False,19,122,segmented_choice,0.29,results/full/calls/travelplanner__424
travelplanner__425,travelplanner,recall_miss,34,58,transport_agent,manager_agent,False,False,False,24,71,segmented_choice,0.3,results/full/calls/travelplanner__425
travelplanner__426,travelplanner,reduction_drop,53,48,stay_agent,stay_agent,True,False,True,5,149,segmented_choice,0.2,results/full/calls/travelplanner__426
travelplanner__427,travelplanner,recall_miss,267,106,manager_agent,manager_agent,True,False,False,161,288,segmented_choice,0.64,results/full/calls/travelplanner__427
travelplanner__428,travelplanner,reduction_drop,49,79,Computer_terminal,manager_agent,False,False,False,30,210,segmented_choice,0.26,results/full/calls/travelplanner__428
travelplanner__429,travelplanner,recall_miss,131,108,stay_agent,stay_agent,True,False,False,23,225,segmented_choice,0.35,results/full/calls/travelplanner__429
travelplanner__430,travelplanner,recall_miss,79,154,manager_agent,stay_agent,False,False,False,75,161,segmented_choice,0.17,results/full/calls/travelplanner__430
travelplanner__431,travelplanner,recall_miss,180,53,Task_Planner,manager_agent,False,False,False,127,186,segmented_choice,0.42,results/full/calls/travelplanner__431
travelplanner__432,travelplanner,recall_miss,174,43,manager_agent,manager_agent,True,False,False,131,183,segmented_choice,0.24,results/full/calls/travelplanner__432
travelplanner__433,travelplanner,recall_miss,53,48,stay_agent,verifier_agent,False,False,True,5,222,segmented_choice,0.23,results/full/calls/travelplanner__433
travelplanner__434,travelplanner,recall_miss,93,9,manager_agent,manager_agent,True,False,False,84,108,segmented_choice,0.23,results/full/calls/travelplanner__434
travelplanner__435,travelplanner,final_wrong,142,84,verifier_agent,stay_agent,False,False,False,58,145,segmented_choice,0.28,results/full/calls/travelplanner__435
travelplanner__436,travelplanner,final_wrong,213,92,manager_agent,stay_agent,False,False,False,121,216,segmented_choice,0.21,results/full/calls/travelplanner__436
travelplanner__437,travelplanner,recall_miss,133,34,food_attr_agent,manager_agent,False,False,False,99,157,segmented_choice,0.15,results/full/calls/travelplanner__437
travelplanner__438,travelplanner,final_wrong,105,59,verifier_agent,stay_agent,False,False,False,46,112,segmented_choice,0.43,results/full/calls/travelplanner__438
travelplanner__439,travelplanner,final_wrong,181,8,manager_agent,manager_agent,True,False,False,173,184,segmented_choice,0.1,results/full/calls/travelplanner__439
travelplanner__440,travelplanner,recall_miss,82,61,Task_Planner,stay_agent,False,False,False,21,130,segmented_choice,0.39,results/full/calls/travelplanner__440
travelplanner__441,travelplanner,final_wrong,56,5,Task_Planner,manager_agent,False,False,False,51,88,segmented_choice,0.31,results/full/calls/travelplanner__441
travelplanner__442,travelplanner,recall_miss,226,214,stay_agent,verifier_agent,False,False,False,12,248,segmented_choice,0.33,results/full/calls/travelplanner__442
travelplanner__443,travelplanner,final_wrong,57,61,Computer_terminal,stay_agent,False,False,True,4,110,segmented_choice,0.2,results/full/calls/travelplanner__443
travelplanner__444,travelplanner,recall_miss,30,78,Computer_terminal,manager_agent,False,False,False,48,132,segmented_choice,0.23,results/full/calls/travelplanner__444
travelplanner__445,travelplanner,recall_miss,74,73,stay_agent,verifier_agent,False,False,True,1,117,segmented_choice,0.54,results/full/calls/travelplanner__445
travelplanner__446,travelplanner,correct,42,42,stay_agent,verifier_agent,False,True,True,0,71,segmented_choice,0.51,results/full/calls/travelplanner__446
travelplanner__447,travelplanner,final_wrong,129,73,verifier_agent,stay_agent,False,False,False,56,132,segmented_choice,0.45,results/full/calls/travelplanner__447
travelplanner__448,travelplanner,recall_miss,38,84,Task_Planner,verifier_agent,False,False,False,46,206,segmented_choice,0.16,results/full/calls/travelplanner__448
travelplanner__449,travelplanner,recall_miss,155,102,stay_agent,stay_agent,True,False,False,53,171,segmented_choice,0.16,results/full/calls/travelplanner__449
travelplanner__450,travelplanner,final_wrong,137,140,manager_agent,manager_agent,True,False,True,3,147,segmented_choice,0.21,results/full/calls/travelplanner__450
travelplanner__451,travelplanner,reduction_drop,194,160,manager_agent,manager_agent,True,False,False,34,200,segmented_choice,0.24,results/full/calls/travelplanner__451
travelplanner__452,travelplanner,recall_miss,136,173,stay_agent,stay_agent,True,False,False,37,200,segmented_choice,0.5,results/full/calls/travelplanner__452
travelplanner__453,travelplanner,final_wrong,174,86,food_attr_agent,stay_agent,False,False,False,88,177,segmented_choice,0.18,results/full/calls/travelplanner__453
travelplanner__454,travelplanner,recall_miss,4,77,manager_agent,transport_agent,False,False,False,73,125,segmented_choice,0.38,results/full/calls/travelplanner__454
travelplanner__455,travelplanner,recall_miss,149,41,food_attr_agent,transport_agent,False,False,False,108,195,segmented_choice,0.09,results/full/calls/travelplanner__455
travelplanner__456,travelplanner,final_wrong,88,59,stay_agent,stay_agent,True,False,False,29,134,segmented_choice,0.31,results/full/calls/travelplanner__456
travelplanner__457,travelplanner,recall_miss,114,98,stay_agent,stay_agent,True,False,False,16,231,segmented_choice,0.2,results/full/calls/travelplanner__457
travelplanner__458,travelplanner,final_wrong,84,148,stay_agent,manager_agent,False,False,False,64,162,segmented_choice,0.25,results/full/calls/travelplanner__458
travelplanner__459,travelplanner,final_wrong,215,0,stay_agent,stay_agent,True,False,False,215,218,segmented_choice,0.32,results/full/calls/travelplanner__459
travelplanner__460,travelplanner,recall_miss,110,134,transport_agent,verifier_agent,False,False,False,24,174,segmented_choice,0.27,results/full/calls/travelplanner__460
travelplanner__461,travelplanner,final_wrong,172,154,verifier_agent,verifier_agent,True,False,False,18,179,segmented_choice,0.13,results/full/calls/travelplanner__461
travelplanner__462,travelplanner,final_wrong,169,75,manager_agent,manager_agent,True,False,False,94,172,segmented_choice,0.24,results/full/calls/travelplanner__462
travelplanner__463,travelplanner,recall_miss,2,102,Task_Planner,stay_agent,False,False,False,100,165,segmented_choice,0.28,results/full/calls/travelplanner__463
travelplanner__464,travelplanner,final_wrong,64,1,transport_agent,manager_agent,False,False,False,63,95,segmented_choice,0.12,results/full/calls/travelplanner__464
travelplanner__465,travelplanner,recall_miss,86,62,Computer_terminal,stay_agent,False,False,False,24,179,segmented_choice,0.27,results/full/calls/travelplanner__465
travelplanner__466,travelplanner,correct,40,40,stay_agent,stay_agent,True,True,True,0,135,segmented_choice,0.52,results/full/calls/travelplanner__466
travelplanner__467,travelplanner,recall_miss,2,16,Task_Planner,manager_agent,False,False,False,14,23,segmented_choice,0.38,results/full/calls/travelplanner__467
travelplanner__468,travelplanner,final_wrong,50,52,manager_agent,manager_agent,True,False,True,2,59,segmented_choice,0.51,results/full/calls/travelplanner__468
travelplanner__469,travelplanner,correct,55,55,stay_agent,manager_agent,False,True,True,0,143,segmented_choice,0.41,results/full/calls/travelplanner__469
travelplanner__470,travelplanner,reduction_drop,135,87,manager_agent,manager_agent,True,False,False,48,144,segmented_choice,0.41,results/full/calls/travelplanner__470
travelplanner__471,travelplanner,correct,44,44,stay_agent,manager_agent,False,True,True,0,93,segmented_choice,0.24,results/full/calls/travelplanner__471
travelplanner__472,travelplanner,recall_miss,84,122,Computer_terminal,manager_agent,False,False,False,38,165,segmented_choice,0.17,results/full/calls/travelplanner__472
travelplanner__473,travelplanner,correct,343,343,stay_agent,stay_agent,True,True,True,0,364,segmented_choice,0.11,results/full/calls/travelplanner__473
travelplanner__474,travelplanner,recall_miss,71,36,verifier_agent,food_attr_agent,False,False,False,35,141,segmented_choice,0.27,results/full/calls/travelplanner__474
travelplanner__475,travelplanner,recall_miss,100,82,manager_agent,manager_agent,True,False,False,18,106,segmented_choice,0.49,results/full/calls/travelplanner__475
travelplanner__476,travelplanner,recall_miss,89,81,stay_agent,stay_agent,True,False,False,8,174,segmented_choice,0.14,results/full/calls/travelplanner__476
travelplanner__477,travelplanner,correct,36,36,Computer_terminal,manager_agent,False,True,True,0,173,segmented_choice,0.41,results/full/calls/travelplanner__477
travelplanner__478,travelplanner,recall_miss,169,32,food_attr_agent,manager_agent,False,False,False,137,172,segmented_choice,0.3,results/full/calls/travelplanner__478
travelplanner__479,travelplanner,final_wrong,189,65,food_attr_agent,manager_agent,False,False,False,124,197,segmented_choice,0.22,results/full/calls/travelplanner__479
travelplanner__480,travelplanner,recall_miss,59,22,transport_agent,transport_agent,True,False,False,37,95,segmented_choice,0.28,results/full/calls/travelplanner__480
travelplanner__481,travelplanner,recall_miss,139,87,transport_agent,stay_agent,False,False,False,52,152,segmented_choice,0.38,results/full/calls/travelplanner__481
travelplanner__482,travelplanner,reduction_drop,180,43,manager_agent,stay_agent,False,False,False,137,183,segmented_choice,0.2,results/full/calls/travelplanner__482
travelplanner__483,travelplanner,recall_miss,54,37,stay_agent,stay_agent,True,False,False,17,105,segmented_choice,0.49,results/full/calls/travelplanner__483
travelplanner__484,travelplanner,reduction_drop,137,49,verifier_agent,stay_agent,False,False,False,88,141,segmented_choice,0.62,results/full/calls/travelplanner__484
travelplanner__485,travelplanner,reduction_drop,123,93,Computer_terminal,transport_agent,False,False,False,30,175,segmented_choice,0.42,results/full/calls/travelplanner__485
travelplanner__486,travelplanner,recall_miss,180,45,food_attr_agent,manager_agent,False,False,False,135,240,segmented_choice,0.38,results/full/calls/travelplanner__486
travelplanner__487,travelplanner,recall_miss,52,143,stay_agent,stay_agent,True,False,False,91,177,segmented_choice,0.43,results/full/calls/travelplanner__487
travelplanner__488,travelplanner,final_wrong,150,73,verifier_agent,Task_Planner,False,False,False,77,153,segmented_choice,0.67,results/full/calls/travelplanner__488
travelplanner__489,travelplanner,correct,125,125,Computer_terminal,stay_agent,False,True,True,0,220,segmented_choice,0.18,results/full/calls/travelplanner__489
travelplanner__490,travelplanner,recall_miss,277,75,manager_agent,manager_agent,True,False,False,202,294,segmented_choice,0.2,results/full/calls/travelplanner__490
travelplanner__491,travelplanner,final_wrong,165,75,manager_agent,manager_agent,True,False,False,90,173,segmented_choice,0.27,results/full/calls/travelplanner__491
travelplanner__492,travelplanner,reduction_drop,93,67,Task_Planner,transport_agent,False,False,False,26,157,segmented_choice,0.65,results/full/calls/travelplanner__492
travelplanner__493,travelplanner,reduction_drop,125,116,transport_agent,transport_agent,True,False,False,9,128,segmented_choice,0.31,results/full/calls/travelplanner__493
travelplanner__494,travelplanner,final_wrong,77,81,transport_agent,transport_agent,True,False,True,4,89,segmented_choice,0.32,results/full/calls/travelplanner__494
travelplanner__495,travelplanner,correct,1,1,Task_Planner,transport_agent,False,True,True,0,72,segmented_choice,0.08,results/full/calls/travelplanner__495
travelplanner__496,travelplanner,final_wrong,148,49,manager_agent,manager_agent,True,False,False,99,151,segmented_choice,0.11,results/full/calls/travelplanner__496
travelplanner__497,travelplanner,recall_miss,1,108,Task_Planner,transport_agent,False,False,False,107,230,segmented_choice,0.37,results/full/calls/travelplanner__497
travelplanner__498,travelplanner,final_wrong,165,31,transport_agent,transport_agent,True,False,False,134,172,segmented_choice,0.53,results/full/calls/travelplanner__498
travelplanner__499,travelplanner,recall_miss,2,72,Task_Planner,stay_agent,False,False,False,70,121,segmented_choice,0.35,results/full/calls/travelplanner__499
travelplanner__500,travelplanner,recall_miss,189,8,stay_agent,transport_agent,False,False,False,181,192,segmented_choice,0.79,results/full/calls/travelplanner__500
travelplanner__501,travelplanner,direct_wrong,2,31,Task_Planner,transport_agent,False,False,False,29,38,full_context,0.47,results/full/calls/travelplanner__501
travelplanner__502,travelplanner,recall_miss,143,106,Task_Planner,manager_agent,False,False,False,37,216,segmented_choice,0.43,results/full/calls/travelplanner__502
travelplanner__503,travelplanner,correct,103,103,transport_agent,transport_agent,True,True,True,0,115,segmented_choice,0.28,results/full/calls/travelplanner__503
travelplanner__504,travelplanner,final_wrong,77,85,transport_agent,transport_agent,True,False,False,8,89,segmented_choice,0.17,results/full/calls/travelplanner__504
travelplanner__505,travelplanner,recall_miss,77,51,stay_agent,verifier_agent,False,False,False,26,183,segmented_choice,0.11,results/full/calls/travelplanner__505
travelplanner__506,travelplanner,recall_miss,38,9,stay_agent,transport_agent,False,False,False,29,194,segmented_choice,0.58,results/full/calls/travelplanner__506
travelplanner__507,travelplanner,recall_miss,104,101,stay_agent,manager_agent,False,False,True,3,158,segmented_choice,0.41,results/full/calls/travelplanner__507
travelplanner__508,travelplanner,recall_miss,111,112,transport_agent,transport_agent,True,False,True,1,124,segmented_choice,0.16,results/full/calls/travelplanner__508
travelplanner__509,travelplanner,recall_miss,227,235,transport_agent,manager_agent,False,False,False,8,335,segmented_choice,0.32,results/full/calls/travelplanner__509
travelplanner__510,travelplanner,recall_miss,72,71,Task_Planner,transport_agent,False,False,True,1,83,segmented_choice,0.47,results/full/calls/travelplanner__510
travelplanner__511,travelplanner,recall_miss,2,81,Task_Planner,transport_agent,False,False,False,79,88,segmented_choice,0.32,results/full/calls/travelplanner__511
travelplanner__512,travelplanner,recall_miss,82,121,Computer_terminal,stay_agent,False,False,False,39,198,segmented_choice,0.47,results/full/calls/travelplanner__512
travelplanner__513,travelplanner,final_wrong,113,112,Computer_terminal,stay_agent,False,False,True,1,236,segmented_choice,0.24,results/full/calls/travelplanner__513
travelplanner__514,travelplanner,recall_miss,150,46,verifier_agent,transport_agent,False,False,False,104,153,segmented_choice,0.83,results/full/calls/travelplanner__514
travelplanner__515,travelplanner,recall_miss,2,57,Task_Planner,transport_agent,False,False,False,55,60,segmented_choice,0.08,results/full/calls/travelplanner__515
travelplanner__516,travelplanner,correct,37,37,Computer_terminal,stay_agent,False,True,True,0,166,segmented_choice,0.41,results/full/calls/travelplanner__516
travelplanner__517,travelplanner,recall_miss,57,80,transport_agent,stay_agent,False,False,False,23,174,segmented_choice,0.61,results/full/calls/travelplanner__517
travelplanner__518,travelplanner,recall_miss,50,141,Task_Planner,verifier_agent,False,False,False,91,176,segmented_choice,0.17,results/full/calls/travelplanner__518
travelplanner__519,travelplanner,reduction_drop,132,106,Task_Planner,manager_agent,False,False,False,26,140,segmented_choice,0.18,results/full/calls/travelplanner__519
travelplanner__520,travelplanner,correct,49,49,transport_agent,transport_agent,True,True,True,0,61,segmented_choice,0.22,results/full/calls/travelplanner__520
travelplanner__521,travelplanner,recall_miss,136,132,stay_agent,stay_agent,True,False,True,4,158,segmented_choice,0.35,results/full/calls/travelplanner__521
travelplanner__522,travelplanner,reduction_drop,107,44,manager_agent,stay_agent,False,False,False,63,118,segmented_choice,0.32,results/full/calls/travelplanner__522
travelplanner__523,travelplanner,reduction_drop,167,81,manager_agent,manager_agent,True,False,False,86,179,segmented_choice,0.26,results/full/calls/travelplanner__523
travelplanner__524,travelplanner,recall_miss,40,88,stay_agent,manager_agent,False,False,False,48,97,segmented_choice,0.23,results/full/calls/travelplanner__524
travelplanner__525,travelplanner,recall_miss,70,64,stay_agent,stay_agent,True,False,False,6,216,segmented_choice,0.34,results/full/calls/travelplanner__525
travelplanner__526,travelplanner,reduction_drop,103,75,food_attr_agent,stay_agent,False,False,False,28,106,segmented_choice,0.27,results/full/calls/travelplanner__526
travelplanner__527,travelplanner,recall_miss,167,32,manager_agent,stay_agent,False,False,False,135,207,segmented_choice,0.31,results/full/calls/travelplanner__527
travelplanner__528,travelplanner,reduction_drop,45,134,transport_agent,manager_agent,False,False,False,89,162,segmented_choice,0.19,results/full/calls/travelplanner__528
travelplanner__529,travelplanner,recall_miss,70,80,food_attr_agent,food_attr_agent,True,False,False,10,88,segmented_choice,0.63,results/full/calls/travelplanner__529
travelplanner__530,travelplanner,recall_miss,1,52,Task_Planner,stay_agent,False,False,False,51,136,segmented_choice,0.74,results/full/calls/travelplanner__530
travelplanner__531,travelplanner,reduction_drop,184,49,verifier_agent,stay_agent,False,False,False,135,187,segmented_choice,0.23,results/full/calls/travelplanner__531
travelplanner__532,travelplanner,reduction_drop,148,149,manager_agent,manager_agent,True,False,True,1,157,segmented_choice,0.33,results/full/calls/travelplanner__532
travelplanner__533,travelplanner,reduction_drop,147,141,manager_agent,manager_agent,True,False,False,6,150,segmented_choice,0.17,results/full/calls/travelplanner__533
travelplanner__534,travelplanner,final_wrong,199,147,manager_agent,food_attr_agent,False,False,False,52,202,segmented_choice,0.55,results/full/calls/travelplanner__534
travelplanner__535,travelplanner,reduction_drop,22,35,manager_agent,stay_agent,False,False,False,13,169,segmented_choice,0.83,results/full/calls/travelplanner__535
travelplanner__536,travelplanner,final_wrong,123,114,food_attr_agent,food_attr_agent,True,False,False,9,127,segmented_choice,0.71,results/full/calls/travelplanner__536
travelplanner__537,travelplanner,final_wrong,147,26,manager_agent,manager_agent,True,False,False,121,150,segmented_choice,0.17,results/full/calls/travelplanner__537
travelplanner__538,travelplanner,recall_miss,82,40,Task_Planner,manager_agent,False,False,False,42,181,segmented_choice,0.17,results/full/calls/travelplanner__538
travelplanner__539,travelplanner,final_wrong,156,27,manager_agent,manager_agent,True,False,False,129,159,segmented_choice,0.1,results/full/calls/travelplanner__539
travelplanner__540,travelplanner,reduction_drop,107,104,Task_Planner,food_attr_agent,False,False,True,3,123,segmented_choice,0.55,results/full/calls/travelplanner__540
travelplanner__541,travelplanner,correct,37,37,transport_agent,food_attr_agent,False,True,True,0,150,segmented_choice,0.18,results/full/calls/travelplanner__541
travelplanner__542,travelplanner,recall_miss,159,165,manager_agent,manager_agent,True,False,False,6,169,segmented_choice,0.22,results/full/calls/travelplanner__542
travelplanner__543,travelplanner,recall_miss,118,199,food_attr_agent,manager_agent,False,False,False,81,268,segmented_choice,0.57,results/full/calls/travelplanner__543
travelplanner__544,travelplanner,final_wrong,116,190,food_attr_agent,manager_agent,False,False,False,74,193,segmented_choice,0.27,results/full/calls/travelplanner__544
travelplanner__545,travelplanner,reduction_drop,55,144,transport_agent,food_attr_agent,False,False,False,89,151,segmented_choice,0.16,results/full/calls/travelplanner__545
travelplanner__546,travelplanner,final_wrong,170,4,manager_agent,manager_agent,True,False,False,166,174,segmented_choice,0.22,results/full/calls/travelplanner__546
travelplanner__547,travelplanner,recall_miss,188,43,food_attr_agent,verifier_agent,False,False,False,145,214,segmented_choice,0.19,results/full/calls/travelplanner__547
travelplanner__548,travelplanner,recall_miss,86,118,Task_Planner,Task_Planner,True,False,False,32,120,segmented_choice,0.21,results/full/calls/travelplanner__548
travelplanner__549,travelplanner,recall_miss,44,111,transport_agent,food_attr_agent,False,False,False,67,174,segmented_choice,0.31,results/full/calls/travelplanner__549
travelplanner__550,travelplanner,recall_miss,64,135,transport_agent,manager_agent,False,False,False,71,154,segmented_choice,0.17,results/full/calls/travelplanner__550
travelplanner__551,travelplanner,final_wrong,188,121,manager_agent,food_attr_agent,False,False,False,67,192,segmented_choice,0.48,results/full/calls/travelplanner__551
travelplanner__552,travelplanner,recall_miss,25,102,transport_agent,stay_agent,False,False,False,77,156,segmented_choice,0.39,results/full/calls/travelplanner__552
travelplanner__553,travelplanner,reduction_drop,97,84,stay_agent,food_attr_agent,False,False,False,13,178,segmented_choice,0.28,results/full/calls/travelplanner__553
travelplanner__554,travelplanner,final_wrong,102,48,food_attr_agent,food_attr_agent,True,False,False,54,105,segmented_choice,0.22,results/full/calls/travelplanner__554
travelplanner__555,travelplanner,final_wrong,134,99,food_attr_agent,food_attr_agent,True,False,False,35,169,segmented_choice,0.27,results/full/calls/travelplanner__555
travelplanner__556,travelplanner,reduction_drop,76,125,food_attr_agent,food_attr_agent,True,False,False,49,161,segmented_choice,0.14,results/full/calls/travelplanner__556
travelplanner__557,travelplanner,recall_miss,51,195,transport_agent,manager_agent,False,False,False,144,199,segmented_choice,0.09,results/full/calls/travelplanner__557
travelplanner__558,travelplanner,final_wrong,20,63,manager_agent,food_attr_agent,False,False,False,43,222,segmented_choice,0.26,results/full/calls/travelplanner__558
travelplanner__559,travelplanner,final_wrong,129,114,manager_agent,manager_agent,True,False,False,15,136,segmented_choice,0.09,results/full/calls/travelplanner__559
travelplanner__560,travelplanner,recall_miss,12,48,transport_agent,stay_agent,False,False,False,36,112,segmented_choice,0.39,results/full/calls/travelplanner__560
travelplanner__561,travelplanner,recall_miss,19,173,transport_agent,stay_agent,False,False,False,154,204,segmented_choice,0.21,results/full/calls/travelplanner__561
travelplanner__562,travelplanner,recall_miss,48,125,transport_agent,transport_agent,True,False,False,77,298,segmented_choice,0.52,results/full/calls/travelplanner__562
travelplanner__563,travelplanner,final_wrong,240,150,manager_agent,manager_agent,True,False,False,90,243,segmented_choice,0.34,results/full/calls/travelplanner__563
travelplanner__564,travelplanner,final_wrong,155,69,food_attr_agent,manager_agent,False,False,False,86,185,segmented_choice,0.28,results/full/calls/travelplanner__564
travelplanner__565,travelplanner,recall_miss,66,164,Task_Planner,manager_agent,False,False,False,98,192,segmented_choice,0.4,results/full/calls/travelplanner__565
travelplanner__566,travelplanner,recall_miss,56,143,transport_agent,stay_agent,False,False,False,87,247,segmented_choice,0.35,results/full/calls/travelplanner__566
travelplanner__567,travelplanner,recall_miss,151,65,food_attr_agent,food_attr_agent,True,False,False,86,194,segmented_choice,0.26,results/full/calls/travelplanner__567
travelplanner__568,travelplanner,final_wrong,291,67,manager_agent,manager_agent,True,False,False,224,294,segmented_choice,0.57,results/full/calls/travelplanner__568
travelplanner__569,travelplanner,correct,20,20,manager_agent,manager_agent,True,True,True,0,26,full_context,0.64,results/full/calls/travelplanner__569
travelplanner__570,travelplanner,reduction_drop,90,26,stay_agent,manager_agent,False,False,False,64,266,segmented_choice,0.17,results/full/calls/travelplanner__570
travelplanner__571,travelplanner,recall_miss,30,62,Task_Planner,transport_agent,False,False,False,32,192,segmented_choice,0.35,results/full/calls/travelplanner__571
travelplanner__572,travelplanner,recall_miss,148,132,stay_agent,manager_agent,False,False,False,16,254,segmented_choice,0.35,results/full/calls/travelplanner__572
travelplanner__573,travelplanner,final_wrong,66,187,stay_agent,manager_agent,False,False,False,121,211,segmented_choice,0.16,results/full/calls/travelplanner__573
travelplanner__574,travelplanner,direct_wrong,24,26,manager_agent,manager_agent,True,False,True,2,30,full_context,0.59,results/full/calls/travelplanner__574
travelplanner__575,travelplanner,recall_miss,25,258,manager_agent,manager_agent,True,False,False,233,271,segmented_choice,0.14,results/full/calls/travelplanner__575
travelplanner__576,travelplanner,reduction_drop,210,68,transport_agent,manager_agent,False,False,False,142,214,segmented_choice,0.39,results/full/calls/travelplanner__576
travelplanner__577,travelplanner,reduction_drop,73,79,stay_agent,manager_agent,False,False,False,6,163,segmented_choice,0.27,results/full/calls/travelplanner__577
travelplanner__578,travelplanner,final_wrong,107,206,stay_agent,verifier_agent,False,False,False,99,257,segmented_choice,0.58,results/full/calls/travelplanner__578
travelplanner__579,travelplanner,reduction_drop,125,213,stay_agent,verifier_agent,False,False,False,88,235,segmented_choice,0.28,results/full/calls/travelplanner__579
travelplanner__580,travelplanner,final_wrong,29,48,manager_agent,stay_agent,False,False,False,19,264,segmented_choice,0.32,results/full/calls/travelplanner__580
travelplanner__581,travelplanner,final_wrong,160,326,verifier_agent,manager_agent,False,False,False,166,334,segmented_choice,0.13,results/full/calls/travelplanner__581
travelplanner__582,travelplanner,recall_miss,224,74,Task_Planner,stay_agent,False,False,False,150,234,segmented_choice,0.31,results/full/calls/travelplanner__582
travelplanner__583,travelplanner,final_wrong,74,138,stay_agent,manager_agent,False,False,False,64,166,segmented_choice,0.2,results/full/calls/travelplanner__583
travelplanner__584,travelplanner,final_wrong,177,10,verifier_agent,manager_agent,False,False,False,167,180,segmented_choice,0.53,results/full/calls/travelplanner__584
travelplanner__585,travelplanner,correct,49,49,verifier_agent,verifier_agent,True,True,True,0,158,segmented_choice,0.25,results/full/calls/travelplanner__585
travelplanner__586,travelplanner,reduction_drop,61,81,transport_agent,verifier_agent,False,False,False,20,148,segmented_choice,0.08,results/full/calls/travelplanner__586
travelplanner__587,travelplanner,reduction_drop,57,19,verifier_agent,manager_agent,False,False,False,38,166,segmented_choice,0.27,results/full/calls/travelplanner__587
travelplanner__588,travelplanner,final_wrong,115,84,food_attr_agent,manager_agent,False,False,False,31,436,segmented_choice,0.32,results/full/calls/travelplanner__588
travelplanner__589,travelplanner,recall_miss,27,11,manager_agent,manager_agent,True,False,False,16,84,segmented_choice,0.51,results/full/calls/travelplanner__589
travelplanner__590,travelplanner,final_wrong,51,71,Task_Planner,manager_agent,False,False,False,20,79,segmented_choice,0.17,results/full/calls/travelplanner__590
travelplanner__591,travelplanner,final_wrong,42,420,stay_agent,Task_Planner,False,False,False,378,513,segmented_choice,0.46,results/full/calls/travelplanner__591
travelplanner__592,travelplanner,direct_wrong,22,24,manager_agent,manager_agent,True,False,True,2,30,full_context,0.44,results/full/calls/travelplanner__592
travelplanner__593,travelplanner,recall_miss,175,111,manager_agent,manager_agent,True,False,False,64,265,segmented_choice,0.35,results/full/calls/travelplanner__593
travelplanner__594,travelplanner,final_wrong,32,11,manager_agent,manager_agent,True,False,False,21,40,segmented_choice,0.6,results/full/calls/travelplanner__594
travelplanner__595,travelplanner,correct,96,96,manager_agent,Task_Planner,False,True,True,0,157,segmented_choice,0.34,results/full/calls/travelplanner__595
travelplanner__596,travelplanner,final_wrong,122,109,food_attr_agent,food_attr_agent,True,False,False,13,126,segmented_choice,0.34,results/full/calls/travelplanner__596
travelplanner__597,travelplanner,recall_miss,115,132,food_attr_agent,manager_agent,False,False,False,17,144,segmented_choice,0.58,results/full/calls/travelplanner__597
travelplanner__598,travelplanner,reduction_drop,20,69,manager_agent,manager_agent,True,False,False,49,77,segmented_choice,0.67,results/full/calls/travelplanner__598
travelplanner__599,travelplanner,direct_wrong,20,23,manager_agent,manager_agent,True,False,True,3,27,full_context,0.39,results/full/calls/travelplanner__599
travelplanner__600,travelplanner,correct,12,12,manager_agent,manager_agent,True,True,True,0,48,segmented_choice,0.49,results/full/calls/travelplanner__600
travelplanner__601,travelplanner,final_wrong,165,131,manager_agent,manager_agent,True,False,False,34,169,segmented_choice,0.41,results/full/calls/travelplanner__601
travelplanner__602,travelplanner,final_wrong,90,41,manager_agent,stay_agent,False,False,False,49,93,segmented_choice,0.25,results/full/calls/travelplanner__602
travelplanner__603,travelplanner,final_wrong,131,57,manager_agent,manager_agent,True,False,False,74,135,segmented_choice,0.31,results/full/calls/travelplanner__603
travelplanner__604,travelplanner,reduction_drop,1,33,Task_Planner,manager_agent,False,False,False,32,96,segmented_choice,0.22,results/full/calls/travelplanner__604
travelplanner__605,travelplanner,recall_miss,39,94,transport_agent,manager_agent,False,False,False,55,97,segmented_choice,0.48,results/full/calls/travelplanner__605
travelplanner__606,travelplanner,final_wrong,20,21,manager_agent,manager_agent,True,False,True,1,53,segmented_choice,0.55,results/full/calls/travelplanner__606
travelplanner__607,travelplanner,recall_miss,65,0,food_attr_agent,manager_agent,False,False,False,65,126,segmented_choice,0.15,results/full/calls/travelplanner__607
travelplanner__608,travelplanner,final_wrong,162,87,manager_agent,Task_Planner,False,False,False,75,166,segmented_choice,0.56,results/full/calls/travelplanner__608
travelplanner__609,travelplanner,recall_miss,257,42,verifier_agent,stay_agent,False,False,False,215,276,segmented_choice,0.36,results/full/calls/travelplanner__609
travelplanner__610,travelplanner,recall_miss,13,14,manager_agent,manager_agent,True,False,True,1,59,segmented_choice,0.49,results/full/calls/travelplanner__610
travelplanner__611,travelplanner,final_wrong,79,149,Computer_terminal,verifier_agent,False,False,False,70,168,segmented_choice,0.4,results/full/calls/travelplanner__611
travelplanner__612,travelplanner,correct,39,39,transport_agent,Task_Planner,False,True,True,0,198,segmented_choice,0.34,results/full/calls/travelplanner__612
travelplanner__613,travelplanner,correct,67,67,stay_agent,stay_agent,True,True,True,0,141,segmented_choice,0.48,results/full/calls/travelplanner__613
travelplanner__614,travelplanner,recall_miss,72,232,transport_agent,transport_agent,True,False,False,160,277,segmented_choice,0.23,results/full/calls/travelplanner__614
travelplanner__615,travelplanner,reduction_drop,205,136,manager_agent,stay_agent,False,False,False,69,208,segmented_choice,0.06,results/full/calls/travelplanner__615
travelplanner__616,travelplanner,final_wrong,22,29,manager_agent,manager_agent,True,False,False,7,33,segmented_choice,0.46,results/full/calls/travelplanner__616
travelplanner__617,travelplanner,recall_miss,172,150,manager_agent,manager_agent,True,False,False,22,184,segmented_choice,0.33,results/full/calls/travelplanner__617
travelplanner__618,travelplanner,recall_miss,98,82,stay_agent,manager_agent,False,False,False,16,187,segmented_choice,0.31,results/full/calls/travelplanner__618
travelplanner__619,travelplanner,correct,59,59,stay_agent,stay_agent,True,True,True,0,230,segmented_choice,0.3,results/full/calls/travelplanner__619
travelplanner__620,travelplanner,final_wrong,26,28,manager_agent,manager_agent,True,False,True,2,32,segmented_choice,0.75,results/full/calls/travelplanner__620
travelplanner__621,travelplanner,final_wrong,59,72,stay_agent,manager_agent,False,False,False,13,145,segmented_choice,0.26,results/full/calls/travelplanner__621
travelplanner__622,travelplanner,correct,23,23,manager_agent,manager_agent,True,True,True,0,78,segmented_choice,0.21,results/full/calls/travelplanner__622
travelplanner__623,travelplanner,final_wrong,181,82,stay_agent,stay_agent,True,False,False,99,190,segmented_choice,0.43,results/full/calls/travelplanner__623
travelplanner__624,travelplanner,recall_miss,53,0,transport_agent,manager_agent,False,False,False,53,104,segmented_choice,0.21,results/full/calls/travelplanner__624
travelplanner__625,travelplanner,reduction_drop,249,93,transport_agent,stay_agent,False,False,False,156,252,segmented_choice,0.54,results/full/calls/travelplanner__625
travelplanner__626,travelplanner,final_wrong,129,79,manager_agent,manager_agent,True,False,False,50,133,segmented_choice,0.07,results/full/calls/travelplanner__626
travelplanner__627,travelplanner,final_wrong,11,44,manager_agent,manager_agent,True,False,False,33,48,segmented_choice,0.2,results/full/calls/travelplanner__627
travelplanner__628,travelplanner,final_wrong,22,0,manager_agent,manager_agent,True,False,False,22,54,segmented_choice,0.26,results/full/calls/travelplanner__628
travelplanner__629,travelplanner,final_wrong,99,168,stay_agent,manager_agent,False,False,False,69,186,segmented_choice,0.1,results/full/calls/travelplanner__629
travelplanner__630,travelplanner,recall_miss,310,213,manager_agent,food_attr_agent,False,False,False,97,317,segmented_choice,0.43,results/full/calls/travelplanner__630
travelplanner__631,travelplanner,correct,113,113,manager_agent,manager_agent,True,True,True,0,150,segmented_choice,0.31,results/full/calls/travelplanner__631
travelplanner__632,travelplanner,final_wrong,33,233,stay_agent,manager_agent,False,False,False,200,247,segmented_choice,0.22,results/full/calls/travelplanner__632
travelplanner__633,travelplanner,correct,238,238,verifier_agent,verifier_agent,True,True,True,0,242,segmented_choice,0.04,results/full/calls/travelplanner__633
travelplanner__634,travelplanner,reduction_drop,223,113,stay_agent,stay_agent,True,False,False,110,240,segmented_choice,0.39,results/full/calls/travelplanner__634
travelplanner__635,travelplanner,reduction_drop,521,149,verifier_agent,stay_agent,False,False,False,372,524,segmented_choice,0.27,results/full/calls/travelplanner__635
travelplanner__636,travelplanner,recall_miss,54,55,manager_agent,manager_agent,True,False,True,1,61,segmented_choice,0.6,results/full/calls/travelplanner__636
travelplanner__637,travelplanner,final_wrong,139,13,manager_agent,manager_agent,True,False,False,126,142,segmented_choice,0.45,results/full/calls/travelplanner__637
travelplanner__638,travelplanner,recall_miss,14,178,manager_agent,manager_agent,True,False,False,164,182,segmented_choice,0.24,results/full/calls/travelplanner__638
travelplanner__639,travelplanner,final_wrong,200,95,manager_agent,stay_agent,False,False,False,105,204,segmented_choice,0.32,results/full/calls/travelplanner__639
travelplanner__640,travelplanner,final_wrong,108,194,stay_agent,stay_agent,True,False,False,86,205,segmented_choice,0.3,results/full/calls/travelplanner__640
travelplanner__641,travelplanner,recall_miss,105,107,manager_agent,manager_agent,True,False,True,2,111,segmented_choice,0.19,results/full/calls/travelplanner__641
travelplanner__642,travelplanner,recall_miss,45,167,transport_agent,food_attr_agent,False,False,False,122,394,segmented_choice,0.36,results/full/calls/travelplanner__642
travelplanner__643,travelplanner,correct,161,161,verifier_agent,manager_agent,False,True,True,0,178,segmented_choice,0.49,results/full/calls/travelplanner__643
travelplanner__644,travelplanner,final_wrong,30,60,manager_agent,manager_agent,True,False,False,30,68,segmented_choice,0.12,results/full/calls/travelplanner__644
travelplanner__645,travelplanner,recall_miss,130,104,stay_agent,Task_Planner,False,False,False,26,216,segmented_choice,0.12,results/full/calls/travelplanner__645
travelplanner__646,travelplanner,recall_miss,65,104,Task_Planner,stay_agent,False,False,False,39,116,segmented_choice,0.22,results/full/calls/travelplanner__646
travelplanner__647,travelplanner,final_wrong,49,51,Task_Planner,stay_agent,False,False,True,2,55,segmented_choice,0.14,results/full/calls/travelplanner__647
travelplanner__648,travelplanner,reduction_drop,190,76,verifier_agent,verifier_agent,True,False,False,114,193,segmented_choice,0.41,results/full/calls/travelplanner__648
travelplanner__649,travelplanner,final_wrong,177,121,food_attr_agent,food_attr_agent,True,False,False,56,181,segmented_choice,0.24,results/full/calls/travelplanner__649
travelplanner__650,travelplanner,final_wrong,41,44,Computer_terminal,manager_agent,False,False,True,3,110,segmented_choice,0.05,results/full/calls/travelplanner__650
travelplanner__651,travelplanner,final_wrong,1,139,Task_Planner,food_attr_agent,False,False,False,138,158,segmented_choice,0.22,results/full/calls/travelplanner__651
travelplanner__652,travelplanner,recall_miss,2,68,Task_Planner,transport_agent,False,False,False,66,199,segmented_choice,0.29,results/full/calls/travelplanner__652
travelplanner__653,travelplanner,recall_miss,88,36,manager_agent,manager_agent,True,False,False,52,210,segmented_choice,0.12,results/full/calls/travelplanner__653
travelplanner__654,travelplanner,recall_miss,89,33,stay_agent,transport_agent,False,False,False,56,171,segmented_choice,0.5,results/full/calls/travelplanner__654
travelplanner__655,travelplanner,recall_miss,169,14,manager_agent,manager_agent,True,False,False,155,183,segmented_choice,0.46,results/full/calls/travelplanner__655
travelplanner__656,travelplanner,recall_miss,124,58,food_attr_agent,Task_Planner,False,False,False,66,136,segmented_choice,0.1,results/full/calls/travelplanner__656
travelplanner__657,travelplanner,recall_miss,125,36,stay_agent,stay_agent,True,False,False,89,181,segmented_choice,0.45,results/full/calls/travelplanner__657
travelplanner__658,travelplanner,final_wrong,142,121,manager_agent,manager_agent,True,False,False,21,146,segmented_choice,0.18,results/full/calls/travelplanner__658
travelplanner__659,travelplanner,recall_miss,55,32,verifier_agent,manager_agent,False,False,False,23,176,segmented_choice,0.51,results/full/calls/travelplanner__659
travelplanner__660,travelplanner,reduction_drop,78,144,manager_agent,manager_agent,True,False,False,66,148,segmented_choice,0.29,results/full/calls/travelplanner__660
travelplanner__661,travelplanner,recall_miss,115,281,Task_Planner,manager_agent,False,False,False,166,290,segmented_choice,0.12,results/full/calls/travelplanner__661
travelplanner__662,travelplanner,reduction_drop,161,70,manager_agent,manager_agent,True,False,False,91,163,segmented_choice,0.39,results/full/calls/travelplanner__662
travelplanner__663,travelplanner,recall_miss,130,69,manager_agent,manager_agent,True,False,False,61,136,segmented_choice,0.26,results/full/calls/travelplanner__663
travelplanner__664,travelplanner,final_wrong,88,74,Task_Planner,stay_agent,False,False,False,14,94,segmented_choice,0.14,results/full/calls/travelplanner__664
travelplanner__665,travelplanner,recall_miss,230,88,manager_agent,stay_agent,False,False,False,142,252,segmented_choice,0.37,results/full/calls/travelplanner__665
travelplanner__666,travelplanner,reduction_drop,55,8,stay_agent,food_attr_agent,False,False,False,47,125,segmented_choice,0.25,results/full/calls/travelplanner__666
travelplanner__667,travelplanner,reduction_drop,186,23,verifier_agent,stay_agent,False,False,False,163,189,segmented_choice,0.46,results/full/calls/travelplanner__667
travelplanner__668,travelplanner,final_wrong,89,25,food_attr_agent,stay_agent,False,False,False,64,92,segmented_choice,0.38,results/full/calls/travelplanner__668
travelplanner__669,travelplanner,recall_miss,30,32,stay_agent,food_attr_agent,False,False,True,2,158,segmented_choice,0.13,results/full/calls/travelplanner__669
travelplanner__670,travelplanner,recall_miss,61,32,stay_agent,food_attr_agent,False,False,False,29,110,segmented_choice,0.32,results/full/calls/travelplanner__670
travelplanner__671,travelplanner,recall_miss,64,61,stay_agent,manager_agent,False,False,True,3,174,segmented_choice,0.2,results/full/calls/travelplanner__671
travelplanner__672,travelplanner,reduction_drop,74,100,stay_agent,manager_agent,False,False,False,26,104,segmented_choice,0.28,results/full/calls/travelplanner__672
travelplanner__673,travelplanner,reduction_drop,69,120,Computer_terminal,manager_agent,False,False,False,51,130,segmented_choice,0.43,results/full/calls/travelplanner__673
travelplanner__674,travelplanner,recall_miss,77,104,stay_agent,stay_agent,True,False,False,27,108,segmented_choice,0.25,results/full/calls/travelplanner__674
travelplanner__675,travelplanner,reduction_drop,215,222,manager_agent,manager_agent,True,False,False,7,230,segmented_choice,0.23,results/full/calls/travelplanner__675
travelplanner__676,travelplanner,reduction_drop,106,109,manager_agent,manager_agent,True,False,True,3,113,segmented_choice,0.42,results/full/calls/travelplanner__676
travelplanner__677,travelplanner,recall_miss,37,78,transport_agent,manager_agent,False,False,False,41,82,segmented_choice,0.43,results/full/calls/travelplanner__677
travelplanner__678,travelplanner,recall_miss,91,75,stay_agent,stay_agent,True,False,False,16,107,segmented_choice,0.22,results/full/calls/travelplanner__678
travelplanner__679,travelplanner,reduction_drop,259,83,Task_Planner,stay_agent,False,False,False,176,265,segmented_choice,0.88,results/full/calls/travelplanner__679
travelplanner__680,travelplanner,final_wrong,189,55,food_attr_agent,transport_agent,False,False,False,134,192,segmented_choice,0.8,results/full/calls/travelplanner__680
travelplanner__681,travelplanner,reduction_drop,35,97,Computer_terminal,manager_agent,False,False,False,62,101,segmented_choice,0.12,results/full/calls/travelplanner__681
travelplanner__682,travelplanner,final_wrong,201,171,manager_agent,manager_agent,True,False,False,30,204,segmented_choice,0.16,results/full/calls/travelplanner__682
travelplanner__683,travelplanner,recall_miss,33,168,transport_agent,food_attr_agent,False,False,False,135,185,segmented_choice,0.2,results/full/calls/travelplanner__683
travelplanner__684,travelplanner,final_wrong,22,161,manager_agent,food_attr_agent,False,False,False,139,173,segmented_choice,0.29,results/full/calls/travelplanner__684
travelplanner__685,travelplanner,final_wrong,173,172,manager_agent,manager_agent,True,False,True,1,176,segmented_choice,0.22,results/full/calls/travelplanner__685
vitabench__001,vitabench,direct_wrong,15,18,Computer_terminal,Action_Expert,False,False,True,3,30,full_context,0.17,results/full/calls/vitabench__001
vitabench__002,vitabench,direct_wrong,29,28,Action_Expert,Action_Expert,True,False,True,1,46,full_context,0.34,results/full/calls/vitabench__002
vitabench__003,vitabench,recall_miss,22,24,Action_Expert,Action_Expert,True,False,True,2,78,segmented_choice,0.44,results/full/calls/vitabench__003
vitabench__004,vitabench,direct_wrong,15,18,Computer_terminal,Action_Expert,False,False,True,3,32,full_context,0.12,results/full/calls/vitabench__004
vitabench__005,vitabench,correct,14,14,Action_Expert,Action_Expert,True,True,True,0,52,full_context,0.23,results/full/calls/vitabench__005
vitabench__006,vitabench,direct_wrong,20,10,Action_Expert,Action_Expert,True,False,False,10,38,full_context,0.49,results/full/calls/vitabench__006
vitabench__007,vitabench,direct_wrong,33,30,Computer_terminal,Action_Expert,False,False,True,3,34,full_context,0.17,results/full/calls/vitabench__007
vitabench__008,vitabench,direct_wrong,51,25,Computer_terminal,Action_Expert,False,False,False,26,52,full_context,0.3,results/full/calls/vitabench__008
vitabench__009,vitabench,direct_wrong,20,50,Action_Expert,Action_Expert,True,False,False,30,52,full_context,0.29,results/full/calls/vitabench__009
vitabench__010,vitabench,recall_miss,23,56,Action_Expert,Action_Expert,True,False,False,33,58,segmented_choice,0.09,results/full/calls/vitabench__010
vitabench__011,vitabench,correct,11,11,Computer_terminal,Action_Expert,False,True,True,0,28,full_context,0.22,results/full/calls/vitabench__011
vitabench__012,vitabench,correct,24,24,Action_Expert,Action_Expert,True,True,True,0,56,full_context,0.55,results/full/calls/vitabench__012
vitabench__013,vitabench,direct_wrong,40,30,Action_Expert,Action_Expert,True,False,False,10,58,full_context,0.32,results/full/calls/vitabench__013
vitabench__014,vitabench,recall_miss,52,64,Action_Expert,Action_Expert,True,False,False,12,126,segmented_choice,0.8,results/full/calls/vitabench__014
vitabench__015,vitabench,direct_wrong,58,26,Action_Expert,Action_Expert,True,False,False,32,72,full_context,0.27,results/full/calls/vitabench__015
vitabench__016,vitabench,recall_miss,28,68,Action_Expert,Action_Expert,True,False,False,40,74,segmented_choice,0.28,results/full/calls/vitabench__016
vitabench__017,vitabench,direct_wrong,24,14,Action_Expert,Action_Expert,True,False,False,10,26,full_context,0.19,results/full/calls/vitabench__017
vitabench__018,vitabench,recall_miss,30,50,Action_Expert,Action_Expert,True,False,False,20,102,segmented_choice,0.31,results/full/calls/vitabench__018
vitabench__019,vitabench,recall_miss,44,55,Action_Expert,Action_Expert,True,False,False,11,62,segmented_choice,0.09,results/full/calls/vitabench__019
vitabench__020,vitabench,direct_wrong,23,38,Computer_terminal,Action_Expert,False,False,False,15,66,full_context,0.23,results/full/calls/vitabench__020
vitabench__021,vitabench,recall_miss,6,16,Action_Expert,Action_Expert,True,False,False,10,60,segmented_choice,0.42,results/full/calls/vitabench__021
vitabench__022,vitabench,direct_wrong,12,10,Action_Expert,Action_Expert,True,False,True,2,50,full_context,0.36,results/full/calls/vitabench__022
vitabench__023,vitabench,correct,2,2,Action_Expert,Action_Expert,True,True,True,0,25,full_context,0.99,results/full/calls/vitabench__023
vitabench__024,vitabench,recall_miss,78,38,Action_Expert,Action_Expert,True,False,False,40,108,segmented_choice,0.53,results/full/calls/vitabench__024
vitabench__025,vitabench,recall_miss,58,6,Action_Expert,Action_Expert,True,False,False,52,68,segmented_choice,0.22,results/full/calls/vitabench__025
vitabench__026,vitabench,correct,4,4,Action_Expert,Action_Expert,True,True,True,0,46,full_context,0.41,results/full/calls/vitabench__026
vitabench__027,vitabench,direct_wrong,10,18,Action_Expert,Action_Expert,True,False,False,8,42,full_context,0.4,results/full/calls/vitabench__027
vitabench__028,vitabench,direct_wrong,33,8,Computer_terminal,Action_Expert,False,False,False,25,52,full_context,0.2,results/full/calls/vitabench__028
vitabench__029,vitabench,recall_miss,63,11,Computer_terminal,Action_Expert,False,False,False,52,86,segmented_choice,0.8,results/full/calls/vitabench__029
vitabench__030,vitabench,correct,6,6,Action_Expert,Action_Expert,True,True,True,0,33,segmented_choice,0.67,results/full/calls/vitabench__030
vitabench__031,vitabench,direct_wrong,40,2,Action_Expert,Action_Expert,True,False,False,38,50,full_context,0.16,results/full/calls/vitabench__031
vitabench__032,vitabench,direct_wrong,4,98,Action_Expert,Action_Expert,True,False,False,94,102,full_context,0.96,results/full/calls/vitabench__032
vitabench__033,vitabench,direct_wrong,8,14,Action_Expert,Action_Expert,True,False,False,6,102,full_context,0.64,results/full/calls/vitabench__033
vitabench__034,vitabench,correct,36,36,Action_Expert,Action_Expert,True,True,True,0,38,full_context,0.29,results/full/calls/vitabench__034
vitabench__035,vitabench,final_wrong,18,34,Action_Expert,Action_Expert,True,False,False,16,102,segmented_choice,0.16,results/full/calls/vitabench__035
vitabench__036,vitabench,direct_wrong,40,47,Action_Expert,Action_Expert,True,False,False,7,66,full_context,0.55,results/full/calls/vitabench__036
vitabench__037,vitabench,recall_miss,16,37,Action_Expert,Action_Expert,True,False,False,21,58,segmented_choice,0.7,results/full/calls/vitabench__037
vitabench__038,vitabench,correct,4,4,Action_Expert,Action_Expert,True,True,True,0,27,full_context,0.92,results/full/calls/vitabench__038
vitabench__039,vitabench,direct_wrong,26,38,Action_Expert,Action_Expert,True,False,False,12,40,full_context,0.52,results/full/calls/vitabench__039
vitabench__040,vitabench,recall_miss,20,74,Action_Expert,Action_Expert,True,False,False,54,102,segmented_choice,0.68,results/full/calls/vitabench__040
vitabench__041,vitabench,direct_wrong,1,18,Computer_terminal,Action_Expert,False,False,False,17,38,full_context,0.8,results/full/calls/vitabench__041
vitabench__042,vitabench,recall_miss,41,54,Action_Expert,Action_Expert,True,False,False,13,64,segmented_choice,0.74,results/full/calls/vitabench__042
vitabench__043,vitabench,recall_miss,36,2,Action_Expert,Action_Expert,True,False,False,34,80,segmented_choice,0.59,results/full/calls/vitabench__043
vitabench__044,vitabench,direct_wrong,37,8,Computer_terminal,Action_Expert,False,False,False,29,38,full_context,0.42,results/full/calls/vitabench__044
vitabench__045,vitabench,recall_miss,54,32,Action_Expert,Action_Expert,True,False,False,22,64,segmented_choice,0.64,results/full/calls/vitabench__045
vitabench__046,vitabench,correct,2,2,Action_Expert,Action_Expert,True,True,True,0,25,full_context,0.99,results/full/calls/vitabench__046
vitabench__047,vitabench,correct,2,2,Action_Expert,Action_Expert,True,True,True,0,27,full_context,0.96,results/full/calls/vitabench__047
vitabench__048,vitabench,direct_wrong,26,48,Action_Expert,Action_Expert,True,False,False,22,50,full_context,0.23,results/full/calls/vitabench__048
vitabench__049,vitabench,correct,4,4,Action_Expert,Action_Expert,True,True,True,0,27,full_context,0.9,results/full/calls/vitabench__049
vitabench__050,vitabench,correct,2,2,Action_Expert,Action_Expert,True,True,True,0,27,full_context,0.58,results/full/calls/vitabench__050
vitabench__051,vitabench,correct,16,16,Action_Expert,Action_Expert,True,True,True,0,47,full_context,0.99,results/full/calls/vitabench__051
vitabench__052,vitabench,correct,4,4,Action_Expert,Action_Expert,True,True,True,0,31,full_context,0.94,results/full/calls/vitabench__052
vitabench__053,vitabench,correct,6,6,Action_Expert,Action_Expert,True,True,True,0,27,full_context,0.73,results/full/calls/vitabench__053
vitabench__054,vitabench,correct,10,10,Action_Expert,Action_Expert,True,True,True,0,50,full_context,0.91,results/full/calls/vitabench__054
vitabench__055,vitabench,direct_wrong,42,3,Action_Expert,Action_Expert,True,False,False,39,56,full_context,0.66,results/full/calls/vitabench__055
vitabench__056,vitabench,recall_miss,39,6,Computer_terminal,Action_Expert,False,False,False,33,70,segmented_choice,0.68,results/full/calls/vitabench__056
vitabench__057,vitabench,direct_wrong,4,50,Action_Expert,Action_Expert,True,False,False,46,74,full_context,0.32,results/full/calls/vitabench__057
vitabench__058,vitabench,recall_miss,34,22,Action_Expert,Action_Expert,True,False,False,12,68,segmented_choice,0.54,results/full/calls/vitabench__058
vitabench__059,vitabench,direct_wrong,12,17,Action_Expert,Action_Expert,True,False,True,5,24,full_context,0.44,results/full/calls/vitabench__059
vitabench__060,vitabench,correct,6,6,Action_Expert,Action_Expert,True,True,True,0,27,full_context,0.97,results/full/calls/vitabench__060
vitabench__061,vitabench,correct,2,2,Action_Expert,Action_Expert,True,True,True,0,31,full_context,0.92,results/full/calls/vitabench__061
vitabench__062,vitabench,recall_miss,61,40,Computer_terminal,Action_Expert,False,False,False,21,62,segmented_choice,0.28,results/full/calls/vitabench__062
vitabench__063,vitabench,correct,2,2,Action_Expert,Action_Expert,True,True,True,0,25,full_context,0.99,results/full/calls/vitabench__063
vitabench__064,vitabench,direct_wrong,5,8,Computer_terminal,Action_Expert,False,False,True,3,26,full_context,0.32,results/full/calls/vitabench__064
vitabench__065,vitabench,direct_wrong,13,4,Action_Expert,Action_Expert,True,False,False,9,26,full_context,0.34,results/full/calls/vitabench__065
vitabench__066,vitabench,direct_wrong,24,8,Action_Expert,Action_Expert,True,False,False,16,34,full_context,0.13,results/full/calls/vitabench__066
vitabench__067,vitabench,direct_wrong,11,18,Action_Expert,Action_Expert,True,False,False,7,36,full_context,0.27,results/full/calls/vitabench__067
vitabench__068,vitabench,direct_wrong,24,4,Action_Expert,Action_Expert,True,False,False,20,36,full_context,0.18,results/full/calls/vitabench__068
vitabench__069,vitabench,direct_wrong,8,10,Action_Expert,Action_Expert,True,False,True,2,46,full_context,0.17,results/full/calls/vitabench__069
vitabench__070,vitabench,correct,48,48,Action_Expert,Action_Expert,True,True,True,0,64,full_context,0.37,results/full/calls/vitabench__070
vitabench__071,vitabench,direct_wrong,19,18,Action_Expert,Action_Expert,True,False,True,1,32,full_context,0.73,results/full/calls/vitabench__071
vitabench__072,vitabench,direct_wrong,14,16,Action_Expert,Action_Expert,True,False,True,2,32,full_context,0.3,results/full/calls/vitabench__072
vitabench__073,vitabench,direct_wrong,4,12,Action_Expert,Action_Expert,True,False,False,8,46,full_context,0.49,results/full/calls/vitabench__073
vitabench__074,vitabench,correct,42,42,Action_Expert,Action_Expert,True,True,True,0,57,segmented_choice,0.86,results/full/calls/vitabench__074
vitabench__075,vitabench,recall_miss,26,12,Action_Expert,Action_Expert,True,False,False,14,70,segmented_choice,0.86,results/full/calls/vitabench__075
vitabench__076,vitabench,direct_wrong,10,34,Action_Expert,Action_Expert,True,False,False,24,36,full_context,0.2,results/full/calls/vitabench__076
vitabench__077,vitabench,direct_wrong,30,84,Action_Expert,Action_Expert,True,False,False,54,108,full_context,0.31,results/full/calls/vitabench__077
vitabench__078,vitabench,recall_miss,23,4,Action_Expert,Action_Expert,True,False,False,19,94,segmented_choice,0.53,results/full/calls/vitabench__078
vitabench__079,vitabench,recall_miss,13,16,Computer_terminal,Action_Expert,False,False,True,3,94,segmented_choice,0.42,results/full/calls/vitabench__079
vitabench__080,vitabench,direct_wrong,14,6,Action_Expert,Action_Expert,True,False,False,8,70,full_context,0.28,results/full/calls/vitabench__080
vitabench__081,vitabench,direct_wrong,22,4,Action_Expert,Action_Expert,True,False,False,18,68,full_context,0.62,results/full/calls/vitabench__081
vitabench__082,vitabench,correct,4,4,Action_Expert,Action_Expert,True,True,True,0,54,full_context,0.31,results/full/calls/vitabench__082
vitabench__083,vitabench,recall_miss,90,7,Action_Expert,Action_Expert,True,False,False,83,108,segmented_choice,0.18,results/full/calls/vitabench__083
vitabench__084,vitabench,correct,12,12,Action_Expert,Action_Expert,True,True,True,0,34,full_context,0.23,results/full/calls/vitabench__084
vitabench__085,vitabench,recall_miss,117,114,Computer_terminal,Action_Expert,False,False,True,3,130,segmented_choice,0.44,results/full/calls/vitabench__085
vitabench__086,vitabench,direct_wrong,26,19,Action_Expert,Action_Expert,True,False,False,7,36,full_context,0.17,results/full/calls/vitabench__086
vitabench__087,vitabench,correct,34,34,Action_Expert,Action_Expert,True,True,True,0,42,full_context,0.19,results/full/calls/vitabench__087
vitabench__088,vitabench,direct_wrong,20,54,Action_Expert,Action_Expert,True,False,False,34,56,full_context,0.28,results/full/calls/vitabench__088
vitabench__089,vitabench,correct,8,8,Action_Expert,Action_Expert,True,True,True,0,10,full_context,0.41,results/full/calls/vitabench__089
vitabench__090,vitabench,direct_wrong,41,56,Computer_terminal,Action_Expert,False,False,False,15,58,full_context,0.44,results/full/calls/vitabench__090
vitabench__091,vitabench,direct_wrong,8,14,Action_Expert,Action_Expert,True,False,False,6,54,full_context,0.22,results/full/calls/vitabench__091
vitabench__092,vitabench,direct_wrong,10,18,Action_Expert,Action_Expert,True,False,False,8,28,full_context,0.27,results/full/calls/vitabench__092
vitabench__093,vitabench,direct_wrong,40,15,Action_Expert,Action_Expert,True,False,False,25,56,full_context,0.52,results/full/calls/vitabench__093
vitabench__094,vitabench,correct,16,16,Action_Expert,Action_Expert,True,True,True,0,46,full_context,0.16,results/full/calls/vitabench__094
vitabench__095,vitabench,direct_wrong,15,20,Computer_terminal,Action_Expert,False,False,True,5,46,full_context,0.15,results/full/calls/vitabench__095
vitabench__096,vitabench,correct,20,20,Action_Expert,Action_Expert,True,True,True,0,52,full_context,0.21,results/full/calls/vitabench__096
vitabench__097,vitabench,correct,16,16,Action_Expert,Action_Expert,True,True,True,0,38,full_context,0.15,results/full/calls/vitabench__097
vitabench__098,vitabench,direct_wrong,26,31,Action_Expert,Action_Expert,True,False,True,5,68,full_context,0.66,results/full/calls/vitabench__098
vitabench__099,vitabench,direct_wrong,17,22,Computer_terminal,Action_Expert,False,False,True,5,28,full_context,0.24,results/full/calls/vitabench__099
vitabench__100,vitabench,direct_wrong,34,24,Action_Expert,Action_Expert,True,False,False,10,44,full_context,0.29,results/full/calls/vitabench__100
vitabench__101,vitabench,direct_wrong,14,35,Action_Expert,Action_Expert,True,False,False,21,76,full_context,0.5,results/full/calls/vitabench__101
vitabench__102,vitabench,recall_miss,19,30,Computer_terminal,Action_Expert,False,False,False,11,94,segmented_choice,0.61,results/full/calls/vitabench__102
vitabench__103,vitabench,recall_miss,34,37,Action_Expert,Action_Expert,True,False,True,3,72,segmented_choice,0.26,results/full/calls/vitabench__103
vitabench__104,vitabench,direct_wrong,20,2,Action_Expert,Action_Expert,True,False,False,18,34,full_context,0.38,results/full/calls/vitabench__104
vitabench__105,vitabench,direct_wrong,21,19,Action_Expert,Action_Expert,True,False,True,2,50,full_context,0.2,results/full/calls/vitabench__105
vitabench__106,vitabench,correct,14,14,Action_Expert,Action_Expert,True,True,True,0,64,full_context,0.19,results/full/calls/vitabench__106
vitabench__107,vitabench,correct,28,28,Action_Expert,Action_Expert,True,True,True,0,48,full_context,0.17,results/full/calls/vitabench__107
vitabench__108,vitabench,direct_wrong,22,44,Action_Expert,Action_Expert,True,False,False,22,66,full_context,0.31,results/full/calls/vitabench__108
webarena_verified__001,webarena_verified,final_wrong,26,48,Action_Expert,Verification_Expert,False,False,False,22,63,segmented_choice,0.74,results/full/calls/webarena_verified__001
webarena_verified__002,webarena_verified,final_wrong,56,36,Action_Expert,Action_Expert,True,False,False,20,63,segmented_choice,0.48,results/full/calls/webarena_verified__002
webarena_verified__003,webarena_verified,final_wrong,18,48,Verification_Expert,Verification_Expert,True,False,False,30,63,segmented_choice,0.19,results/full/calls/webarena_verified__003
webarena_verified__004,webarena_verified,recall_miss,42,46,Task_Planner,Action_Expert,False,False,True,4,63,segmented_choice,0.48,results/full/calls/webarena_verified__004
webarena_verified__005,webarena_verified,recall_miss,24,6,Task_Planner,Action_Expert,False,False,False,18,43,segmented_choice,0.57,results/full/calls/webarena_verified__005
webarena_verified__006,webarena_verified,recall_miss,28,54,Verification_Expert,Task_Planner,False,False,False,26,63,segmented_choice,0.23,results/full/calls/webarena_verified__006
webarena_verified__007,webarena_verified,recall_miss,18,16,Verification_Expert,Action_Expert,False,False,True,2,63,segmented_choice,0.38,results/full/calls/webarena_verified__007
webarena_verified__008,webarena_verified,final_wrong,56,26,Action_Expert,Task_Planner,False,False,False,30,63,segmented_choice,0.19,results/full/calls/webarena_verified__008
webarena_verified__009,webarena_verified,final_wrong,46,0,Action_Expert,Computer_terminal,False,False,False,46,53,segmented_choice,0.43,results/full/calls/webarena_verified__009
webarena_verified__010,webarena_verified,final_wrong,46,36,Action_Expert,Task_Planner,False,False,False,10,63,segmented_choice,0.26,results/full/calls/webarena_verified__010
webarena_verified__011,webarena_verified,final_wrong,2,56,Task_Planner,Task_Planner,True,False,False,54,63,segmented_choice,0.33,results/full/calls/webarena_verified__011
webarena_verified__012,webarena_verified,reduction_drop,18,6,Verification_Expert,Action_Expert,False,False,False,12,63,segmented_choice,0.16,results/full/calls/webarena_verified__012
webarena_verified__013,webarena_verified,reduction_drop,6,2,Action_Expert,Task_Planner,False,False,True,4,63,segmented_choice,0.49,results/full/calls/webarena_verified__013
webarena_verified__014,webarena_verified,recall_miss,25,56,Task_Planner,Action_Expert,False,False,False,31,63,segmented_choice,0.84,results/full/calls/webarena_verified__014
webarena_verified__015,webarena_verified,recall_miss,34,2,Task_Planner,Task_Planner,True,False,False,32,63,segmented_choice,0.31,results/full/calls/webarena_verified__015
webarena_verified__016,webarena_verified,reduction_drop,6,24,Action_Expert,Task_Planner,False,False,False,18,63,segmented_choice,0.36,results/full/calls/webarena_verified__016
webarena_verified__017,webarena_verified,reduction_drop,4,2,Task_Planner,Task_Planner,True,False,True,2,63,segmented_choice,0.24,results/full/calls/webarena_verified__017
webarena_verified__018,webarena_verified,correct,36,36,Action_Expert,Action_Expert,True,True,True,0,63,segmented_choice,0.9,results/full/calls/webarena_verified__018
webarena_verified__019,webarena_verified,correct,56,56,Action_Expert,Action_Expert,True,True,True,0,63,segmented_choice,0.4,results/full/calls/webarena_verified__019
webarena_verified__020,webarena_verified,recall_miss,15,56,Task_Planner,Action_Expert,False,False,False,41,63,segmented_choice,0.57,results/full/calls/webarena_verified__020
webarena_verified__021,webarena_verified,correct,46,46,Action_Expert,Action_Expert,True,True,True,0,63,segmented_choice,0.48,results/full/calls/webarena_verified__021
webarena_verified__022,webarena_verified,recall_miss,33,34,Task_Planner,Task_Planner,True,False,True,1,63,segmented_choice,0.75,results/full/calls/webarena_verified__022
webarena_verified__023,webarena_verified,final_wrong,18,36,Verification_Expert,Action_Expert,False,False,False,18,63,segmented_choice,0.92,results/full/calls/webarena_verified__023
webarena_verified__024,webarena_verified,final_wrong,44,19,Task_Planner,Task_Planner,True,False,False,25,63,segmented_choice,0.29,results/full/calls/webarena_verified__024
webarena_verified__025,webarena_verified,recall_miss,9,2,Verification_Expert,Task_Planner,False,False,False,7,63,segmented_choice,0.22,results/full/calls/webarena_verified__025
webarena_verified__026,webarena_verified,recall_miss,55,56,Task_Planner,Action_Expert,False,False,True,1,63,segmented_choice,0.87,results/full/calls/webarena_verified__026
webarena_verified__027,webarena_verified,final_wrong,36,16,Action_Expert,Verification_Expert,False,False,False,20,43,segmented_choice,0.13,results/full/calls/webarena_verified__027
webarena_verified__028,webarena_verified,final_wrong,34,36,Task_Planner,Action_Expert,False,False,True,2,63,segmented_choice,0.54,results/full/calls/webarena_verified__028
webarena_verified__029,webarena_verified,recall_miss,46,34,Action_Expert,Task_Planner,False,False,False,12,63,segmented_choice,0.24,results/full/calls/webarena_verified__029
webarena_verified__030,webarena_verified,reduction_drop,17,2,Verification_Expert,Task_Planner,False,False,False,15,63,segmented_choice,0.77,results/full/calls/webarena_verified__030
webarena_verified__031,webarena_verified,reduction_drop,32,54,Task_Planner,Task_Planner,True,False,False,22,63,segmented_choice,0.47,results/full/calls/webarena_verified__031
webarena_verified__032,webarena_verified,correct,56,56,Action_Expert,Task_Planner,False,True,True,0,63,segmented_choice,0.33,results/full/calls/webarena_verified__032
webarena_verified__033,webarena_verified,final_wrong,2,56,Task_Planner,Task_Planner,True,False,False,54,63,segmented_choice,0.29,results/full/calls/webarena_verified__033
webarena_verified__034,webarena_verified,reduction_drop,24,13,Task_Planner,Task_Planner,True,False,False,11,63,segmented_choice,0.1,results/full/calls/webarena_verified__034
webarena_verified__035,webarena_verified,final_wrong,56,54,Action_Expert,Task_Planner,False,False,True,2,63,segmented_choice,0.21,results/full/calls/webarena_verified__035
webarena_verified__036,webarena_verified,recall_miss,16,26,Action_Expert,Task_Planner,False,False,False,10,63,segmented_choice,0.29,results/full/calls/webarena_verified__036
webarena_verified__037,webarena_verified,reduction_drop,44,2,Task_Planner,Task_Planner,True,False,False,42,63,segmented_choice,0.28,results/full/calls/webarena_verified__037
webarena_verified__038,webarena_verified,correct,46,46,Action_Expert,Action_Expert,True,True,True,0,63,segmented_choice,0.86,results/full/calls/webarena_verified__038
webarena_verified__039,webarena_verified,recall_miss,8,46,Verification_Expert,Action_Expert,False,False,False,38,63,segmented_choice,0.2,results/full/calls/webarena_verified__039
webarena_verified__040,webarena_verified,correct,46,46,Action_Expert,Task_Planner,False,True,True,0,63,segmented_choice,0.32,results/full/calls/webarena_verified__040
webarena_verified__041,webarena_verified,recall_miss,18,44,Verification_Expert,Task_Planner,False,False,False,26,63,segmented_choice,0.25,results/full/calls/webarena_verified__041
webarena_verified__042,webarena_verified,recall_miss,29,46,Verification_Expert,Action_Expert,False,False,False,17,63,segmented_choice,0.48,results/full/calls/webarena_verified__042
webarena_verified__043,webarena_verified,recall_miss,28,2,Verification_Expert,Task_Planner,False,False,False,26,63,segmented_choice,0.38,results/full/calls/webarena_verified__043
webarena_verified__044,webarena_verified,recall_miss,54,59,Task_Planner,Verification_Expert,False,False,True,5,63,segmented_choice,0.24,results/full/calls/webarena_verified__044
webarena_verified__045,webarena_verified,reduction_drop,6,46,Action_Expert,Task_Planner,False,False,False,40,63,segmented_choice,0.44,results/full/calls/webarena_verified__045
webarena_verified__046,webarena_verified,correct,56,56,Action_Expert,Action_Expert,True,True,True,0,63,segmented_choice,0.92,results/full/calls/webarena_verified__046
webarena_verified__047,webarena_verified,recall_miss,19,28,Verification_Expert,Task_Planner,False,False,False,9,63,segmented_choice,0.26,results/full/calls/webarena_verified__047
webarena_verified__048,webarena_verified,reduction_drop,2,46,Task_Planner,Action_Expert,False,False,False,44,63,segmented_choice,0.91,results/full/calls/webarena_verified__048
webarena_verified__049,webarena_verified,final_wrong,34,58,Task_Planner,Task_Planner,True,False,False,24,63,segmented_choice,0.15,results/full/calls/webarena_verified__049
webarena_verified__050,webarena_verified,correct,26,26,Action_Expert,Action_Expert,True,True,True,0,33,segmented_choice,0.94,results/full/calls/webarena_verified__050
webarena_verified__051,webarena_verified,recall_miss,28,56,Verification_Expert,Action_Expert,False,False,False,28,63,segmented_choice,0.48,results/full/calls/webarena_verified__051
webarena_verified__052,webarena_verified,recall_miss,53,54,Task_Planner,Task_Planner,True,False,True,1,63,segmented_choice,0.43,results/full/calls/webarena_verified__052
webarena_verified__053,webarena_verified,correct,56,56,Action_Expert,Action_Expert,True,True,True,0,63,segmented_choice,0.69,results/full/calls/webarena_verified__053
webarena_verified__054,webarena_verified,reduction_drop,56,26,Action_Expert,Task_Planner,False,False,False,30,63,segmented_choice,0.33,results/full/calls/webarena_verified__054
webarena_verified__055,webarena_verified,recall_miss,9,2,Verification_Expert,Task_Planner,False,False,False,7,63,segmented_choice,0.27,results/full/calls/webarena_verified__055
webarena_verified__056,webarena_verified,final_wrong,24,18,Task_Planner,Task_Planner,True,False,False,6,63,segmented_choice,0.24,results/full/calls/webarena_verified__056
webarena_verified__057,webarena_verified,correct,26,26,Action_Expert,Task_Planner,False,True,True,0,63,segmented_choice,0.56,results/full/calls/webarena_verified__057
webarena_verified__058,webarena_verified,correct,46,46,Action_Expert,Action_Expert,True,True,True,0,63,segmented_choice,0.39,results/full/calls/webarena_verified__058
webarena_verified__059,webarena_verified,final_wrong,56,58,Action_Expert,Verification_Expert,False,False,True,2,63,segmented_choice,0.12,results/full/calls/webarena_verified__059
webarena_verified__060,webarena_verified,final_wrong,56,4,Action_Expert,Task_Planner,False,False,False,52,63,segmented_choice,0.17,results/full/calls/webarena_verified__060
webarena_verified__061,webarena_verified,final_wrong,46,54,Action_Expert,Task_Planner,False,False,False,8,63,segmented_choice,0.3,results/full/calls/webarena_verified__061
webarena_verified__062,webarena_verified,recall_miss,36,26,Action_Expert,Action_Expert,True,False,False,10,63,segmented_choice,0.61,results/full/calls/webarena_verified__062
webarena_verified__063,webarena_verified,recall_miss,36,26,Action_Expert,Action_Expert,True,False,False,10,63,segmented_choice,0.68,results/full/calls/webarena_verified__063
webarena_verified__064,webarena_verified,recall_miss,56,36,Action_Expert,Action_Expert,True,False,False,20,63,segmented_choice,0.5,results/full/calls/webarena_verified__064
webarena_verified__065,webarena_verified,final_wrong,46,36,Action_Expert,Action_Expert,True,False,False,10,63,segmented_choice,0.61,results/full/calls/webarena_verified__065
webarena_verified__066,webarena_verified,recall_miss,8,36,Verification_Expert,Task_Planner,False,False,False,28,63,segmented_choice,0.22,results/full/calls/webarena_verified__066
webarena_verified__067,webarena_verified,final_wrong,46,26,Action_Expert,Task_Planner,False,False,False,20,63,segmented_choice,0.24,results/full/calls/webarena_verified__067
webarena_verified__068,webarena_verified,reduction_drop,39,34,Verification_Expert,Task_Planner,False,False,True,5,43,segmented_choice,0.26,results/full/calls/webarena_verified__068
webarena_verified__069,webarena_verified,recall_miss,33,36,Task_Planner,Action_Expert,False,False,True,3,63,segmented_choice,0.15,results/full/calls/webarena_verified__069
webarena_verified__070,webarena_verified,correct,36,36,Action_Expert,Action_Expert,True,True,True,0,63,segmented_choice,0.39,results/full/calls/webarena_verified__070
webarena_verified__071,webarena_verified,reduction_drop,4,56,Task_Planner,Task_Planner,True,False,False,52,63,segmented_choice,0.19,results/full/calls/webarena_verified__071
webarena_verified__072,webarena_verified,reduction_drop,36,34,Action_Expert,Task_Planner,False,False,True,2,63,segmented_choice,0.3,results/full/calls/webarena_verified__072
webarena_verified__073,webarena_verified,final_wrong,16,0,Action_Expert,Task_Planner,False,False,False,16,43,segmented_choice,0.42,results/full/calls/webarena_verified__073
webarena_verified__074,webarena_verified,final_wrong,56,54,Action_Expert,Task_Planner,False,False,True,2,63,segmented_choice,0.42,results/full/calls/webarena_verified__074
webarena_verified__075,webarena_verified,correct,16,16,Action_Expert,Action_Expert,True,True,True,0,63,segmented_choice,0.59,results/full/calls/webarena_verified__075
webarena_verified__076,webarena_verified,recall_miss,8,16,Verification_Expert,Action_Expert,False,False,False,8,63,segmented_choice,0.6,results/full/calls/webarena_verified__076
webarena_verified__077,webarena_verified,recall_miss,16,6,Action_Expert,Action_Expert,True,False,False,10,63,segmented_choice,0.48,results/full/calls/webarena_verified__077
webarena_verified__078,webarena_verified,final_wrong,36,53,Action_Expert,Task_Planner,False,False,False,17,63,segmented_choice,0.13,results/full/calls/webarena_verified__078
webarena_verified__079,webarena_verified,final_wrong,24,23,Task_Planner,Task_Planner,True,False,True,1,63,segmented_choice,0.16,results/full/calls/webarena_verified__079
webarena_verified__080,webarena_verified,final_wrong,29,6,Verification_Expert,Verification_Expert,True,False,False,23,33,segmented_choice,0.13,results/full/calls/webarena_verified__080
webarena_verified__081,webarena_verified,recall_miss,44,56,Task_Planner,Action_Expert,False,False,False,12,63,segmented_choice,0.88,results/full/calls/webarena_verified__081
webarena_verified__082,webarena_verified,final_wrong,56,6,Action_Expert,Action_Expert,True,False,False,50,63,segmented_choice,0.28,results/full/calls/webarena_verified__082
webarena_verified__083,webarena_verified,recall_miss,7,44,Task_Planner,Task_Planner,True,False,False,37,63,segmented_choice,0.47,results/full/calls/webarena_verified__083
webarena_verified__084,webarena_verified,correct,56,56,Action_Expert,Action_Expert,True,True,True,0,63,segmented_choice,0.26,results/full/calls/webarena_verified__084
webarena_verified__085,webarena_verified,final_wrong,36,6,Action_Expert,Action_Expert,True,False,False,30,63,segmented_choice,0.45,results/full/calls/webarena_verified__085
webarena_verified__086,webarena_verified,final_wrong,46,8,Action_Expert,Task_Planner,False,False,False,38,63,segmented_choice,0.18,results/full/calls/webarena_verified__086
webarena_verified__087,webarena_verified,final_wrong,46,56,Action_Expert,Action_Expert,True,False,False,10,63,segmented_choice,0.81,results/full/calls/webarena_verified__087
webarena_verified__088,webarena_verified,recall_miss,39,36,Verification_Expert,Action_Expert,False,False,True,3,63,segmented_choice,0.36,results/full/calls/webarena_verified__088
webarena_verified__089,webarena_verified,recall_miss,49,6,Verification_Expert,Action_Expert,False,False,False,43,53,segmented_choice,0.03,results/full/calls/webarena_verified__089
webarena_verified__090,webarena_verified,correct,18,18,Verification_Expert,Verification_Expert,True,True,True,0,23,segmented_choice,0.8,results/full/calls/webarena_verified__090
webarena_verified__091,webarena_verified,final_wrong,38,6,Verification_Expert,Action_Expert,False,False,False,32,43,segmented_choice,0.65,results/full/calls/webarena_verified__091
webarena_verified__092,webarena_verified,correct,8,8,Verification_Expert,Verification_Expert,True,True,True,0,13,segmented_choice,0.35,results/full/calls/webarena_verified__092
webarena_verified__093,webarena_verified,final_wrong,14,13,Task_Planner,Task_Planner,True,False,True,1,63,segmented_choice,0.31,results/full/calls/webarena_verified__093
webarena_verified__094,webarena_verified,recall_miss,47,6,Task_Planner,Verification_Expert,False,False,False,41,53,segmented_choice,0.3,results/full/calls/webarena_verified__094
webarena_verified__095,webarena_verified,final_wrong,36,6,Action_Expert,Action_Expert,True,False,False,30,43,segmented_choice,0.29,results/full/calls/webarena_verified__095
webarena_verified__096,webarena_verified,correct,46,46,Action_Expert,Verification_Expert,False,True,True,0,53,segmented_choice,0.61,results/full/calls/webarena_verified__096
webarena_verified__097,webarena_verified,final_wrong,46,55,Action_Expert,Task_Planner,False,False,False,9,63,segmented_choice,0.22,results/full/calls/webarena_verified__097
webarena_verified__098,webarena_verified,correct,36,36,Action_Expert,Action_Expert,True,True,True,0,63,segmented_choice,0.6,results/full/calls/webarena_verified__098
webarena_verified__099,webarena_verified,direct_wrong,9,8,Verification_Expert,Verification_Expert,True,False,True,1,13,full_context,0.3,results/full/calls/webarena_verified__099
webarena_verified__100,webarena_verified,final_wrong,49,28,Verification_Expert,Verification_Expert,True,False,False,21,53,segmented_choice,0.14,results/full/calls/webarena_verified__100
webarena_verified__101,webarena_verified,final_wrong,46,8,Action_Expert,Verification_Expert,False,False,False,38,63,segmented_choice,0.17,results/full/calls/webarena_verified__101
webarena_verified__102,webarena_verified,final_wrong,29,28,Verification_Expert,Verification_Expert,True,False,True,1,33,segmented_choice,0.21,results/full/calls/webarena_verified__102
webarena_verified__103,webarena_verified,final_wrong,18,24,Verification_Expert,Task_Planner,False,False,False,6,63,segmented_choice,0.32,results/full/calls/webarena_verified__103
webarena_verified__104,webarena_verified,correct,24,24,Task_Planner,Task_Planner,True,True,True,0,63,segmented_choice,0.31,results/full/calls/webarena_verified__104
webarena_verified__105,webarena_verified,final_wrong,28,46,Verification_Expert,Action_Expert,False,False,False,18,63,segmented_choice,0.57,results/full/calls/webarena_verified__105
webarena_verified__106,webarena_verified,recall_miss,46,6,Action_Expert,Action_Expert,True,False,False,40,63,segmented_choice,0.3,results/full/calls/webarena_verified__106
webarena_verified__107,webarena_verified,final_wrong,56,6,Action_Expert,Task_Planner,False,False,False,50,63,segmented_choice,0.56,results/full/calls/webarena_verified__107
webarena_verified__108,webarena_verified,correct,36,36,Action_Expert,Action_Expert,True,True,True,0,53,segmented_choice,0.53,results/full/calls/webarena_verified__108
webarena_verified__109,webarena_verified,final_wrong,26,14,Action_Expert,Task_Planner,False,False,False,12,33,segmented_choice,0.34,results/full/calls/webarena_verified__109
webarena_verified__110,webarena_verified,final_wrong,36,6,Action_Expert,Action_Expert,True,False,False,30,43,segmented_choice,0.41,results/full/calls/webarena_verified__110
webarena_verified__111,webarena_verified,correct,56,56,Action_Expert,Action_Expert,True,True,True,0,63,segmented_choice,0.36,results/full/calls/webarena_verified__111
webarena_verified__112,webarena_verified,recall_miss,16,6,Action_Expert,Action_Expert,True,False,False,10,63,segmented_choice,0.78,results/full/calls/webarena_verified__112
webarena_verified__113,webarena_verified,final_wrong,46,14,Action_Expert,Task_Planner,False,False,False,32,63,segmented_choice,0.18,results/full/calls/webarena_verified__113
webarena_verified__114,webarena_verified,final_wrong,29,16,Verification_Expert,Verification_Expert,True,False,False,13,33,segmented_choice,0.6,results/full/calls/webarena_verified__114
webarena_verified__115,webarena_verified,recall_miss,34,16,Task_Planner,Task_Planner,True,False,False,18,63,segmented_choice,0.65,results/full/calls/webarena_verified__115
webarena_verified__116,webarena_verified,recall_miss,34,46,Task_Planner,Action_Expert,False,False,False,12,63,segmented_choice,0.54,results/full/calls/webarena_verified__116
webarena_verified__117,webarena_verified,recall_miss,16,6,Action_Expert,Action_Expert,True,False,False,10,63,segmented_choice,0.31,results/full/calls/webarena_verified__117
webarena_verified__118,webarena_verified,correct,36,36,Action_Expert,Action_Expert,True,True,True,0,63,segmented_choice,0.48,results/full/calls/webarena_verified__118
webarena_verified__119,webarena_verified,correct,46,46,Action_Expert,Action_Expert,True,True,True,0,63,segmented_choice,0.24,results/full/calls/webarena_verified__119
webarena_verified__120,webarena_verified,final_wrong,36,6,Action_Expert,Action_Expert,True,False,False,30,63,segmented_choice,0.64,results/full/calls/webarena_verified__120
webarena_verified__121,webarena_verified,reduction_drop,26,6,Action_Expert,Action_Expert,True,False,False,20,63,segmented_choice,0.5,results/full/calls/webarena_verified__121
webarena_verified__122,webarena_verified,final_wrong,24,56,Task_Planner,Task_Planner,True,False,False,32,63,segmented_choice,0.25,results/full/calls/webarena_verified__122
webarena_verified__123,webarena_verified,recall_miss,22,59,Task_Planner,Verification_Expert,False,False,False,37,63,segmented_choice,0.26,results/full/calls/webarena_verified__123
webarena_verified__124,webarena_verified,correct,36,36,Action_Expert,Action_Expert,True,True,True,0,43,segmented_choice,0.41,results/full/calls/webarena_verified__124
webarena_verified__125,webarena_verified,reduction_drop,26,36,Action_Expert,Verification_Expert,False,False,False,10,43,segmented_choice,0.13,results/full/calls/webarena_verified__125
webarena_verified__126,webarena_verified,final_wrong,6,26,Action_Expert,Task_Planner,False,False,False,20,63,segmented_choice,0.18,results/full/calls/webarena_verified__126
webarena_verified__127,webarena_verified,reduction_drop,46,6,Action_Expert,Task_Planner,False,False,False,40,63,segmented_choice,0.47,results/full/calls/webarena_verified__127
webarena_verified__128,webarena_verified,correct,36,36,Action_Expert,Action_Expert,True,True,True,0,63,segmented_choice,0.46,results/full/calls/webarena_verified__128
webarena_verified__129,webarena_verified,recall_miss,5,54,Task_Planner,Task_Planner,True,False,False,49,63,segmented_choice,0.26,results/full/calls/webarena_verified__129
webarena_verified__130,webarena_verified,final_wrong,4,26,Task_Planner,Action_Expert,False,False,False,22,33,segmented_choice,0.41,results/full/calls/webarena_verified__130
webarena_verified__131,webarena_verified,correct,46,46,Action_Expert,Action_Expert,True,True,True,0,53,segmented_choice,0.3,results/full/calls/webarena_verified__131
webarena_verified__132,webarena_verified,recall_miss,26,24,Action_Expert,Task_Planner,False,False,True,2,63,segmented_choice,0.28,results/full/calls/webarena_verified__132
webarena_verified__133,webarena_verified,final_wrong,6,36,Action_Expert,Action_Expert,True,False,False,30,53,segmented_choice,0.4,results/full/calls/webarena_verified__133
webarena_verified__134,webarena_verified,final_wrong,6,26,Action_Expert,Action_Expert,True,False,False,20,33,segmented_choice,0.46,results/full/calls/webarena_verified__134
webarena_verified__135,webarena_verified,final_wrong,46,2,Action_Expert,Task_Planner,False,False,False,44,63,segmented_choice,0.41,results/full/calls/webarena_verified__135
webarena_verified__136,webarena_verified,correct,46,46,Action_Expert,Action_Expert,True,True,True,0,63,segmented_choice,0.38,results/full/calls/webarena_verified__136
webarena_verified__137,webarena_verified,final_wrong,36,33,Action_Expert,Action_Expert,True,False,True,3,43,segmented_choice,0.35,results/full/calls/webarena_verified__137
webarena_verified__138,webarena_verified,reduction_drop,22,16,Task_Planner,Task_Planner,True,False,False,6,63,segmented_choice,0.16,results/full/calls/webarena_verified__138
webarena_verified__139,webarena_verified,final_wrong,56,2,Action_Expert,Task_Planner,False,False,False,54,63,segmented_choice,0.17,results/full/calls/webarena_verified__139
webarena_verified__140,webarena_verified,final_wrong,36,6,Action_Expert,Action_Expert,True,False,False,30,63,segmented_choice,0.58,results/full/calls/webarena_verified__140
webarena_verified__141,webarena_verified,final_wrong,56,36,Action_Expert,Action_Expert,True,False,False,20,63,segmented_choice,0.32,results/full/calls/webarena_verified__141
webarena_verified__142,webarena_verified,final_wrong,46,26,Action_Expert,Task_Planner,False,False,False,20,63,segmented_choice,0.66,results/full/calls/webarena_verified__142
webarena_verified__143,webarena_verified,reduction_drop,36,54,Action_Expert,Task_Planner,False,False,False,18,63,segmented_choice,0.25,results/full/calls/webarena_verified__143
webarena_verified__144,webarena_verified,correct,26,26,Action_Expert,Task_Planner,False,True,True,0,63,segmented_choice,0.14,results/full/calls/webarena_verified__144
webarena_verified__145,webarena_verified,correct,56,56,Action_Expert,Action_Expert,True,True,True,0,63,segmented_choice,0.63,results/full/calls/webarena_verified__145
webarena_verified__146,webarena_verified,correct,36,36,Action_Expert,Action_Expert,True,True,True,0,63,segmented_choice,0.5,results/full/calls/webarena_verified__146
webarena_verified__147,webarena_verified,final_wrong,36,16,Action_Expert,Verification_Expert,False,False,False,20,43,segmented_choice,0.04,results/full/calls/webarena_verified__147
webarena_verified__148,webarena_verified,final_wrong,46,6,Action_Expert,Action_Expert,True,False,False,40,63,segmented_choice,0.69,results/full/calls/webarena_verified__148
webarena_verified__149,webarena_verified,reduction_drop,2,46,Task_Planner,Action_Expert,False,False,False,44,63,segmented_choice,0.41,results/full/calls/webarena_verified__149
webarena_verified__150,webarena_verified,recall_miss,8,46,Verification_Expert,Task_Planner,False,False,False,38,63,segmented_choice,0.21,results/full/calls/webarena_verified__150
webarena_verified__151,webarena_verified,recall_miss,56,6,Action_Expert,Action_Expert,True,False,False,50,63,segmented_choice,0.7,results/full/calls/webarena_verified__151
webarena_verified__152,webarena_verified,recall_miss,38,46,Verification_Expert,Verification_Expert,True,False,False,8,63,segmented_choice,0.3,results/full/calls/webarena_verified__152
webarena_verified__153,webarena_verified,correct,26,26,Action_Expert,Action_Expert,True,True,True,0,63,segmented_choice,0.09,results/full/calls/webarena_verified__153
webarena_verified__154,webarena_verified,final_wrong,46,6,Action_Expert,Task_Planner,False,False,False,40,63,segmented_choice,0.5,results/full/calls/webarena_verified__154
webarena_verified__155,webarena_verified,final_wrong,6,14,Action_Expert,Task_Planner,False,False,False,8,63,segmented_choice,0.21,results/full/calls/webarena_verified__155
webarena_verified__156,webarena_verified,final_wrong,36,46,Action_Expert,Action_Expert,True,False,False,10,63,segmented_choice,0.36,results/full/calls/webarena_verified__156
webarena_verified__157,webarena_verified,final_wrong,46,24,Action_Expert,Action_Expert,True,False,False,22,63,segmented_choice,0.26,results/full/calls/webarena_verified__157
webarena_verified__158,webarena_verified,correct,56,56,Action_Expert,Action_Expert,True,True,True,0,63,segmented_choice,0.55,results/full/calls/webarena_verified__158
webarena_verified__159,webarena_verified,final_wrong,2,6,Task_Planner,Task_Planner,True,False,True,4,63,segmented_choice,0.37,results/full/calls/webarena_verified__159
webarena_verified__160,webarena_verified,recall_miss,15,56,Task_Planner,Action_Expert,False,False,False,41,63,segmented_choice,0.3,results/full/calls/webarena_verified__160
webarena_verified__161,webarena_verified,recall_miss,15,6,Task_Planner,Action_Expert,False,False,False,9,63,segmented_choice,0.42,results/full/calls/webarena_verified__161
webarena_verified__162,webarena_verified,correct,16,16,Action_Expert,Action_Expert,True,True,True,0,63,segmented_choice,0.56,results/full/calls/webarena_verified__162
webarena_verified__163,webarena_verified,recall_miss,16,26,Action_Expert,Action_Expert,True,False,False,10,63,segmented_choice,0.42,results/full/calls/webarena_verified__163
webarena_verified__164,webarena_verified,final_wrong,56,55,Action_Expert,Task_Planner,False,False,True,1,63,segmented_choice,0.36,results/full/calls/webarena_verified__164
webarena_verified__165,webarena_verified,correct,36,36,Action_Expert,Action_Expert,True,True,True,0,43,segmented_choice,0.24,results/full/calls/webarena_verified__165
webarena_verified__166,webarena_verified,recall_miss,18,16,Verification_Expert,Task_Planner,False,False,True,2,63,segmented_choice,0.29,results/full/calls/webarena_verified__166
webarena_verified__167,webarena_verified,reduction_drop,36,16,Action_Expert,Task_Planner,False,False,False,20,63,segmented_choice,0.33,results/full/calls/webarena_verified__167
webarena_verified__168,webarena_verified,final_wrong,34,36,Task_Planner,Task_Planner,True,False,True,2,63,segmented_choice,0.34,results/full/calls/webarena_verified__168
webarena_verified__169,webarena_verified,recall_miss,3,56,Task_Planner,Verification_Expert,False,False,False,53,63,segmented_choice,0.11,results/full/calls/webarena_verified__169
webarena_verified__170,webarena_verified,correct,14,14,Task_Planner,Task_Planner,True,True,True,0,43,segmented_choice,0.66,results/full/calls/webarena_verified__170
webarena_verified__171,webarena_verified,recall_miss,9,26,Verification_Expert,Verification_Expert,True,False,False,17,33,segmented_choice,0.33,results/full/calls/webarena_verified__171
webarena_verified__172,webarena_verified,correct,36,36,Action_Expert,Action_Expert,True,True,True,0,43,segmented_choice,0.82,results/full/calls/webarena_verified__172
webarena_verified__173,webarena_verified,final_wrong,54,2,Task_Planner,Task_Planner,True,False,False,52,63,segmented_choice,0.13,results/full/calls/webarena_verified__173
webarena_verified__174,webarena_verified,recall_miss,16,6,Action_Expert,Task_Planner,False,False,False,10,63,segmented_choice,0.4,results/full/calls/webarena_verified__174
webarena_verified__175,webarena_verified,reduction_drop,26,36,Action_Expert,Action_Expert,True,False,False,10,63,segmented_choice,0.36,results/full/calls/webarena_verified__175
webarena_verified__176,webarena_verified,reduction_drop,60,46,Task_Planner,Action_Expert,False,False,False,14,63,segmented_choice,0.25,results/full/calls/webarena_verified__176
webarena_verified__177,webarena_verified,reduction_drop,26,6,Action_Expert,Action_Expert,True,False,False,20,63,segmented_choice,0.48,results/full/calls/webarena_verified__177
