question_ID,source,steps,reference_role,predicted_role,reference_step,predicted_step,role_correct,step_exact,step_within_5,absolute_step_error
swe_bench_pro__001,swe_bench_pro,309,DiagnostAgent (-> ActionAgent),Computer_terminal,25,0,False,False,False,25
swe_bench_pro__002,swe_bench_pro,120,DiagnostAgent (-> ActionAgent),DiagnostAgent,21,0,True,False,False,21
swe_bench_pro__003,swe_bench_pro,429,DiagnostAgent (-> ActionAgent),DiagnostAgent,246,0,True,False,False,246
swe_bench_pro__004,swe_bench_pro,345,DiagnostAgent (-> ActionAgent),DiagnostAgent,124,0,True,False,False,124
swe_bench_pro__005,swe_bench_pro,320,DiagnostAgent (-> ActionAgent),DiagnostAgent,33,4,True,False,False,29
swe_bench_pro__006,swe_bench_pro,172,ActionAgent,DiagnostAgent,56,0,False,False,False,56
swe_bench_pro__007,swe_bench_pro,170,DiagnostAgent (-> ActionAgent),DiagnostAgent,27,0,True,False,False,27
swe_bench_pro__008,swe_bench_pro,210,ActionAgent,Computer_terminal,54,0,False,False,False,54
swe_bench_pro__009,swe_bench_pro,190,ActionAgent,DiagnostAgent,52,0,False,False,False,52
swe_bench_pro__010,swe_bench_pro,258,ActionAgent,DiagnostAgent,76,0,False,False,False,76
swe_bench_pro__011,swe_bench_pro,417,DiagnostAgent (-> ActionAgent),DiagnostAgent,17,0,True,False,False,17
swe_bench_pro__012,swe_bench_pro,125,DiagnostAgent (-> ActionAgent),DiagnostAgent,21,0,True,False,False,21
swe_bench_pro__013,swe_bench_pro,80,DiagnostAgent (-> ActionAgent),DiagnostAgent,23,0,True,False,False,23
swe_bench_pro__014,swe_bench_pro,170,DiagnostAgent (-> ActionAgent),DiagnostAgent,31,0,True,False,False,31
swe_bench_pro__015,swe_bench_pro,502,DiagnostAgent (-> ActionAgent),DiagnostAgent,110,0,True,False,False,110
swe_bench_pro__016,swe_bench_pro,250,DiagnostAgent (-> ActionAgent),DiagnostAgent,49,0,True,False,False,49
swe_bench_pro__017,swe_bench_pro,461,ActionAgent,DiagnostAgent,130,0,False,False,False,130
swe_bench_pro__018,swe_bench_pro,284,DiagnostAgent,DiagnostAgent,23,0,True,False,False,23
swe_bench_pro__019,swe_bench_pro,280,DiagnostAgent (-> ActionAgent),DiagnostAgent,57,0,True,False,False,57
swe_bench_pro__020,swe_bench_pro,106,DiagnostAgent (-> ActionAgent),DiagnostAgent,28,0,True,False,False,28
swe_bench_pro__021,swe_bench_pro,270,DiagnostAgent (-> ActionAgent),DiagnostAgent,21,0,True,False,False,21
swe_bench_pro__022,swe_bench_pro,138,DiagnostAgent (-> ActionAgent),DiagnostAgent,23,0,True,False,False,23
swe_bench_pro__023,swe_bench_pro,164,DiagnostAgent (-> ActionAgent),DiagnostAgent,37,0,True,False,False,37
swe_bench_pro__024,swe_bench_pro,338,DiagnostAgent (-> ActionAgent),DiagnostAgent,44,0,True,False,False,44
swe_bench_pro__025,swe_bench_pro,215,DiagnostAgent (-> ActionAgent),DiagnostAgent,42,0,True,False,False,42
swe_bench_pro__026,swe_bench_pro,182,DiagnostAgent (-> ActionAgent),human,31,0,False,False,False,31
swe_bench_pro__027,swe_bench_pro,355,ActionAgent,Computer_terminal,203,0,False,False,False,203
swe_bench_pro__028,swe_bench_pro,322,DiagnostAgent (-> ActionAgent),DiagnostAgent,102,2,True,False,False,100
swe_bench_pro__029,swe_bench_pro,248,ActionAgent,human,106,0,False,False,False,106
swe_bench_pro__030,swe_bench_pro,96,ActionAgent,human,42,0,False,False,False,42
swe_bench_pro__031,swe_bench_pro,294,DiagnostAgent (-> ActionAgent),human,25,0,False,False,False,25
swe_bench_pro__032,swe_bench_pro,96,ActionAgent,DiagnostAgent,60,0,False,False,False,60
swe_bench_pro__033,swe_bench_pro,334,ActionAgent,DiagnostAgent,99,0,False,False,False,99
swe_bench_pro__034,swe_bench_pro,189,DiagnostAgent (-> ActionAgent),DiagnostAgent,66,0,True,False,False,66
swe_bench_pro__035,swe_bench_pro,140,DiagnostAgent (-> ActionAgent),DiagnostAgent,25,0,True,False,False,25
swe_bench_pro__036,swe_bench_pro,204,DiagnostAgent,DiagnostAgent,25,0,True,False,False,25
swe_bench_pro__037,swe_bench_pro,114,DiagnostAgent (-> ActionAgent),Computer_terminal,19,0,False,False,False,19
swe_bench_pro__038,swe_bench_pro,142,JudgeAgent,DiagnostAgent,121,3,False,False,False,118
swe_bench_pro__039,swe_bench_pro,645,DiagnostAgent (-> ActionAgent),DiagnostAgent,43,0,True,False,False,43
swe_bench_pro__040,swe_bench_pro,150,DiagnostAgent (-> ActionAgent),DiagnostAgent,23,0,True,False,False,23
swe_bench_pro__041,swe_bench_pro,275,DiagnostAgent (-> ActionAgent),DiagnostAgent,148,0,True,False,False,148
swe_bench_pro__042,swe_bench_pro,146,ActionAgent,DiagnostAgent,22,0,False,False,False,22
swe_bench_pro__043,swe_bench_pro,634,ActionAgent,DiagnostAgent,72,0,False,False,False,72
swe_bench_pro__044,swe_bench_pro,335,DiagnostAgent (-> ActionAgent),DiagnostAgent,57,0,True,False,False,57
swe_bench_pro__045,swe_bench_pro,299,ActionAgent,DiagnostAgent,48,0,False,False,False,48
swe_bench_pro__046,swe_bench_pro,355,DiagnostAgent (-> ActionAgent),DiagnostAgent,39,2,True,False,False,37
swe_bench_pro__047,swe_bench_pro,250,ActionAgent,Computer_terminal,133,0,False,False,False,133
swe_bench_pro__048,swe_bench_pro,126,DiagnostAgent (-> ActionAgent),DiagnostAgent,33,0,True,False,False,33
swe_bench_pro__049,swe_bench_pro,140,ActionAgent,human,44,7,False,False,False,37
swe_bench_pro__050,swe_bench_pro,355,ActionAgent,DiagnostAgent,54,0,False,False,False,54
swe_bench_pro__051,swe_bench_pro,226,DiagnostAgent,DiagnostAgent,35,0,True,False,False,35
swe_bench_pro__052,swe_bench_pro,393,ActionAgent,DiagnostAgent,204,0,False,False,False,204
swe_bench_pro__053,swe_bench_pro,455,DiagnostAgent (-> ActionAgent),DiagnostAgent,181,0,True,False,False,181
swe_bench_pro__054,swe_bench_pro,195,DiagnostAgent (-> ActionAgent),DiagnostAgent,51,0,True,False,False,51
swe_bench_pro__055,swe_bench_pro,164,ActionAgent,DiagnostAgent,70,0,False,False,False,70
swe_bench_pro__056,swe_bench_pro,367,DiagnostAgent (-> ActionAgent),DiagnostAgent,45,0,True,False,False,45
swe_bench_pro__057,swe_bench_pro,358,DiagnostAgent,DiagnostAgent,80,0,True,False,False,80
swe_bench_pro__058,swe_bench_pro,180,ActionAgent,DiagnostAgent,40,0,False,False,False,40
swe_bench_pro__059,swe_bench_pro,229,DiagnostAgent (-> ActionAgent),DiagnostAgent,19,0,True,False,False,19
swe_bench_pro__060,swe_bench_pro,439,ActionAgent,DiagnostAgent,215,0,False,False,False,215
swe_bench_pro__061,swe_bench_pro,158,DiagnostAgent (-> ActionAgent),DiagnostAgent,37,0,True,False,False,37
swe_bench_pro__062,swe_bench_pro,245,DiagnostAgent (-> ActionAgent),DiagnostAgent,41,0,True,False,False,41
swe_bench_pro__063,swe_bench_pro,274,DiagnostAgent (-> ActionAgent),DiagnostAgent,43,0,True,False,False,43
swe_bench_pro__064,swe_bench_pro,480,DiagnostAgent (-> ActionAgent),DiagnostAgent,39,0,True,False,False,39
swe_bench_pro__065,swe_bench_pro,230,ActionAgent,DiagnostAgent,43,0,False,False,False,43
swe_bench_pro__066,swe_bench_pro,385,JudgeAgent,DiagnostAgent,317,0,False,False,False,317
swe_bench_pro__067,swe_bench_pro,436,DiagnostAgent (-> ActionAgent),DiagnostAgent,104,0,True,False,False,104
swe_bench_pro__068,swe_bench_pro,231,DiagnostAgent (-> ActionAgent),DiagnostAgent,37,0,True,False,False,37
swe_bench_pro__069,swe_bench_pro,150,DiagnostAgent (-> ActionAgent),DiagnostAgent,25,0,True,False,False,25
swe_bench_pro__070,swe_bench_pro,257,DiagnostAgent (-> ActionAgent),DiagnostAgent,23,0,True,False,False,23
swe_bench_pro__071,swe_bench_pro,162,DiagnostAgent (-> ActionAgent),DiagnostAgent,27,0,True,False,False,27
swe_bench_pro__072,swe_bench_pro,178,ActionAgent,DiagnostAgent,46,0,False,False,False,46
swe_bench_pro__073,swe_bench_pro,330,ActionAgent,DiagnostAgent,67,0,False,False,False,67
swe_bench_pro__074,swe_bench_pro,661,DiagnostAgent (-> ActionAgent),DiagnostAgent,205,7,True,False,False,198
swe_bench_pro__075,swe_bench_pro,220,JudgeAgent,DiagnostAgent,206,0,False,False,False,206
swe_bench_pro__076,swe_bench_pro,196,DiagnostAgent (-> ActionAgent),DiagnostAgent,43,0,True,False,False,43
swe_bench_pro__077,swe_bench_pro,444,ActionAgent,DiagnostAgent,92,0,False,False,False,92
swe_bench_pro__078,swe_bench_pro,279,DiagnostAgent (-> ActionAgent),DiagnostAgent,48,0,True,False,False,48
swe_bench_pro__079,swe_bench_pro,220,DiagnostAgent (-> ActionAgent),Computer_terminal,47,0,False,False,False,47
swe_bench_pro__080,swe_bench_pro,96,DiagnostAgent (-> ActionAgent),human,17,0,False,False,False,17
swe_bench_pro__081,swe_bench_pro,561,ActionAgent,human,72,0,False,False,False,72
swe_bench_pro__082,swe_bench_pro,92,DiagnostAgent (-> ActionAgent),human,25,0,False,False,False,25
swe_bench_pro__083,swe_bench_pro,354,DiagnostAgent (-> ActionAgent),DiagnostAgent,76,0,True,False,False,76
swe_bench_pro__084,swe_bench_pro,559,DiagnostAgent (-> ActionAgent),Computer_terminal,77,7,False,False,False,70
swe_bench_pro__085,swe_bench_pro,645,DiagnostAgent (-> ActionAgent),DiagnostAgent,39,0,True,False,False,39
swe_bench_pro__086,swe_bench_pro,148,DiagnostAgent (-> ActionAgent),human,39,0,False,False,False,39
swe_bench_pro__087,swe_bench_pro,142,DiagnostAgent (-> ActionAgent),DiagnostAgent,29,0,True,False,False,29
swe_bench_pro__088,swe_bench_pro,382,ActionAgent,DiagnostAgent,36,0,False,False,False,36
swe_bench_pro__089,swe_bench_pro,262,ActionAgent,DiagnostAgent,91,0,False,False,False,91
swe_bench_pro__090,swe_bench_pro,318,ActionAgent,human,34,0,False,False,False,34
swe_bench_pro__091,swe_bench_pro,728,DiagnostAgent (-> ActionAgent),DiagnostAgent,169,0,True,False,False,169
swe_bench_pro__092,swe_bench_pro,402,ActionAgent,DiagnostAgent,264,398,False,False,False,134
swe_bench_pro__093,swe_bench_pro,555,DiagnostAgent (-> ActionAgent),human,399,0,False,False,False,399
swe_bench_pro__094,swe_bench_pro,184,DiagnostAgent,DiagnostAgent,35,0,True,False,False,35
swe_bench_pro__095,swe_bench_pro,325,DiagnostAgent (-> ActionAgent),human,21,0,False,False,False,21
swe_bench_pro__096,swe_bench_pro,480,ActionAgent,DiagnostAgent,38,0,False,False,False,38
swe_bench_pro__097,swe_bench_pro,326,ActionAgent,DiagnostAgent,119,0,False,False,False,119
swe_bench_pro__098,swe_bench_pro,237,ActionAgent,DiagnostAgent,50,0,False,False,False,50
swe_bench_pro__099,swe_bench_pro,501,ActionAgent,DiagnostAgent,434,0,False,False,False,434
swe_bench_pro__100,swe_bench_pro,236,ActionAgent,DiagnostAgent,28,0,False,False,False,28
swe_bench_pro__101,swe_bench_pro,378,DiagnostAgent (-> ActionAgent),DiagnostAgent,179,0,True,False,False,179
swe_bench_pro__102,swe_bench_pro,357,ActionAgent,DiagnostAgent,56,0,False,False,False,56
swe_bench_pro__103,swe_bench_pro,140,ActionAgent,DiagnostAgent,54,0,False,False,False,54
swe_bench_pro__104,swe_bench_pro,265,DiagnostAgent (-> ActionAgent),DiagnostAgent,29,0,True,False,False,29
swe_bench_pro__105,swe_bench_pro,317,Computer_terminal,DiagnostAgent,6,0,False,False,False,6
swe_bench_pro__106,swe_bench_pro,194,DiagnostAgent (-> ActionAgent),DiagnostAgent,37,0,True,False,False,37
swe_bench_pro__107,swe_bench_pro,324,ActionAgent,DiagnostAgent,82,0,False,False,False,82
swe_bench_pro__108,swe_bench_pro,617,ActionAgent,DiagnostAgent,169,0,False,False,False,169
swe_bench_pro__109,swe_bench_pro,646,ActionAgent,human,50,0,False,False,False,50
swe_bench_pro__110,swe_bench_pro,366,JudgeAgent,DiagnostAgent,333,0,False,False,False,333
swe_bench_pro__111,swe_bench_pro,196,DiagnostAgent (-> ActionAgent),human,27,0,False,False,False,27
swe_bench_pro__112,swe_bench_pro,106,DiagnostAgent (-> ActionAgent),DiagnostAgent,13,0,True,False,False,13
swe_bench_pro__113,swe_bench_pro,226,DiagnostAgent (-> ActionAgent),DiagnostAgent,21,0,True,False,False,21
swe_bench_pro__114,swe_bench_pro,114,DiagnostAgent (-> ActionAgent),human,21,0,False,False,False,21
swe_bench_pro__115,swe_bench_pro,164,DiagnostAgent (-> ActionAgent),DiagnostAgent,45,0,True,False,False,45
swe_bench_pro__116,swe_bench_pro,277,DiagnostAgent (-> ActionAgent),DiagnostAgent,17,0,True,False,False,17
swe_bench_pro__117,swe_bench_pro,158,DiagnostAgent (-> ActionAgent),DiagnostAgent,51,0,True,False,False,51
swe_bench_pro__118,swe_bench_pro,122,DiagnostAgent (-> ActionAgent),DiagnostAgent,31,0,True,False,False,31
swe_bench_pro__119,swe_bench_pro,182,DiagnostAgent (-> ActionAgent),DiagnostAgent,21,2,True,False,False,19
swe_bench_pro__120,swe_bench_pro,425,DiagnostAgent,DiagnostAgent,64,0,True,False,False,64
swe_bench_pro__121,swe_bench_pro,280,DiagnostAgent (-> ActionAgent),DiagnostAgent,15,0,True,False,False,15
swe_bench_pro__122,swe_bench_pro,503,DiagnostAgent (-> ActionAgent),human,33,4,False,False,False,29
swe_bench_pro__123,swe_bench_pro,146,DiagnostAgent (-> ActionAgent),DiagnostAgent,33,0,True,False,False,33
swe_bench_pro__124,swe_bench_pro,366,ActionAgent,DiagnostAgent,52,0,False,False,False,52
swe_bench_pro__125,swe_bench_pro,270,DiagnostAgent (-> ActionAgent),DiagnostAgent,35,0,True,False,False,35
swe_bench_pro__126,swe_bench_pro,196,DiagnostAgent (-> ActionAgent),human,17,0,False,False,False,17
swe_bench_pro__127,swe_bench_pro,162,ActionAgent,DiagnostAgent,100,3,False,False,False,97
swe_bench_pro__128,swe_bench_pro,156,ActionAgent,DiagnostAgent,64,0,False,False,False,64
terminal_bench_2__001,terminal_bench_2,390,ActionAgent,DiagnostAgent,212,0,False,False,False,212
terminal_bench_2__002,terminal_bench_2,496,ActionAgent,DiagnostAgent,64,0,False,False,False,64
terminal_bench_2__003,terminal_bench_2,46,DiagnostAgent (-> ActionAgent),human,10,7,False,False,True,3
terminal_bench_2__004,terminal_bench_2,404,DiagnostAgent (-> ActionAgent),DiagnostAgent,69,0,True,False,False,69
terminal_bench_2__005,terminal_bench_2,260,DiagnostAgent,DiagnostAgent,28,0,True,False,False,28
terminal_bench_2__006,terminal_bench_2,131,DiagnostAgent (-> ActionAgent),human,53,0,False,False,False,53
terminal_bench_2__007,terminal_bench_2,159,DiagnostAgent (-> ActionAgent),Computer_terminal,28,3,False,False,False,25
terminal_bench_2__008,terminal_bench_2,128,DiagnostAgent (-> ActionAgent),human,3,0,False,False,True,3
terminal_bench_2__009,terminal_bench_2,497,DiagnostAgent (-> ActionAgent),human,5,0,False,False,True,5
terminal_bench_2__010,terminal_bench_2,343,ActionAgent,DiagnostAgent,6,0,False,False,False,6
terminal_bench_2__011,terminal_bench_2,180,DiagnostAgent (-> ActionAgent),Computer_terminal,3,0,False,False,True,3
terminal_bench_2__012,terminal_bench_2,182,ActionAgent,DiagnostAgent,36,0,False,False,False,36
terminal_bench_2__013,terminal_bench_2,44,DiagnostAgent,human,15,0,False,False,False,15
terminal_bench_2__014,terminal_bench_2,206,DiagnostAgent (-> ActionAgent),DiagnostAgent,7,0,True,False,False,7
terminal_bench_2__015,terminal_bench_2,54,ActionAgent,Computer_terminal,12,0,False,False,False,12
terminal_bench_2__016,terminal_bench_2,546,JudgeAgent,DiagnostAgent,398,0,False,False,False,398
terminal_bench_2__017,terminal_bench_2,492,DiagnostAgent (-> ActionAgent),Computer_terminal,143,0,False,False,False,143
terminal_bench_2__018,terminal_bench_2,202,DiagnostAgent (-> ActionAgent),DiagnostAgent,44,9,True,False,False,35
terminal_bench_2__019,terminal_bench_2,463,DiagnostAgent (-> ActionAgent),DiagnostAgent,130,0,True,False,False,130
terminal_bench_2__020,terminal_bench_2,140,ActionAgent,DiagnostAgent,14,0,False,False,False,14
terminal_bench_2__021,terminal_bench_2,137,ActionAgent,Computer_terminal,14,0,False,False,False,14
terminal_bench_2__022,terminal_bench_2,189,DiagnostAgent (-> ActionAgent),DiagnostAgent,5,0,True,False,True,5
terminal_bench_2__023,terminal_bench_2,76,ActionAgent,human,20,0,False,False,False,20
terminal_bench_2__024,terminal_bench_2,84,DiagnostAgent (-> ActionAgent),Computer_terminal,3,0,False,False,True,3
terminal_bench_2__025,terminal_bench_2,204,ActionAgent,human,73,0,False,False,False,73
terminal_bench_2__026,terminal_bench_2,229,ActionAgent,Computer_terminal,51,0,False,False,False,51
terminal_bench_2__027,terminal_bench_2,544,JudgeAgent,human,517,0,False,False,False,517
terminal_bench_2__028,terminal_bench_2,193,Computer_terminal,human,57,0,False,False,False,57
terminal_bench_2__029,terminal_bench_2,97,JudgeAgent,DiagnostAgent,94,0,False,False,False,94
terminal_bench_2__030,terminal_bench_2,317,ActionAgent,DiagnostAgent,52,0,False,False,False,52
terminal_bench_2__031,terminal_bench_2,208,ActionAgent,DiagnostAgent,160,0,False,False,False,160
terminal_bench_2__032,terminal_bench_2,450,DiagnostAgent (-> ActionAgent),human,182,0,False,False,False,182
terminal_bench_2__033,terminal_bench_2,219,ActionAgent,Computer_terminal,29,2,False,False,False,27
terminal_bench_2__034,terminal_bench_2,189,ActionAgent,Computer_terminal,47,0,False,False,False,47
terminal_bench_2__035,terminal_bench_2,480,ActionAgent,Computer_terminal,72,0,False,False,False,72
terminal_bench_2__036,terminal_bench_2,541,ActionAgent,JudgeAgent,87,0,False,False,False,87
terminal_bench_2__037,terminal_bench_2,409,DiagnostAgent (-> ActionAgent),Computer_terminal,179,0,False,False,False,179
terminal_bench_2__038,terminal_bench_2,154,DiagnostAgent,Computer_terminal,9,0,False,False,False,9
terminal_bench_2__039,terminal_bench_2,220,DiagnostAgent,human,107,2,False,False,False,105
terminal_bench_2__040,terminal_bench_2,231,ActionAgent,DiagnostAgent,85,0,False,False,False,85
terminal_bench_2__041,terminal_bench_2,379,ActionAgent,DiagnostAgent,180,0,False,False,False,180
terminal_bench_2__042,terminal_bench_2,516,DiagnostAgent (-> ActionAgent),DiagnostAgent,330,0,True,False,False,330
travelplanner__001,travelplanner,143,Task_Planner,Computer_terminal,39,0,False,False,False,39
travelplanner__002,travelplanner,216,transport_agent,Computer_terminal,162,0,False,False,False,162
travelplanner__003,travelplanner,93,verifier_agent,Computer_terminal,90,0,False,False,False,90
travelplanner__004,travelplanner,339,Task_Planner,Computer_terminal,333,0,False,False,False,333
travelplanner__005,travelplanner,89,verifier_agent,Computer_terminal,86,0,False,False,False,86
travelplanner__006,travelplanner,127,transport_agent,Computer_terminal,28,0,False,False,False,28
travelplanner__007,travelplanner,147,stay_agent,Computer_terminal,50,0,False,False,False,50
travelplanner__008,travelplanner,78,Task_Planner,Computer_terminal,72,0,False,False,False,72
travelplanner__009,travelplanner,131,food_attr_agent,Computer_terminal,122,0,False,False,False,122
travelplanner__010,travelplanner,102,Computer_terminal,Computer_terminal,20,0,True,False,False,20
travelplanner__011,travelplanner,131,manager_agent,Computer_terminal,121,0,False,False,False,121
travelplanner__012,travelplanner,114,Task_Planner,Computer_terminal,108,0,False,False,False,108
travelplanner__013,travelplanner,97,Task_Planner,Computer_terminal,92,0,False,False,False,92
travelplanner__014,travelplanner,112,Task_Planner,Computer_terminal,23,0,False,False,False,23
travelplanner__015,travelplanner,132,transport_agent,Computer_terminal,29,0,False,False,False,29
travelplanner__016,travelplanner,125,stay_agent,Computer_terminal,26,0,False,False,False,26
travelplanner__017,travelplanner,141,transport_agent,Computer_terminal,124,0,False,False,False,124
travelplanner__018,travelplanner,75,stay_agent,Computer_terminal,28,0,False,False,False,28
travelplanner__019,travelplanner,129,Task_Planner,Computer_terminal,109,0,False,False,False,109
travelplanner__020,travelplanner,120,verifier_agent,Computer_terminal,117,0,False,False,False,117
travelplanner__021,travelplanner,223,stay_agent,Computer_terminal,73,0,False,False,False,73
travelplanner__022,travelplanner,92,transport_agent,Computer_terminal,17,0,False,False,False,17
travelplanner__023,travelplanner,157,Task_Planner,Computer_terminal,151,0,False,False,False,151
travelplanner__024,travelplanner,91,food_attr_agent,Computer_terminal,38,0,False,False,False,38
travelplanner__025,travelplanner,146,transport_agent,Computer_terminal,59,0,False,False,False,59
travelplanner__026,travelplanner,168,Task_Planner,Computer_terminal,163,0,False,False,False,163
travelplanner__027,travelplanner,180,manager_agent,Computer_terminal,174,0,False,False,False,174
travelplanner__028,travelplanner,190,verifier_agent,Computer_terminal,187,0,False,False,False,187
travelplanner__029,travelplanner,140,stay_agent,Computer_terminal,68,0,False,False,False,68
travelplanner__030,travelplanner,242,stay_agent,Computer_terminal,166,0,False,False,False,166
travelplanner__031,travelplanner,146,transport_agent,Computer_terminal,30,0,False,False,False,30
travelplanner__032,travelplanner,171,Task_Planner,Computer_terminal,73,0,False,False,False,73
travelplanner__033,travelplanner,188,verifier_agent,Computer_terminal,185,0,False,False,False,185
travelplanner__034,travelplanner,170,stay_agent,Computer_terminal,67,0,False,False,False,67
travelplanner__035,travelplanner,186,stay_agent,Computer_terminal,103,0,False,False,False,103
travelplanner__036,travelplanner,188,food_attr_agent,Computer_terminal,181,0,False,False,False,181
travelplanner__037,travelplanner,157,stay_agent,Computer_terminal,88,0,False,False,False,88
travelplanner__038,travelplanner,255,verifier_agent,Computer_terminal,252,0,False,False,False,252
travelplanner__039,travelplanner,140,verifier_agent,Computer_terminal,54,0,False,False,False,54
travelplanner__040,travelplanner,235,manager_agent,Computer_terminal,209,0,False,False,False,209
travelplanner__041,travelplanner,169,stay_agent,Computer_terminal,46,0,False,False,False,46
travelplanner__042,travelplanner,165,stay_agent,Computer_terminal,89,0,False,False,False,89
travelplanner__043,travelplanner,136,Computer_terminal,Computer_terminal,53,0,True,False,False,53
travelplanner__044,travelplanner,212,manager_agent,Computer_terminal,126,0,False,False,False,126
travelplanner__045,travelplanner,175,stay_agent,Computer_terminal,78,171,False,False,False,93
travelplanner__046,travelplanner,123,stay_agent,Computer_terminal,81,119,False,False,False,38
travelplanner__047,travelplanner,200,stay_agent,Computer_terminal,85,0,False,False,False,85
travelplanner__048,travelplanner,158,verifier_agent,Computer_terminal,144,0,False,False,False,144
travelplanner__049,travelplanner,143,stay_agent,Computer_terminal,84,0,False,False,False,84
travelplanner__050,travelplanner,226,transport_agent,Computer_terminal,95,0,False,False,False,95
travelplanner__051,travelplanner,193,stay_agent,Computer_terminal,67,0,False,False,False,67
travelplanner__052,travelplanner,214,verifier_agent,Computer_terminal,211,0,False,False,False,211
travelplanner__053,travelplanner,121,stay_agent,Computer_terminal,74,0,False,False,False,74
travelplanner__054,travelplanner,165,stay_agent,Computer_terminal,68,0,False,False,False,68
travelplanner__055,travelplanner,273,manager_agent,Computer_terminal,174,0,False,False,False,174
travelplanner__056,travelplanner,145,food_attr_agent,Computer_terminal,115,0,False,False,False,115
travelplanner__057,travelplanner,161,stay_agent,Computer_terminal,79,0,False,False,False,79
travelplanner__058,travelplanner,226,transport_agent,Computer_terminal,13,0,False,False,False,13
travelplanner__059,travelplanner,164,transport_agent,Computer_terminal,64,0,False,False,False,64
travelplanner__060,travelplanner,168,manager_agent,Computer_terminal,121,0,False,False,False,121
travelplanner__061,travelplanner,165,food_attr_agent,Computer_terminal,162,0,False,False,False,162
travelplanner__062,travelplanner,190,stay_agent,Computer_terminal,109,0,False,False,False,109
travelplanner__063,travelplanner,243,transport_agent,Computer_terminal,39,0,False,False,False,39
travelplanner__064,travelplanner,404,manager_agent,Computer_terminal,284,0,False,False,False,284
travelplanner__065,travelplanner,198,verifier_agent,Computer_terminal,96,0,False,False,False,96
travelplanner__066,travelplanner,129,transport_agent,Computer_terminal,26,0,False,False,False,26
travelplanner__067,travelplanner,255,stay_agent,Computer_terminal,93,0,False,False,False,93
travelplanner__068,travelplanner,145,Task_Planner,Computer_terminal,83,0,False,False,False,83
travelplanner__069,travelplanner,168,food_attr_agent,Computer_terminal,165,0,False,False,False,165
travelplanner__070,travelplanner,202,stay_agent,Computer_terminal,65,0,False,False,False,65
travelplanner__071,travelplanner,306,transport_agent,Computer_terminal,219,0,False,False,False,219
travelplanner__072,travelplanner,212,transport_agent,Computer_terminal,105,0,False,False,False,105
travelplanner__073,travelplanner,164,verifier_agent,Computer_terminal,161,0,False,False,False,161
travelplanner__074,travelplanner,189,transport_agent,Computer_terminal,46,0,False,False,False,46
travelplanner__075,travelplanner,245,Task_Planner,Computer_terminal,99,0,False,False,False,99
travelplanner__076,travelplanner,200,verifier_agent,Computer_terminal,197,0,False,False,False,197
travelplanner__077,travelplanner,213,manager_agent,Computer_terminal,210,0,False,False,False,210
travelplanner__078,travelplanner,211,manager_agent,Computer_terminal,109,0,False,False,False,109
travelplanner__079,travelplanner,155,Task_Planner,Computer_terminal,149,0,False,False,False,149
travelplanner__080,travelplanner,176,stay_agent,Computer_terminal,94,0,False,False,False,94
travelplanner__081,travelplanner,100,food_attr_agent,Computer_terminal,97,0,False,False,False,97
travelplanner__082,travelplanner,82,stay_agent,Computer_terminal,26,0,False,False,False,26
travelplanner__083,travelplanner,100,Task_Planner,Computer_terminal,95,0,False,False,False,95
travelplanner__084,travelplanner,146,manager_agent,Computer_terminal,67,0,False,False,False,67
travelplanner__085,travelplanner,138,stay_agent,Computer_terminal,26,0,False,False,False,26
travelplanner__086,travelplanner,115,transport_agent,Computer_terminal,51,0,False,False,False,51
travelplanner__087,travelplanner,107,Task_Planner,Computer_terminal,101,0,False,False,False,101
travelplanner__088,travelplanner,115,stay_agent,Computer_terminal,35,0,False,False,False,35
travelplanner__089,travelplanner,164,stay_agent,Computer_terminal,88,0,False,False,False,88
travelplanner__090,travelplanner,120,food_attr_agent,Computer_terminal,92,0,False,False,False,92
travelplanner__091,travelplanner,100,Task_Planner,Computer_terminal,1,0,False,False,True,1
travelplanner__092,travelplanner,121,food_attr_agent,Computer_terminal,73,0,False,False,False,73
travelplanner__093,travelplanner,111,stay_agent,Computer_terminal,30,0,False,False,False,30
travelplanner__094,travelplanner,135,manager_agent,Computer_terminal,73,0,False,False,False,73
travelplanner__095,travelplanner,126,Task_Planner,Computer_terminal,66,0,False,False,False,66
travelplanner__096,travelplanner,70,Task_Planner,Computer_terminal,1,0,False,False,True,1
travelplanner__097,travelplanner,181,food_attr_agent,Computer_terminal,178,0,False,False,False,178
travelplanner__098,travelplanner,184,Computer_terminal,Computer_terminal,29,0,True,False,False,29
travelplanner__099,travelplanner,130,food_attr_agent,Computer_terminal,127,0,False,False,False,127
travelplanner__100,travelplanner,63,Task_Planner,Computer_terminal,1,0,False,False,True,1
travelplanner__101,travelplanner,133,stay_agent,Computer_terminal,32,0,False,False,False,32
travelplanner__102,travelplanner,268,manager_agent,Computer_terminal,138,0,False,False,False,138
travelplanner__103,travelplanner,124,Task_Planner,Computer_terminal,118,0,False,False,False,118
travelplanner__104,travelplanner,82,food_attr_agent,Computer_terminal,59,0,False,False,False,59
travelplanner__105,travelplanner,144,verifier_agent,Computer_terminal,141,0,False,False,False,141
travelplanner__106,travelplanner,188,Task_Planner,Computer_terminal,1,0,False,False,True,1
travelplanner__107,travelplanner,202,manager_agent,Computer_terminal,199,0,False,False,False,199
travelplanner__108,travelplanner,400,food_attr_agent,Computer_terminal,371,0,False,False,False,371
travelplanner__109,travelplanner,305,transport_agent,Computer_terminal,69,0,False,False,False,69
travelplanner__110,travelplanner,198,verifier_agent,Computer_terminal,132,0,False,False,False,132
travelplanner__111,travelplanner,165,manager_agent,Computer_terminal,137,0,False,False,False,137
travelplanner__112,travelplanner,182,stay_agent,Computer_terminal,51,0,False,False,False,51
travelplanner__113,travelplanner,169,transport_agent,Computer_terminal,45,0,False,False,False,45
travelplanner__114,travelplanner,164,verifier_agent,Computer_terminal,161,0,False,False,False,161
travelplanner__115,travelplanner,133,stay_agent,Computer_terminal,49,0,False,False,False,49
travelplanner__116,travelplanner,130,stay_agent,Computer_terminal,50,0,False,False,False,50
travelplanner__117,travelplanner,181,manager_agent,Computer_terminal,139,0,False,False,False,139
travelplanner__118,travelplanner,152,verifier_agent,Computer_terminal,72,0,False,False,False,72
travelplanner__119,travelplanner,145,stay_agent,Computer_terminal,54,0,False,False,False,54
travelplanner__120,travelplanner,159,food_attr_agent,Computer_terminal,88,0,False,False,False,88
travelplanner__121,travelplanner,134,verifier_agent,Computer_terminal,131,0,False,False,False,131
travelplanner__122,travelplanner,180,stay_agent,Computer_terminal,163,0,False,False,False,163
travelplanner__123,travelplanner,159,Task_Planner,Computer_terminal,153,0,False,False,False,153
travelplanner__124,travelplanner,259,Task_Planner,Computer_terminal,153,0,False,False,False,153
travelplanner__125,travelplanner,129,Task_Planner,Computer_terminal,85,0,False,False,False,85
travelplanner__126,travelplanner,232,stay_agent,Computer_terminal,119,0,False,False,False,119
travelplanner__127,travelplanner,247,stay_agent,Computer_terminal,129,0,False,False,False,129
travelplanner__128,travelplanner,210,manager_agent,Computer_terminal,137,0,False,False,False,137
travelplanner__129,travelplanner,157,stay_agent,Computer_terminal,103,0,False,False,False,103
travelplanner__130,travelplanner,176,transport_agent,Computer_terminal,43,0,False,False,False,43
travelplanner__131,travelplanner,351,stay_agent,Computer_terminal,206,0,False,False,False,206
travelplanner__132,travelplanner,252,Task_Planner,Computer_terminal,246,0,False,False,False,246
travelplanner__133,travelplanner,197,verifier_agent,Computer_terminal,156,0,False,False,False,156
travelplanner__134,travelplanner,206,transport_agent,Computer_terminal,142,0,False,False,False,142
travelplanner__135,travelplanner,220,stay_agent,Computer_terminal,126,0,False,False,False,126
travelplanner__136,travelplanner,156,Task_Planner,Computer_terminal,117,0,False,False,False,117
travelplanner__137,travelplanner,251,stay_agent,Computer_terminal,81,0,False,False,False,81
travelplanner__138,travelplanner,182,stay_agent,Computer_terminal,59,0,False,False,False,59
travelplanner__139,travelplanner,216,manager_agent,Computer_terminal,170,0,False,False,False,170
travelplanner__140,travelplanner,151,verifier_agent,Computer_terminal,148,0,False,False,False,148
travelplanner__141,travelplanner,220,stay_agent,Computer_terminal,114,0,False,False,False,114
travelplanner__142,travelplanner,170,stay_agent,Computer_terminal,90,0,False,False,False,90
travelplanner__143,travelplanner,184,manager_agent,Computer_terminal,119,0,False,False,False,119
travelplanner__144,travelplanner,236,food_attr_agent,Computer_terminal,233,0,False,False,False,233
travelplanner__145,travelplanner,222,Task_Planner,Computer_terminal,217,0,False,False,False,217
travelplanner__146,travelplanner,196,food_attr_agent,Computer_terminal,193,0,False,False,False,193
travelplanner__147,travelplanner,219,verifier_agent,Computer_terminal,216,0,False,False,False,216
travelplanner__148,travelplanner,224,stay_agent,Computer_terminal,97,0,False,False,False,97
travelplanner__149,travelplanner,175,Task_Planner,Computer_terminal,45,0,False,False,False,45
travelplanner__150,travelplanner,221,Task_Planner,Computer_terminal,62,0,False,False,False,62
travelplanner__151,travelplanner,254,Task_Planner,Computer_terminal,20,0,False,False,False,20
travelplanner__152,travelplanner,99,stay_agent,Computer_terminal,33,0,False,False,False,33
travelplanner__153,travelplanner,191,verifier_agent,Computer_terminal,142,0,False,False,False,142
travelplanner__154,travelplanner,150,manager_agent,Computer_terminal,98,0,False,False,False,98
travelplanner__155,travelplanner,135,stay_agent,Computer_terminal,43,0,False,False,False,43
travelplanner__156,travelplanner,152,Task_Planner,Computer_terminal,41,0,False,False,False,41
travelplanner__157,travelplanner,93,food_attr_agent,Computer_terminal,84,0,False,False,False,84
travelplanner__158,travelplanner,134,Computer_terminal,Computer_terminal,40,0,True,False,False,40
travelplanner__159,travelplanner,99,food_attr_agent,Computer_terminal,96,0,False,False,False,96
travelplanner__160,travelplanner,111,Task_Planner,Computer_terminal,2,0,False,False,True,2
travelplanner__161,travelplanner,77,Task_Planner,Computer_terminal,2,0,False,False,True,2
travelplanner__162,travelplanner,141,verifier_agent,Computer_terminal,138,0,False,False,False,138
travelplanner__163,travelplanner,153,food_attr_agent,Computer_terminal,116,0,False,False,False,116
travelplanner__164,travelplanner,38,stay_agent,Computer_terminal,10,0,False,False,False,10
travelplanner__165,travelplanner,119,Task_Planner,Computer_terminal,1,0,False,False,True,1
travelplanner__166,travelplanner,164,manager_agent,Computer_terminal,158,0,False,False,False,158
travelplanner__167,travelplanner,171,manager_agent,Computer_terminal,168,0,False,False,False,168
travelplanner__168,travelplanner,86,manager_agent,Computer_terminal,80,0,False,False,False,80
travelplanner__169,travelplanner,242,transport_agent,Computer_terminal,230,0,False,False,False,230
travelplanner__170,travelplanner,242,Task_Planner,Computer_terminal,99,0,False,False,False,99
travelplanner__171,travelplanner,118,stay_agent,Computer_terminal,68,0,False,False,False,68
travelplanner__172,travelplanner,306,stay_agent,Computer_terminal,194,0,False,False,False,194
travelplanner__173,travelplanner,284,manager_agent,Computer_terminal,202,0,False,False,False,202
travelplanner__174,travelplanner,188,Task_Planner,Computer_terminal,1,0,False,False,True,1
travelplanner__175,travelplanner,166,stay_agent,Computer_terminal,93,0,False,False,False,93
travelplanner__176,travelplanner,167,verifier_agent,Computer_terminal,59,0,False,False,False,59
travelplanner__177,travelplanner,137,stay_agent,Computer_terminal,77,0,False,False,False,77
travelplanner__178,travelplanner,152,manager_agent,Computer_terminal,95,0,False,False,False,95
travelplanner__179,travelplanner,221,Task_Planner,Computer_terminal,100,0,False,False,False,100
travelplanner__180,travelplanner,159,manager_agent,Computer_terminal,148,0,False,False,False,148
travelplanner__181,travelplanner,323,manager_agent,Computer_terminal,320,319,False,False,True,1
travelplanner__182,travelplanner,237,stay_agent,Computer_terminal,99,0,False,False,False,99
travelplanner__183,travelplanner,211,stay_agent,Computer_terminal,98,207,False,False,False,109
travelplanner__184,travelplanner,116,manager_agent,Computer_terminal,104,0,False,False,False,104
travelplanner__185,travelplanner,232,manager_agent,Computer_terminal,157,0,False,False,False,157
travelplanner__186,travelplanner,108,stay_agent,Computer_terminal,57,0,False,False,False,57
travelplanner__187,travelplanner,181,stay_agent,Computer_terminal,97,0,False,False,False,97
travelplanner__188,travelplanner,135,transport_agent,Computer_terminal,8,0,False,False,False,8
travelplanner__189,travelplanner,239,manager_agent,Computer_terminal,147,0,False,False,False,147
travelplanner__190,travelplanner,188,manager_agent,Computer_terminal,185,0,False,False,False,185
travelplanner__191,travelplanner,213,verifier_agent,Computer_terminal,96,0,False,False,False,96
travelplanner__192,travelplanner,200,stay_agent,Computer_terminal,113,0,False,False,False,113
travelplanner__193,travelplanner,198,stay_agent,Computer_terminal,125,0,False,False,False,125
travelplanner__194,travelplanner,191,manager_agent,Computer_terminal,185,0,False,False,False,185
travelplanner__195,travelplanner,204,manager_agent,Computer_terminal,121,0,False,False,False,121
travelplanner__196,travelplanner,232,food_attr_agent,Computer_terminal,229,0,False,False,False,229
travelplanner__197,travelplanner,206,verifier_agent,Computer_terminal,108,0,False,False,False,108
travelplanner__198,travelplanner,247,Task_Planner,Computer_terminal,241,0,False,False,False,241
travelplanner__199,travelplanner,221,food_attr_agent,Computer_terminal,218,0,False,False,False,218
travelplanner__200,travelplanner,225,Task_Planner,Computer_terminal,219,0,False,False,False,219
travelplanner__201,travelplanner,221,manager_agent,Computer_terminal,28,0,False,False,False,28
travelplanner__202,travelplanner,165,transport_agent,Computer_terminal,55,0,False,False,False,55
travelplanner__203,travelplanner,197,stay_agent,Computer_terminal,117,193,False,False,False,76
travelplanner__204,travelplanner,152,transport_agent,Computer_terminal,33,0,False,False,False,33
travelplanner__205,travelplanner,184,stay_agent,Computer_terminal,76,0,False,False,False,76
travelplanner__206,travelplanner,216,Task_Planner,Computer_terminal,25,0,False,False,False,25
travelplanner__207,travelplanner,209,manager_agent,Computer_terminal,198,0,False,False,False,198
travelplanner__208,travelplanner,330,manager_agent,Computer_terminal,183,0,False,False,False,183
travelplanner__209,travelplanner,239,stay_agent,Computer_terminal,110,0,False,False,False,110
travelplanner__210,travelplanner,281,Task_Planner,Computer_terminal,253,0,False,False,False,253
travelplanner__211,travelplanner,203,stay_agent,Computer_terminal,115,0,False,False,False,115
travelplanner__212,travelplanner,338,transport_agent,Computer_terminal,179,0,False,False,False,179
travelplanner__213,travelplanner,148,manager_agent,Computer_terminal,73,0,False,False,False,73
travelplanner__214,travelplanner,228,verifier_agent,Computer_terminal,225,0,False,False,False,225
travelplanner__215,travelplanner,200,stay_agent,Computer_terminal,78,0,False,False,False,78
travelplanner__216,travelplanner,274,stay_agent,Computer_terminal,104,0,False,False,False,104
travelplanner__217,travelplanner,176,stay_agent,Computer_terminal,72,172,False,False,False,100
travelplanner__218,travelplanner,182,transport_agent,Computer_terminal,6,0,False,False,False,6
travelplanner__219,travelplanner,102,stay_agent,Computer_terminal,32,0,False,False,False,32
travelplanner__220,travelplanner,152,Task_Planner,Computer_terminal,123,0,False,False,False,123
travelplanner__221,travelplanner,120,stay_agent,Computer_terminal,31,0,False,False,False,31
travelplanner__222,travelplanner,68,Task_Planner,Computer_terminal,1,0,False,False,True,1
travelplanner__223,travelplanner,211,transport_agent,Computer_terminal,123,0,False,False,False,123
travelplanner__224,travelplanner,193,Task_Planner,Computer_terminal,89,189,False,False,False,100
travelplanner__225,travelplanner,186,Task_Planner,Computer_terminal,110,182,False,False,False,72
travelplanner__226,travelplanner,198,transport_agent,Computer_terminal,53,0,False,False,False,53
travelplanner__227,travelplanner,102,manager_agent,Computer_terminal,99,0,False,False,False,99
travelplanner__228,travelplanner,97,stay_agent,Computer_terminal,32,0,False,False,False,32
travelplanner__229,travelplanner,241,food_attr_agent,Computer_terminal,238,0,False,False,False,238
travelplanner__230,travelplanner,398,stay_agent,Computer_terminal,324,0,False,False,False,324
travelplanner__231,travelplanner,224,transport_agent,Computer_terminal,210,0,False,False,False,210
travelplanner__232,travelplanner,251,Task_Planner,Computer_terminal,191,0,False,False,False,191
travelplanner__233,travelplanner,210,Computer_terminal,Computer_terminal,55,0,True,False,False,55
travelplanner__234,travelplanner,170,stay_agent,Computer_terminal,61,0,False,False,False,61
travelplanner__235,travelplanner,169,verifier_agent,Computer_terminal,166,0,False,False,False,166
travelplanner__236,travelplanner,189,stay_agent,Computer_terminal,64,0,False,False,False,64
travelplanner__237,travelplanner,231,stay_agent,Computer_terminal,86,0,False,False,False,86
travelplanner__238,travelplanner,94,stay_agent,Computer_terminal,21,0,False,False,False,21
travelplanner__239,travelplanner,31,Computer_terminal,Computer_terminal,12,0,True,False,False,12
travelplanner__240,travelplanner,90,stay_agent,Computer_terminal,39,0,False,False,False,39
travelplanner__241,travelplanner,134,verifier_agent,Computer_terminal,131,0,False,False,False,131
travelplanner__242,travelplanner,165,stay_agent,Computer_terminal,61,0,False,False,False,61
travelplanner__243,travelplanner,86,Task_Planner,Computer_terminal,1,0,False,False,True,1
travelplanner__244,travelplanner,221,Task_Planner,Computer_terminal,96,0,False,False,False,96
travelplanner__245,travelplanner,296,stay_agent,Computer_terminal,167,0,False,False,False,167
travelplanner__246,travelplanner,297,Task_Planner,Computer_terminal,184,0,False,False,False,184
travelplanner__247,travelplanner,299,stay_agent,Computer_terminal,158,0,False,False,False,158
travelplanner__248,travelplanner,154,stay_agent,Computer_terminal,45,0,False,False,False,45
travelplanner__249,travelplanner,178,stay_agent,Computer_terminal,69,0,False,False,False,69
travelplanner__250,travelplanner,98,manager_agent,Computer_terminal,92,0,False,False,False,92
travelplanner__251,travelplanner,120,transport_agent,Computer_terminal,20,0,False,False,False,20
travelplanner__252,travelplanner,75,manager_agent,Computer_terminal,69,0,False,False,False,69
travelplanner__253,travelplanner,59,stay_agent,Computer_terminal,36,0,False,False,False,36
travelplanner__254,travelplanner,199,food_attr_agent,Computer_terminal,177,0,False,False,False,177
travelplanner__255,travelplanner,249,stay_agent,Computer_terminal,98,0,False,False,False,98
travelplanner__256,travelplanner,120,manager_agent,Computer_terminal,114,0,False,False,False,114
travelplanner__257,travelplanner,315,Task_Planner,Computer_terminal,2,0,False,False,True,2
travelplanner__258,travelplanner,172,manager_agent,Computer_terminal,106,0,False,False,False,106
travelplanner__259,travelplanner,127,transport_agent,Computer_terminal,5,0,False,False,True,5
travelplanner__260,travelplanner,114,manager_agent,Computer_terminal,108,0,False,False,False,108
travelplanner__261,travelplanner,171,manager_agent,Computer_terminal,162,0,False,False,False,162
travelplanner__262,travelplanner,120,stay_agent,Computer_terminal,61,0,False,False,False,61
travelplanner__263,travelplanner,154,verifier_agent,Computer_terminal,138,0,False,False,False,138
travelplanner__264,travelplanner,172,manager_agent,Computer_terminal,169,0,False,False,False,169
travelplanner__265,travelplanner,147,Task_Planner,Computer_terminal,1,0,False,False,True,1
travelplanner__266,travelplanner,193,food_attr_agent,Computer_terminal,77,0,False,False,False,77
travelplanner__267,travelplanner,111,Computer_terminal,Computer_terminal,38,0,True,False,False,38
travelplanner__268,travelplanner,106,stay_agent,Computer_terminal,29,0,False,False,False,29
travelplanner__269,travelplanner,76,Task_Planner,Computer_terminal,1,0,False,False,True,1
travelplanner__270,travelplanner,51,manager_agent,Computer_terminal,48,0,False,False,False,48
travelplanner__271,travelplanner,87,manager_agent,Computer_terminal,50,0,False,False,False,50
travelplanner__272,travelplanner,69,manager_agent,Computer_terminal,66,0,False,False,False,66
travelplanner__273,travelplanner,140,stay_agent,Computer_terminal,19,0,False,False,False,19
travelplanner__274,travelplanner,178,food_attr_agent,Computer_terminal,144,0,False,False,False,144
travelplanner__275,travelplanner,109,verifier_agent,Computer_terminal,100,0,False,False,False,100
travelplanner__276,travelplanner,146,stay_agent,Computer_terminal,49,0,False,False,False,49
travelplanner__277,travelplanner,171,stay_agent,Computer_terminal,68,0,False,False,False,68
travelplanner__278,travelplanner,180,verifier_agent,Computer_terminal,177,0,False,False,False,177
travelplanner__279,travelplanner,137,food_attr_agent,Computer_terminal,94,0,False,False,False,94
travelplanner__280,travelplanner,114,Computer_terminal,Computer_terminal,72,0,True,False,False,72
travelplanner__281,travelplanner,178,manager_agent,Computer_terminal,123,0,False,False,False,123
travelplanner__282,travelplanner,95,Task_Planner,Computer_terminal,1,0,False,False,True,1
travelplanner__283,travelplanner,119,food_attr_agent,Computer_terminal,70,0,False,False,False,70
travelplanner__284,travelplanner,23,manager_agent,Computer_terminal,7,0,False,False,False,7
travelplanner__285,travelplanner,83,transport_agent,Computer_terminal,18,0,False,False,False,18
travelplanner__286,travelplanner,190,manager_agent,Computer_terminal,187,0,False,False,False,187
travelplanner__287,travelplanner,165,transport_agent,Computer_terminal,91,0,False,False,False,91
travelplanner__288,travelplanner,186,food_attr_agent,Computer_terminal,183,0,False,False,False,183
travelplanner__289,travelplanner,108,stay_agent,Computer_terminal,49,0,False,False,False,49
travelplanner__290,travelplanner,202,verifier_agent,Computer_terminal,184,0,False,False,False,184
travelplanner__291,travelplanner,234,transport_agent,Computer_terminal,50,0,False,False,False,50
travelplanner__292,travelplanner,146,stay_agent,Computer_terminal,105,0,False,False,False,105
travelplanner__293,travelplanner,148,verifier_agent,Computer_terminal,132,0,False,False,False,132
travelplanner__294,travelplanner,143,transport_agent,Computer_terminal,71,0,False,False,False,71
travelplanner__295,travelplanner,152,transport_agent,Computer_terminal,7,0,False,False,False,7
travelplanner__296,travelplanner,190,stay_agent,Computer_terminal,81,0,False,False,False,81
travelplanner__297,travelplanner,230,transport_agent,Computer_terminal,84,0,False,False,False,84
travelplanner__298,travelplanner,192,Task_Planner,Computer_terminal,56,0,False,False,False,56
travelplanner__299,travelplanner,180,stay_agent,Computer_terminal,113,0,False,False,False,113
travelplanner__300,travelplanner,245,manager_agent,Computer_terminal,187,0,False,False,False,187
travelplanner__301,travelplanner,72,verifier_agent,Computer_terminal,69,0,False,False,False,69
travelplanner__302,travelplanner,116,stay_agent,Computer_terminal,35,0,False,False,False,35
travelplanner__303,travelplanner,429,stay_agent,Computer_terminal,119,0,False,False,False,119
travelplanner__304,travelplanner,146,manager_agent,Computer_terminal,139,0,False,False,False,139
travelplanner__305,travelplanner,23,manager_agent,Computer_terminal,7,0,False,False,False,7
travelplanner__306,travelplanner,189,transport_agent,Computer_terminal,67,0,False,False,False,67
travelplanner__307,travelplanner,192,stay_agent,Computer_terminal,88,0,False,False,False,88
travelplanner__308,travelplanner,236,verifier_agent,Computer_terminal,229,0,False,False,False,229
travelplanner__309,travelplanner,169,stay_agent,Computer_terminal,46,0,False,False,False,46
travelplanner__310,travelplanner,35,manager_agent,Computer_terminal,18,0,False,False,False,18
travelplanner__311,travelplanner,212,Task_Planner,Computer_terminal,26,0,False,False,False,26
travelplanner__312,travelplanner,185,manager_agent,Computer_terminal,5,0,False,False,True,5
travelplanner__313,travelplanner,228,stay_agent,Computer_terminal,128,0,False,False,False,128
travelplanner__314,travelplanner,127,stay_agent,Computer_terminal,68,0,False,False,False,68
travelplanner__315,travelplanner,196,manager_agent,Computer_terminal,180,0,False,False,False,180
travelplanner__316,travelplanner,201,Computer_terminal,Computer_terminal,6,0,True,False,False,6
travelplanner__317,travelplanner,199,Task_Planner,Computer_terminal,40,0,False,False,False,40
travelplanner__318,travelplanner,131,Task_Planner,Computer_terminal,110,0,False,False,False,110
travelplanner__319,travelplanner,169,transport_agent,Computer_terminal,113,0,False,False,False,113
travelplanner__320,travelplanner,234,stay_agent,Computer_terminal,178,0,False,False,False,178
travelplanner__321,travelplanner,210,transport_agent,Computer_terminal,49,0,False,False,False,49
travelplanner__322,travelplanner,242,transport_agent,Computer_terminal,44,0,False,False,False,44
travelplanner__323,travelplanner,210,manager_agent,Computer_terminal,24,0,False,False,False,24
travelplanner__324,travelplanner,198,manager_agent,Computer_terminal,191,0,False,False,False,191
travelplanner__325,travelplanner,234,stay_agent,Computer_terminal,227,0,False,False,False,227
travelplanner__326,travelplanner,139,food_attr_agent,Computer_terminal,107,0,False,False,False,107
travelplanner__327,travelplanner,198,verifier_agent,Computer_terminal,183,0,False,False,False,183
travelplanner__328,travelplanner,170,stay_agent,Computer_terminal,119,0,False,False,False,119
travelplanner__329,travelplanner,238,stay_agent,Computer_terminal,84,0,False,False,False,84
travelplanner__330,travelplanner,31,manager_agent,Computer_terminal,22,0,False,False,False,22
travelplanner__331,travelplanner,117,stay_agent,Computer_terminal,106,0,False,False,False,106
travelplanner__332,travelplanner,23,manager_agent,Computer_terminal,4,0,False,False,True,4
travelplanner__333,travelplanner,135,Computer_terminal,Computer_terminal,34,0,True,False,False,34
travelplanner__334,travelplanner,155,stay_agent,Computer_terminal,44,0,False,False,False,44
travelplanner__335,travelplanner,162,transport_agent,Computer_terminal,25,0,False,False,False,25
travelplanner__336,travelplanner,158,verifier_agent,Computer_terminal,151,0,False,False,False,151
travelplanner__337,travelplanner,100,transport_agent,Computer_terminal,44,0,False,False,False,44
travelplanner__338,travelplanner,149,manager_agent,Computer_terminal,142,0,False,False,False,142
travelplanner__339,travelplanner,151,food_attr_agent,Computer_terminal,78,0,False,False,False,78
travelplanner__340,travelplanner,90,manager_agent,Computer_terminal,81,0,False,False,False,81
travelplanner__341,travelplanner,113,Task_Planner,Computer_terminal,32,0,False,False,False,32
travelplanner__342,travelplanner,92,Computer_terminal,Computer_terminal,91,0,True,False,False,91
travelplanner__343,travelplanner,95,stay_agent,Computer_terminal,64,0,False,False,False,64
travelplanner__344,travelplanner,103,verifier_agent,Computer_terminal,96,0,False,False,False,96
travelplanner__345,travelplanner,113,Task_Planner,Computer_terminal,41,0,False,False,False,41
travelplanner__346,travelplanner,184,Task_Planner,Computer_terminal,53,0,False,False,False,53
travelplanner__347,travelplanner,122,stay_agent,Computer_terminal,64,0,False,False,False,64
travelplanner__348,travelplanner,198,stay_agent,Computer_terminal,149,0,False,False,False,149
travelplanner__349,travelplanner,146,stay_agent,Computer_terminal,22,0,False,False,False,22
travelplanner__350,travelplanner,116,Computer_terminal,Computer_terminal,21,0,True,False,False,21
travelplanner__351,travelplanner,147,transport_agent,Computer_terminal,16,0,False,False,False,16
travelplanner__352,travelplanner,184,verifier_agent,Computer_terminal,126,0,False,False,False,126
travelplanner__353,travelplanner,70,manager_agent,Computer_terminal,65,0,False,False,False,65
travelplanner__354,travelplanner,114,manager_agent,Computer_terminal,111,0,False,False,False,111
travelplanner__355,travelplanner,207,stay_agent,Computer_terminal,110,0,False,False,False,110
travelplanner__356,travelplanner,202,food_attr_agent,Computer_terminal,156,0,False,False,False,156
travelplanner__357,travelplanner,23,manager_agent,Computer_terminal,4,0,False,False,True,4
travelplanner__358,travelplanner,126,transport_agent,Computer_terminal,48,0,False,False,False,48
travelplanner__359,travelplanner,80,manager_agent,Computer_terminal,67,0,False,False,False,67
travelplanner__360,travelplanner,133,stay_agent,Computer_terminal,57,0,False,False,False,57
travelplanner__361,travelplanner,130,Task_Planner,Computer_terminal,120,0,False,False,False,120
travelplanner__362,travelplanner,164,manager_agent,Computer_terminal,145,0,False,False,False,145
travelplanner__363,travelplanner,138,stay_agent,Computer_terminal,97,0,False,False,False,97
travelplanner__364,travelplanner,207,stay_agent,Computer_terminal,204,0,False,False,False,204
travelplanner__365,travelplanner,83,verifier_agent,Computer_terminal,80,0,False,False,False,80
travelplanner__366,travelplanner,128,Task_Planner,Computer_terminal,1,0,False,False,True,1
travelplanner__367,travelplanner,74,manager_agent,Computer_terminal,4,71,False,False,False,67
travelplanner__368,travelplanner,101,manager_agent,Computer_terminal,94,0,False,False,False,94
travelplanner__369,travelplanner,344,Computer_terminal,Computer_terminal,84,0,True,False,False,84
travelplanner__370,travelplanner,137,verifier_agent,Computer_terminal,92,0,False,False,False,92
travelplanner__371,travelplanner,106,manager_agent,Computer_terminal,94,0,False,False,False,94
travelplanner__372,travelplanner,175,verifier_agent,Computer_terminal,166,0,False,False,False,166
travelplanner__373,travelplanner,109,manager_agent,Computer_terminal,104,0,False,False,False,104
travelplanner__374,travelplanner,162,verifier_agent,Computer_terminal,146,0,False,False,False,146
travelplanner__375,travelplanner,116,verifier_agent,Computer_terminal,98,0,False,False,False,98
travelplanner__376,travelplanner,175,transport_agent,Computer_terminal,82,0,False,False,False,82
travelplanner__377,travelplanner,182,Task_Planner,Computer_terminal,77,0,False,False,False,77
travelplanner__378,travelplanner,33,manager_agent,Computer_terminal,24,0,False,False,False,24
travelplanner__379,travelplanner,215,Computer_terminal,Computer_terminal,183,0,True,False,False,183
travelplanner__380,travelplanner,86,Computer_terminal,Computer_terminal,45,0,True,False,False,45
travelplanner__381,travelplanner,19,manager_agent,Computer_terminal,7,0,False,False,False,7
travelplanner__382,travelplanner,156,Computer_terminal,Computer_terminal,33,0,True,False,False,33
travelplanner__383,travelplanner,233,verifier_agent,Computer_terminal,199,0,False,False,False,199
travelplanner__384,travelplanner,211,Task_Planner,Computer_terminal,1,0,False,False,True,1
travelplanner__385,travelplanner,204,manager_agent,Computer_terminal,7,0,False,False,False,7
travelplanner__386,travelplanner,231,stay_agent,Computer_terminal,179,0,False,False,False,179
travelplanner__387,travelplanner,131,Task_Planner,Computer_terminal,2,0,False,False,True,2
travelplanner__388,travelplanner,23,Task_Planner,Computer_terminal,3,0,False,False,True,3
travelplanner__389,travelplanner,213,transport_agent,Computer_terminal,29,0,False,False,False,29
travelplanner__390,travelplanner,114,Task_Planner,Computer_terminal,1,0,False,False,True,1
travelplanner__391,travelplanner,212,Computer_terminal,Computer_terminal,93,0,True,False,False,93
travelplanner__392,travelplanner,250,verifier_agent,Computer_terminal,247,0,False,False,False,247
travelplanner__393,travelplanner,182,stay_agent,Computer_terminal,115,0,False,False,False,115
travelplanner__394,travelplanner,172,stay_agent,Computer_terminal,125,0,False,False,False,125
travelplanner__395,travelplanner,31,manager_agent,Computer_terminal,26,0,False,False,False,26
travelplanner__396,travelplanner,190,manager_agent,Computer_terminal,187,0,False,False,False,187
travelplanner__397,travelplanner,16,manager_agent,Computer_terminal,11,0,False,False,False,11
travelplanner__398,travelplanner,201,Task_Planner,Computer_terminal,191,0,False,False,False,191
travelplanner__399,travelplanner,199,manager_agent,Computer_terminal,190,0,False,False,False,190
travelplanner__400,travelplanner,247,stay_agent,Computer_terminal,115,0,False,False,False,115
travelplanner__401,travelplanner,193,transport_agent,Computer_terminal,20,0,False,False,False,20
travelplanner__402,travelplanner,191,stay_agent,Computer_terminal,79,0,False,False,False,79
travelplanner__403,travelplanner,32,manager_agent,Computer_terminal,23,0,False,False,False,23
travelplanner__404,travelplanner,195,Task_Planner,Computer_terminal,185,191,False,False,False,6
travelplanner__405,travelplanner,197,stay_agent,Computer_terminal,82,0,False,False,False,82
travelplanner__406,travelplanner,130,transport_agent,Computer_terminal,32,0,False,False,False,32
travelplanner__407,travelplanner,111,stay_agent,Computer_terminal,91,0,False,False,False,91
travelplanner__408,travelplanner,149,food_attr_agent,Computer_terminal,146,0,False,False,False,146
travelplanner__409,travelplanner,87,verifier_agent,Computer_terminal,66,0,False,False,False,66
travelplanner__410,travelplanner,120,transport_agent,Computer_terminal,26,0,False,False,False,26
travelplanner__411,travelplanner,173,stay_agent,Computer_terminal,44,0,False,False,False,44
travelplanner__412,travelplanner,82,manager_agent,Computer_terminal,79,0,False,False,False,79
travelplanner__413,travelplanner,124,manager_agent,Computer_terminal,85,0,False,False,False,85
travelplanner__414,travelplanner,97,manager_agent,Computer_terminal,86,0,False,False,False,86
travelplanner__415,travelplanner,209,manager_agent,Computer_terminal,202,0,False,False,False,202
travelplanner__416,travelplanner,88,Computer_terminal,Computer_terminal,45,0,True,False,False,45
travelplanner__417,travelplanner,69,stay_agent,Computer_terminal,20,0,False,False,False,20
travelplanner__418,travelplanner,122,stay_agent,Computer_terminal,50,0,False,False,False,50
travelplanner__419,travelplanner,73,verifier_agent,Computer_terminal,70,0,False,False,False,70
travelplanner__420,travelplanner,53,manager_agent,Computer_terminal,43,0,False,False,False,43
travelplanner__421,travelplanner,222,Computer_terminal,Computer_terminal,111,0,True,False,False,111
travelplanner__422,travelplanner,166,stay_agent,Computer_terminal,111,0,False,False,False,111
travelplanner__423,travelplanner,268,Task_Planner,Computer_terminal,74,0,False,False,False,74
travelplanner__424,travelplanner,122,stay_agent,Computer_terminal,119,0,False,False,False,119
travelplanner__425,travelplanner,71,transport_agent,Computer_terminal,34,0,False,False,False,34
travelplanner__426,travelplanner,149,stay_agent,Computer_terminal,53,0,False,False,False,53
travelplanner__427,travelplanner,288,manager_agent,Computer_terminal,267,0,False,False,False,267
travelplanner__428,travelplanner,210,Computer_terminal,Computer_terminal,49,0,True,False,False,49
travelplanner__429,travelplanner,225,stay_agent,Computer_terminal,131,0,False,False,False,131
travelplanner__430,travelplanner,161,manager_agent,Computer_terminal,79,0,False,False,False,79
travelplanner__431,travelplanner,186,Task_Planner,Computer_terminal,180,182,False,False,True,2
travelplanner__432,travelplanner,183,manager_agent,Computer_terminal,174,0,False,False,False,174
travelplanner__433,travelplanner,222,stay_agent,Computer_terminal,53,0,False,False,False,53
travelplanner__434,travelplanner,108,manager_agent,Computer_terminal,93,0,False,False,False,93
travelplanner__435,travelplanner,145,verifier_agent,Computer_terminal,142,0,False,False,False,142
travelplanner__436,travelplanner,216,manager_agent,Computer_terminal,213,0,False,False,False,213
travelplanner__437,travelplanner,157,food_attr_agent,Computer_terminal,133,0,False,False,False,133
travelplanner__438,travelplanner,112,verifier_agent,Computer_terminal,105,0,False,False,False,105
travelplanner__439,travelplanner,184,manager_agent,Computer_terminal,181,0,False,False,False,181
travelplanner__440,travelplanner,130,Task_Planner,Computer_terminal,82,0,False,False,False,82
travelplanner__441,travelplanner,88,Task_Planner,Computer_terminal,56,0,False,False,False,56
travelplanner__442,travelplanner,248,stay_agent,Computer_terminal,226,0,False,False,False,226
travelplanner__443,travelplanner,110,Computer_terminal,Computer_terminal,57,0,True,False,False,57
travelplanner__444,travelplanner,132,Computer_terminal,Computer_terminal,30,0,True,False,False,30
travelplanner__445,travelplanner,117,stay_agent,Computer_terminal,74,0,False,False,False,74
travelplanner__446,travelplanner,71,stay_agent,Computer_terminal,42,0,False,False,False,42
travelplanner__447,travelplanner,132,verifier_agent,Computer_terminal,129,0,False,False,False,129
travelplanner__448,travelplanner,206,Task_Planner,Computer_terminal,38,0,False,False,False,38
travelplanner__449,travelplanner,171,stay_agent,Computer_terminal,155,0,False,False,False,155
travelplanner__450,travelplanner,147,manager_agent,Computer_terminal,137,0,False,False,False,137
travelplanner__451,travelplanner,200,manager_agent,Computer_terminal,194,196,False,False,True,2
travelplanner__452,travelplanner,200,stay_agent,Computer_terminal,136,0,False,False,False,136
travelplanner__453,travelplanner,177,food_attr_agent,Computer_terminal,174,173,False,False,True,1
travelplanner__454,travelplanner,125,manager_agent,Computer_terminal,4,0,False,False,True,4
travelplanner__455,travelplanner,195,food_attr_agent,Computer_terminal,149,191,False,False,False,42
travelplanner__456,travelplanner,134,stay_agent,Computer_terminal,88,0,False,False,False,88
travelplanner__457,travelplanner,231,stay_agent,Computer_terminal,114,0,False,False,False,114
travelplanner__458,travelplanner,162,stay_agent,Computer_terminal,84,0,False,False,False,84
travelplanner__459,travelplanner,218,stay_agent,Computer_terminal,215,0,False,False,False,215
travelplanner__460,travelplanner,174,transport_agent,Computer_terminal,110,0,False,False,False,110
travelplanner__461,travelplanner,179,verifier_agent,Computer_terminal,172,0,False,False,False,172
travelplanner__462,travelplanner,172,manager_agent,Computer_terminal,169,0,False,False,False,169
travelplanner__463,travelplanner,165,Task_Planner,Computer_terminal,2,0,False,False,True,2
travelplanner__464,travelplanner,95,transport_agent,Computer_terminal,64,0,False,False,False,64
travelplanner__465,travelplanner,179,Computer_terminal,Computer_terminal,86,174,True,False,False,88
travelplanner__466,travelplanner,135,stay_agent,Computer_terminal,40,0,False,False,False,40
travelplanner__467,travelplanner,23,Task_Planner,Computer_terminal,2,19,False,False,False,17
travelplanner__468,travelplanner,59,manager_agent,Computer_terminal,50,0,False,False,False,50
travelplanner__469,travelplanner,143,stay_agent,Computer_terminal,55,0,False,False,False,55
travelplanner__470,travelplanner,144,manager_agent,Computer_terminal,135,0,False,False,False,135
travelplanner__471,travelplanner,93,stay_agent,Computer_terminal,44,0,False,False,False,44
travelplanner__472,travelplanner,165,Computer_terminal,Computer_terminal,84,0,True,False,False,84
travelplanner__473,travelplanner,364,stay_agent,Computer_terminal,343,0,False,False,False,343
travelplanner__474,travelplanner,141,verifier_agent,Computer_terminal,71,0,False,False,False,71
travelplanner__475,travelplanner,106,manager_agent,Computer_terminal,100,0,False,False,False,100
travelplanner__476,travelplanner,174,stay_agent,Computer_terminal,89,170,False,False,False,81
travelplanner__477,travelplanner,173,Computer_terminal,Computer_terminal,36,0,True,False,False,36
travelplanner__478,travelplanner,172,food_attr_agent,Computer_terminal,169,0,False,False,False,169
travelplanner__479,travelplanner,197,food_attr_agent,Computer_terminal,189,0,False,False,False,189
travelplanner__480,travelplanner,95,transport_agent,Computer_terminal,59,0,False,False,False,59
travelplanner__481,travelplanner,152,transport_agent,Computer_terminal,139,0,False,False,False,139
travelplanner__482,travelplanner,183,manager_agent,Computer_terminal,180,0,False,False,False,180
travelplanner__483,travelplanner,105,stay_agent,Computer_terminal,54,0,False,False,False,54
travelplanner__484,travelplanner,141,verifier_agent,Computer_terminal,137,0,False,False,False,137
travelplanner__485,travelplanner,175,Computer_terminal,Computer_terminal,123,171,True,False,False,48
travelplanner__486,travelplanner,240,food_attr_agent,Computer_terminal,180,0,False,False,False,180
travelplanner__487,travelplanner,177,stay_agent,Computer_terminal,52,0,False,False,False,52
travelplanner__488,travelplanner,153,verifier_agent,Computer_terminal,150,0,False,False,False,150
travelplanner__489,travelplanner,220,Computer_terminal,Computer_terminal,125,0,True,False,False,125
travelplanner__490,travelplanner,294,manager_agent,Computer_terminal,277,0,False,False,False,277
travelplanner__491,travelplanner,173,manager_agent,Computer_terminal,165,0,False,False,False,165
travelplanner__492,travelplanner,157,Task_Planner,Computer_terminal,93,0,False,False,False,93
travelplanner__493,travelplanner,128,transport_agent,Computer_terminal,125,0,False,False,False,125
travelplanner__494,travelplanner,89,transport_agent,Computer_terminal,77,0,False,False,False,77
travelplanner__495,travelplanner,72,Task_Planner,Computer_terminal,1,0,False,False,True,1
travelplanner__496,travelplanner,151,manager_agent,Computer_terminal,148,0,False,False,False,148
travelplanner__497,travelplanner,230,Task_Planner,Computer_terminal,1,0,False,False,True,1
travelplanner__498,travelplanner,172,transport_agent,Computer_terminal,165,0,False,False,False,165
travelplanner__499,travelplanner,121,Task_Planner,Computer_terminal,2,0,False,False,True,2
travelplanner__500,travelplanner,192,stay_agent,Computer_terminal,189,0,False,False,False,189
travelplanner__501,travelplanner,38,Task_Planner,Computer_terminal,2,0,False,False,True,2
travelplanner__502,travelplanner,216,Task_Planner,Computer_terminal,143,0,False,False,False,143
travelplanner__503,travelplanner,115,transport_agent,Computer_terminal,103,0,False,False,False,103
travelplanner__504,travelplanner,89,transport_agent,Computer_terminal,77,0,False,False,False,77
travelplanner__505,travelplanner,183,stay_agent,Computer_terminal,77,0,False,False,False,77
travelplanner__506,travelplanner,194,stay_agent,Computer_terminal,38,0,False,False,False,38
travelplanner__507,travelplanner,158,stay_agent,Computer_terminal,104,0,False,False,False,104
travelplanner__508,travelplanner,124,transport_agent,Computer_terminal,111,0,False,False,False,111
travelplanner__509,travelplanner,335,transport_agent,Computer_terminal,227,0,False,False,False,227
travelplanner__510,travelplanner,83,Task_Planner,Computer_terminal,72,0,False,False,False,72
travelplanner__511,travelplanner,88,Task_Planner,Computer_terminal,2,0,False,False,True,2
travelplanner__512,travelplanner,198,Computer_terminal,Computer_terminal,82,0,True,False,False,82
travelplanner__513,travelplanner,236,Computer_terminal,Computer_terminal,113,0,True,False,False,113
travelplanner__514,travelplanner,153,verifier_agent,Computer_terminal,150,0,False,False,False,150
travelplanner__515,travelplanner,60,Task_Planner,Computer_terminal,2,0,False,False,True,2
travelplanner__516,travelplanner,166,Computer_terminal,Computer_terminal,37,0,True,False,False,37
travelplanner__517,travelplanner,174,transport_agent,Computer_terminal,57,0,False,False,False,57
travelplanner__518,travelplanner,176,Task_Planner,Computer_terminal,50,172,False,False,False,122
travelplanner__519,travelplanner,140,Task_Planner,Computer_terminal,132,0,False,False,False,132
travelplanner__520,travelplanner,61,transport_agent,Computer_terminal,49,0,False,False,False,49
travelplanner__521,travelplanner,158,stay_agent,Computer_terminal,136,0,False,False,False,136
travelplanner__522,travelplanner,118,manager_agent,Computer_terminal,107,0,False,False,False,107
travelplanner__523,travelplanner,179,manager_agent,Computer_terminal,167,0,False,False,False,167
travelplanner__524,travelplanner,97,stay_agent,Task_Planner,40,0,False,False,False,40
travelplanner__525,travelplanner,216,stay_agent,Computer_terminal,70,212,False,False,False,142
travelplanner__526,travelplanner,106,food_attr_agent,Computer_terminal,103,0,False,False,False,103
travelplanner__527,travelplanner,207,manager_agent,Computer_terminal,167,0,False,False,False,167
travelplanner__528,travelplanner,162,transport_agent,Computer_terminal,45,0,False,False,False,45
travelplanner__529,travelplanner,88,food_attr_agent,Computer_terminal,70,0,False,False,False,70
travelplanner__530,travelplanner,136,Task_Planner,Computer_terminal,1,0,False,False,True,1
travelplanner__531,travelplanner,187,verifier_agent,Computer_terminal,184,0,False,False,False,184
travelplanner__532,travelplanner,157,manager_agent,Computer_terminal,148,0,False,False,False,148
travelplanner__533,travelplanner,150,manager_agent,Computer_terminal,147,0,False,False,False,147
travelplanner__534,travelplanner,202,manager_agent,Computer_terminal,199,0,False,False,False,199
travelplanner__535,travelplanner,169,manager_agent,Computer_terminal,22,0,False,False,False,22
travelplanner__536,travelplanner,127,food_attr_agent,Computer_terminal,123,0,False,False,False,123
travelplanner__537,travelplanner,150,manager_agent,Computer_terminal,147,0,False,False,False,147
travelplanner__538,travelplanner,181,Task_Planner,Computer_terminal,82,0,False,False,False,82
travelplanner__539,travelplanner,159,manager_agent,Computer_terminal,156,0,False,False,False,156
travelplanner__540,travelplanner,123,Task_Planner,Computer_terminal,107,119,False,False,False,12
travelplanner__541,travelplanner,150,transport_agent,Computer_terminal,37,0,False,False,False,37
travelplanner__542,travelplanner,169,manager_agent,Computer_terminal,159,0,False,False,False,159
travelplanner__543,travelplanner,268,food_attr_agent,Computer_terminal,118,0,False,False,False,118
travelplanner__544,travelplanner,193,food_attr_agent,Computer_terminal,116,0,False,False,False,116
travelplanner__545,travelplanner,151,transport_agent,Computer_terminal,55,0,False,False,False,55
travelplanner__546,travelplanner,174,manager_agent,Computer_terminal,170,0,False,False,False,170
travelplanner__547,travelplanner,214,food_attr_agent,Computer_terminal,188,0,False,False,False,188
travelplanner__548,travelplanner,120,Task_Planner,Computer_terminal,86,116,False,False,False,30
travelplanner__549,travelplanner,174,transport_agent,Computer_terminal,44,0,False,False,False,44
travelplanner__550,travelplanner,154,transport_agent,Computer_terminal,64,11,False,False,False,53
travelplanner__551,travelplanner,192,manager_agent,Computer_terminal,188,0,False,False,False,188
travelplanner__552,travelplanner,156,transport_agent,Computer_terminal,25,0,False,False,False,25
travelplanner__553,travelplanner,178,stay_agent,Computer_terminal,97,0,False,False,False,97
travelplanner__554,travelplanner,105,food_attr_agent,Computer_terminal,102,0,False,False,False,102
travelplanner__555,travelplanner,169,food_attr_agent,Computer_terminal,134,0,False,False,False,134
travelplanner__556,travelplanner,161,food_attr_agent,Computer_terminal,76,0,False,False,False,76
travelplanner__557,travelplanner,199,transport_agent,Computer_terminal,51,0,False,False,False,51
travelplanner__558,travelplanner,222,manager_agent,Computer_terminal,20,0,False,False,False,20
travelplanner__559,travelplanner,136,manager_agent,Computer_terminal,129,0,False,False,False,129
travelplanner__560,travelplanner,112,transport_agent,Computer_terminal,12,0,False,False,False,12
travelplanner__561,travelplanner,204,transport_agent,Computer_terminal,19,0,False,False,False,19
travelplanner__562,travelplanner,298,transport_agent,Computer_terminal,48,0,False,False,False,48
travelplanner__563,travelplanner,243,manager_agent,Computer_terminal,240,0,False,False,False,240
travelplanner__564,travelplanner,185,food_attr_agent,Computer_terminal,155,181,False,False,False,26
travelplanner__565,travelplanner,192,Task_Planner,Computer_terminal,66,0,False,False,False,66
travelplanner__566,travelplanner,247,transport_agent,Computer_terminal,56,0,False,False,False,56
travelplanner__567,travelplanner,194,food_attr_agent,Computer_terminal,151,191,False,False,False,40
travelplanner__568,travelplanner,294,manager_agent,Computer_terminal,291,0,False,False,False,291
travelplanner__569,travelplanner,26,manager_agent,Computer_terminal,20,0,False,False,False,20
travelplanner__570,travelplanner,266,stay_agent,Computer_terminal,90,0,False,False,False,90
travelplanner__571,travelplanner,192,Task_Planner,Computer_terminal,30,0,False,False,False,30
travelplanner__572,travelplanner,254,stay_agent,Computer_terminal,148,0,False,False,False,148
travelplanner__573,travelplanner,211,stay_agent,Computer_terminal,66,0,False,False,False,66
travelplanner__574,travelplanner,30,manager_agent,Computer_terminal,24,0,False,False,False,24
travelplanner__575,travelplanner,271,manager_agent,Computer_terminal,25,0,False,False,False,25
travelplanner__576,travelplanner,214,transport_agent,Computer_terminal,210,7,False,False,False,203
travelplanner__577,travelplanner,163,stay_agent,Computer_terminal,73,0,False,False,False,73
travelplanner__578,travelplanner,257,stay_agent,Computer_terminal,107,0,False,False,False,107
travelplanner__579,travelplanner,235,stay_agent,Computer_terminal,125,0,False,False,False,125
travelplanner__580,travelplanner,264,manager_agent,Computer_terminal,29,63,False,False,False,34
travelplanner__581,travelplanner,334,verifier_agent,Computer_terminal,160,0,False,False,False,160
travelplanner__582,travelplanner,234,Task_Planner,Computer_terminal,224,0,False,False,False,224
travelplanner__583,travelplanner,166,stay_agent,Computer_terminal,74,0,False,False,False,74
travelplanner__584,travelplanner,180,verifier_agent,Computer_terminal,177,0,False,False,False,177
travelplanner__585,travelplanner,158,verifier_agent,Computer_terminal,49,0,False,False,False,49
travelplanner__586,travelplanner,148,transport_agent,Computer_terminal,61,0,False,False,False,61
travelplanner__587,travelplanner,166,verifier_agent,Computer_terminal,57,0,False,False,False,57
travelplanner__588,travelplanner,436,food_attr_agent,Computer_terminal,115,0,False,False,False,115
travelplanner__589,travelplanner,84,manager_agent,Computer_terminal,27,1,False,False,False,26
travelplanner__590,travelplanner,79,Task_Planner,Computer_terminal,51,0,False,False,False,51
travelplanner__591,travelplanner,513,stay_agent,Computer_terminal,42,322,False,False,False,280
travelplanner__592,travelplanner,30,manager_agent,Computer_terminal,22,0,False,False,False,22
travelplanner__593,travelplanner,265,manager_agent,Computer_terminal,175,0,False,False,False,175
travelplanner__594,travelplanner,40,manager_agent,Computer_terminal,32,0,False,False,False,32
travelplanner__595,travelplanner,157,manager_agent,Computer_terminal,96,0,False,False,False,96
travelplanner__596,travelplanner,126,food_attr_agent,Computer_terminal,122,0,False,False,False,122
travelplanner__597,travelplanner,144,food_attr_agent,Computer_terminal,115,0,False,False,False,115
travelplanner__598,travelplanner,77,manager_agent,Computer_terminal,20,73,False,False,False,53
travelplanner__599,travelplanner,27,manager_agent,Computer_terminal,20,0,False,False,False,20
travelplanner__600,travelplanner,48,manager_agent,Computer_terminal,12,0,False,False,False,12
travelplanner__601,travelplanner,169,manager_agent,Computer_terminal,165,0,False,False,False,165
travelplanner__602,travelplanner,93,manager_agent,Computer_terminal,90,0,False,False,False,90
travelplanner__603,travelplanner,135,manager_agent,Computer_terminal,131,0,False,False,False,131
travelplanner__604,travelplanner,96,Task_Planner,Computer_terminal,1,0,False,False,True,1
travelplanner__605,travelplanner,97,transport_agent,Computer_terminal,39,0,False,False,False,39
travelplanner__606,travelplanner,53,manager_agent,Computer_terminal,20,0,False,False,False,20
travelplanner__607,travelplanner,126,food_attr_agent,Computer_terminal,65,0,False,False,False,65
travelplanner__608,travelplanner,166,manager_agent,Computer_terminal,162,0,False,False,False,162
travelplanner__609,travelplanner,276,verifier_agent,Computer_terminal,257,0,False,False,False,257
travelplanner__610,travelplanner,59,manager_agent,Computer_terminal,13,0,False,False,False,13
travelplanner__611,travelplanner,168,Computer_terminal,Computer_terminal,79,0,True,False,False,79
travelplanner__612,travelplanner,198,transport_agent,Computer_terminal,39,0,False,False,False,39
travelplanner__613,travelplanner,141,stay_agent,Computer_terminal,67,0,False,False,False,67
travelplanner__614,travelplanner,277,transport_agent,Computer_terminal,72,0,False,False,False,72
travelplanner__615,travelplanner,208,manager_agent,Computer_terminal,205,0,False,False,False,205
travelplanner__616,travelplanner,33,manager_agent,Computer_terminal,22,0,False,False,False,22
travelplanner__617,travelplanner,184,manager_agent,Computer_terminal,172,0,False,False,False,172
travelplanner__618,travelplanner,187,stay_agent,Computer_terminal,98,0,False,False,False,98
travelplanner__619,travelplanner,230,stay_agent,Computer_terminal,59,0,False,False,False,59
travelplanner__620,travelplanner,32,manager_agent,Computer_terminal,26,0,False,False,False,26
travelplanner__621,travelplanner,145,stay_agent,Computer_terminal,59,0,False,False,False,59
travelplanner__622,travelplanner,78,manager_agent,Computer_terminal,23,0,False,False,False,23
travelplanner__623,travelplanner,190,stay_agent,Computer_terminal,181,0,False,False,False,181
travelplanner__624,travelplanner,104,transport_agent,Computer_terminal,53,0,False,False,False,53
travelplanner__625,travelplanner,252,transport_agent,Computer_terminal,249,0,False,False,False,249
travelplanner__626,travelplanner,133,manager_agent,Computer_terminal,129,0,False,False,False,129
travelplanner__627,travelplanner,48,manager_agent,Computer_terminal,11,0,False,False,False,11
travelplanner__628,travelplanner,54,manager_agent,Computer_terminal,22,0,False,False,False,22
travelplanner__629,travelplanner,186,stay_agent,Computer_terminal,99,182,False,False,False,83
travelplanner__630,travelplanner,317,manager_agent,Computer_terminal,310,0,False,False,False,310
travelplanner__631,travelplanner,150,manager_agent,Computer_terminal,113,0,False,False,False,113
travelplanner__632,travelplanner,247,stay_agent,Computer_terminal,33,0,False,False,False,33
travelplanner__633,travelplanner,242,verifier_agent,Computer_terminal,238,0,False,False,False,238
travelplanner__634,travelplanner,240,stay_agent,Computer_terminal,223,0,False,False,False,223
travelplanner__635,travelplanner,524,verifier_agent,Computer_terminal,521,0,False,False,False,521
travelplanner__636,travelplanner,61,manager_agent,Computer_terminal,54,0,False,False,False,54
travelplanner__637,travelplanner,142,manager_agent,Computer_terminal,139,0,False,False,False,139
travelplanner__638,travelplanner,182,manager_agent,Computer_terminal,14,0,False,False,False,14
travelplanner__639,travelplanner,204,manager_agent,Computer_terminal,200,0,False,False,False,200
travelplanner__640,travelplanner,205,stay_agent,Computer_terminal,108,0,False,False,False,108
travelplanner__641,travelplanner,111,manager_agent,Computer_terminal,105,0,False,False,False,105
travelplanner__642,travelplanner,394,transport_agent,Computer_terminal,45,0,False,False,False,45
travelplanner__643,travelplanner,178,verifier_agent,Computer_terminal,161,0,False,False,False,161
travelplanner__644,travelplanner,68,manager_agent,Computer_terminal,30,0,False,False,False,30
travelplanner__645,travelplanner,216,stay_agent,Computer_terminal,130,0,False,False,False,130
travelplanner__646,travelplanner,116,Task_Planner,Computer_terminal,65,0,False,False,False,65
travelplanner__647,travelplanner,55,Task_Planner,Computer_terminal,49,0,False,False,False,49
travelplanner__648,travelplanner,193,verifier_agent,Computer_terminal,190,189,False,False,True,1
travelplanner__649,travelplanner,181,food_attr_agent,Computer_terminal,177,0,False,False,False,177
travelplanner__650,travelplanner,110,Computer_terminal,Computer_terminal,41,0,True,False,False,41
travelplanner__651,travelplanner,158,Task_Planner,Computer_terminal,1,0,False,False,True,1
travelplanner__652,travelplanner,199,Task_Planner,Computer_terminal,2,0,False,False,True,2
travelplanner__653,travelplanner,210,manager_agent,Computer_terminal,88,0,False,False,False,88
travelplanner__654,travelplanner,171,stay_agent,Computer_terminal,89,0,False,False,False,89
travelplanner__655,travelplanner,183,manager_agent,Computer_terminal,169,0,False,False,False,169
travelplanner__656,travelplanner,136,food_attr_agent,Computer_terminal,124,0,False,False,False,124
travelplanner__657,travelplanner,181,stay_agent,Computer_terminal,125,0,False,False,False,125
travelplanner__658,travelplanner,146,manager_agent,Computer_terminal,142,0,False,False,False,142
travelplanner__659,travelplanner,176,verifier_agent,Computer_terminal,55,172,False,False,False,117
travelplanner__660,travelplanner,148,manager_agent,Computer_terminal,78,0,False,False,False,78
travelplanner__661,travelplanner,290,Task_Planner,Computer_terminal,115,0,False,False,False,115
travelplanner__662,travelplanner,163,manager_agent,Computer_terminal,161,0,False,False,False,161
travelplanner__663,travelplanner,136,manager_agent,Computer_terminal,130,0,False,False,False,130
travelplanner__664,travelplanner,94,Task_Planner,Computer_terminal,88,91,False,False,True,3
travelplanner__665,travelplanner,252,manager_agent,Computer_terminal,230,0,False,False,False,230
travelplanner__666,travelplanner,125,stay_agent,Computer_terminal,55,0,False,False,False,55
travelplanner__667,travelplanner,189,verifier_agent,Computer_terminal,186,0,False,False,False,186
travelplanner__668,travelplanner,92,food_attr_agent,Computer_terminal,89,0,False,False,False,89
travelplanner__669,travelplanner,158,stay_agent,Computer_terminal,30,0,False,False,False,30
travelplanner__670,travelplanner,110,stay_agent,Computer_terminal,61,0,False,False,False,61
travelplanner__671,travelplanner,174,stay_agent,Computer_terminal,64,0,False,False,False,64
travelplanner__672,travelplanner,104,stay_agent,Computer_terminal,74,0,False,False,False,74
travelplanner__673,travelplanner,130,Computer_terminal,Computer_terminal,69,0,True,False,False,69
travelplanner__674,travelplanner,108,stay_agent,Computer_terminal,77,0,False,False,False,77
travelplanner__675,travelplanner,230,manager_agent,Computer_terminal,215,0,False,False,False,215
travelplanner__676,travelplanner,113,manager_agent,Computer_terminal,106,0,False,False,False,106
travelplanner__677,travelplanner,82,transport_agent,Computer_terminal,37,78,False,False,False,41
travelplanner__678,travelplanner,107,stay_agent,Computer_terminal,91,0,False,False,False,91
travelplanner__679,travelplanner,265,Task_Planner,Computer_terminal,259,0,False,False,False,259
travelplanner__680,travelplanner,192,food_attr_agent,Computer_terminal,189,0,False,False,False,189
travelplanner__681,travelplanner,101,Computer_terminal,Computer_terminal,35,0,True,False,False,35
travelplanner__682,travelplanner,204,manager_agent,Computer_terminal,201,0,False,False,False,201
travelplanner__683,travelplanner,185,transport_agent,Computer_terminal,33,0,False,False,False,33
travelplanner__684,travelplanner,173,manager_agent,Computer_terminal,22,169,False,False,False,147
travelplanner__685,travelplanner,176,manager_agent,Computer_terminal,173,172,False,False,True,1
vitabench__001,vitabench,30,Computer_terminal,Action_Expert,15,0,False,False,False,15
vitabench__002,vitabench,46,Action_Expert,Action_Expert,29,0,True,False,False,29
vitabench__003,vitabench,78,Action_Expert,Action_Expert,22,0,True,False,False,22
vitabench__004,vitabench,32,Computer_terminal,Action_Expert,15,0,False,False,False,15
vitabench__005,vitabench,52,Action_Expert,Action_Expert,14,0,True,False,False,14
vitabench__006,vitabench,38,Action_Expert,Action_Expert,20,0,True,False,False,20
vitabench__007,vitabench,34,Computer_terminal,Computer_terminal,33,0,True,False,False,33
vitabench__008,vitabench,52,Computer_terminal,Action_Expert,51,0,False,False,False,51
vitabench__009,vitabench,52,Action_Expert,Action_Expert,20,0,True,False,False,20
vitabench__010,vitabench,58,Action_Expert,Computer_terminal,23,0,False,False,False,23
vitabench__011,vitabench,28,Computer_terminal,Computer_terminal,11,0,True,False,False,11
vitabench__012,vitabench,56,Action_Expert,Computer_terminal,24,0,False,False,False,24
vitabench__013,vitabench,58,Action_Expert,Action_Expert,40,0,True,False,False,40
vitabench__014,vitabench,126,Action_Expert,Action_Expert,52,122,True,False,False,70
vitabench__015,vitabench,72,Action_Expert,Action_Expert,58,68,True,False,False,10
vitabench__016,vitabench,74,Action_Expert,Action_Expert,28,70,True,False,False,42
vitabench__017,vitabench,26,Action_Expert,Action_Expert,24,0,True,False,False,24
vitabench__018,vitabench,102,Action_Expert,Action_Expert,30,0,True,False,False,30
vitabench__019,vitabench,62,Action_Expert,Computer_terminal,44,0,False,False,False,44
vitabench__020,vitabench,66,Computer_terminal,Computer_terminal,23,0,True,False,False,23
vitabench__021,vitabench,60,Action_Expert,Action_Expert,6,0,True,False,False,6
vitabench__022,vitabench,50,Action_Expert,Action_Expert,12,0,True,False,False,12
vitabench__023,vitabench,25,Action_Expert,Computer_terminal,2,0,False,False,True,2
vitabench__024,vitabench,108,Action_Expert,Computer_terminal,78,0,False,False,False,78
vitabench__025,vitabench,68,Action_Expert,Action_Expert,58,0,True,False,False,58
vitabench__026,vitabench,46,Action_Expert,Action_Expert,4,42,True,False,False,38
vitabench__027,vitabench,42,Action_Expert,Action_Expert,10,38,True,False,False,28
vitabench__028,vitabench,52,Computer_terminal,Action_Expert,33,0,False,False,False,33
vitabench__029,vitabench,86,Computer_terminal,Action_Expert,63,0,False,False,False,63
vitabench__030,vitabench,33,Action_Expert,Action_Expert,6,0,True,False,False,6
vitabench__031,vitabench,50,Action_Expert,Action_Expert,40,0,True,False,False,40
vitabench__032,vitabench,102,Action_Expert,Action_Expert,4,0,True,False,True,4
vitabench__033,vitabench,102,Action_Expert,Computer_terminal,8,0,False,False,False,8
vitabench__034,vitabench,38,Action_Expert,Computer_terminal,36,0,False,False,False,36
vitabench__035,vitabench,102,Action_Expert,Action_Expert,18,0,True,False,False,18
vitabench__036,vitabench,66,Action_Expert,Action_Expert,40,0,True,False,False,40
vitabench__037,vitabench,58,Action_Expert,Action_Expert,16,0,True,False,False,16
vitabench__038,vitabench,27,Action_Expert,Computer_terminal,4,0,False,False,True,4
vitabench__039,vitabench,40,Action_Expert,Action_Expert,26,0,True,False,False,26
vitabench__040,vitabench,102,Action_Expert,Action_Expert,20,98,True,False,False,78
vitabench__041,vitabench,38,Computer_terminal,Computer_terminal,1,0,True,False,True,1
vitabench__042,vitabench,64,Action_Expert,Action_Expert,41,0,True,False,False,41
vitabench__043,vitabench,80,Action_Expert,Action_Expert,36,0,True,False,False,36
vitabench__044,vitabench,38,Computer_terminal,Action_Expert,37,0,False,False,False,37
vitabench__045,vitabench,64,Action_Expert,Action_Expert,54,0,True,False,False,54
vitabench__046,vitabench,25,Action_Expert,Computer_terminal,2,0,False,False,True,2
vitabench__047,vitabench,27,Action_Expert,Computer_terminal,2,0,False,False,True,2
vitabench__048,vitabench,50,Action_Expert,Computer_terminal,26,0,False,False,False,26
vitabench__049,vitabench,27,Action_Expert,Computer_terminal,4,0,False,False,True,4
vitabench__050,vitabench,27,Action_Expert,Computer_terminal,2,0,False,False,True,2
vitabench__051,vitabench,47,Action_Expert,Computer_terminal,16,43,False,False,False,27
vitabench__052,vitabench,31,Action_Expert,Computer_terminal,4,0,False,False,True,4
vitabench__053,vitabench,27,Action_Expert,Computer_terminal,6,0,False,False,False,6
vitabench__054,vitabench,50,Action_Expert,Action_Expert,10,0,True,False,False,10
vitabench__055,vitabench,56,Action_Expert,Action_Expert,42,0,True,False,False,42
vitabench__056,vitabench,70,Computer_terminal,Action_Expert,39,0,False,False,False,39
vitabench__057,vitabench,74,Action_Expert,Computer_terminal,4,70,False,False,False,66
vitabench__058,vitabench,68,Action_Expert,Computer_terminal,34,0,False,False,False,34
vitabench__059,vitabench,24,Action_Expert,Computer_terminal,12,0,False,False,False,12
vitabench__060,vitabench,27,Action_Expert,Computer_terminal,6,0,False,False,False,6
vitabench__061,vitabench,31,Action_Expert,Computer_terminal,2,0,False,False,True,2
vitabench__062,vitabench,62,Computer_terminal,Action_Expert,61,0,False,False,False,61
vitabench__063,vitabench,25,Action_Expert,Computer_terminal,2,0,False,False,True,2
vitabench__064,vitabench,26,Computer_terminal,Computer_terminal,5,0,True,False,True,5
vitabench__065,vitabench,26,Action_Expert,Computer_terminal,13,0,False,False,False,13
vitabench__066,vitabench,34,Action_Expert,Computer_terminal,24,0,False,False,False,24
vitabench__067,vitabench,36,Action_Expert,Computer_terminal,11,32,False,False,False,21
vitabench__068,vitabench,36,Action_Expert,Computer_terminal,24,32,False,False,False,8
vitabench__069,vitabench,46,Action_Expert,Computer_terminal,8,42,False,False,False,34
vitabench__070,vitabench,64,Action_Expert,Action_Expert,48,0,True,False,False,48
vitabench__071,vitabench,32,Action_Expert,Action_Expert,19,0,True,False,False,19
vitabench__072,vitabench,32,Action_Expert,Computer_terminal,14,0,False,False,False,14
vitabench__073,vitabench,46,Action_Expert,Action_Expert,4,0,True,False,True,4
vitabench__074,vitabench,57,Action_Expert,Computer_terminal,42,0,False,False,False,42
vitabench__075,vitabench,70,Action_Expert,Action_Expert,26,0,True,False,False,26
vitabench__076,vitabench,36,Action_Expert,Computer_terminal,10,32,False,False,False,22
vitabench__077,vitabench,108,Action_Expert,Computer_terminal,30,0,False,False,False,30
vitabench__078,vitabench,94,Action_Expert,Action_Expert,23,0,True,False,False,23
vitabench__079,vitabench,94,Computer_terminal,Action_Expert,13,0,False,False,False,13
vitabench__080,vitabench,70,Action_Expert,Computer_terminal,14,0,False,False,False,14
vitabench__081,vitabench,68,Action_Expert,Action_Expert,22,0,True,False,False,22
vitabench__082,vitabench,54,Action_Expert,Action_Expert,4,0,True,False,True,4
vitabench__083,vitabench,108,Action_Expert,Action_Expert,90,0,True,False,False,90
vitabench__084,vitabench,34,Action_Expert,Action_Expert,12,0,True,False,False,12
vitabench__085,vitabench,130,Computer_terminal,Computer_terminal,117,0,True,False,False,117
vitabench__086,vitabench,36,Action_Expert,Computer_terminal,26,3,False,False,False,23
vitabench__087,vitabench,42,Action_Expert,Action_Expert,34,0,True,False,False,34
vitabench__088,vitabench,56,Action_Expert,Computer_terminal,20,0,False,False,False,20
vitabench__089,vitabench,10,Action_Expert,Computer_terminal,8,0,False,False,False,8
vitabench__090,vitabench,58,Computer_terminal,Computer_terminal,41,0,True,False,False,41
vitabench__091,vitabench,54,Action_Expert,Action_Expert,8,50,True,False,False,42
vitabench__092,vitabench,28,Action_Expert,Computer_terminal,10,0,False,False,False,10
vitabench__093,vitabench,56,Action_Expert,Action_Expert,40,0,True,False,False,40
vitabench__094,vitabench,46,Action_Expert,Action_Expert,16,0,True,False,False,16
vitabench__095,vitabench,46,Computer_terminal,Action_Expert,15,0,False,False,False,15
vitabench__096,vitabench,52,Action_Expert,Computer_terminal,20,0,False,False,False,20
vitabench__097,vitabench,38,Action_Expert,Action_Expert,16,34,True,False,False,18
vitabench__098,vitabench,68,Action_Expert,Action_Expert,26,0,True,False,False,26
vitabench__099,vitabench,28,Computer_terminal,Action_Expert,17,0,False,False,False,17
vitabench__100,vitabench,44,Action_Expert,Action_Expert,34,40,True,False,False,6
vitabench__101,vitabench,76,Action_Expert,Action_Expert,14,0,True,False,False,14
vitabench__102,vitabench,94,Computer_terminal,Computer_terminal,19,90,True,False,False,71
vitabench__103,vitabench,72,Action_Expert,Computer_terminal,34,0,False,False,False,34
vitabench__104,vitabench,34,Action_Expert,Computer_terminal,20,0,False,False,False,20
vitabench__105,vitabench,50,Action_Expert,Action_Expert,21,0,True,False,False,21
vitabench__106,vitabench,64,Action_Expert,Action_Expert,14,60,True,False,False,46
vitabench__107,vitabench,48,Action_Expert,Action_Expert,28,0,True,False,False,28
vitabench__108,vitabench,66,Action_Expert,Action_Expert,22,0,True,False,False,22
webarena_verified__001,webarena_verified,63,Action_Expert,Computer_terminal,26,0,False,False,False,26
webarena_verified__002,webarena_verified,63,Action_Expert,Computer_terminal,56,0,False,False,False,56
webarena_verified__003,webarena_verified,63,Verification_Expert,Computer_terminal,18,0,False,False,False,18
webarena_verified__004,webarena_verified,63,Task_Planner,Computer_terminal,42,59,False,False,False,17
webarena_verified__005,webarena_verified,43,Task_Planner,Computer_terminal,24,0,False,False,False,24
webarena_verified__006,webarena_verified,63,Verification_Expert,Computer_terminal,28,0,False,False,False,28
webarena_verified__007,webarena_verified,63,Verification_Expert,Computer_terminal,18,0,False,False,False,18
webarena_verified__008,webarena_verified,63,Action_Expert,Computer_terminal,56,0,False,False,False,56
webarena_verified__009,webarena_verified,53,Action_Expert,Computer_terminal,46,0,False,False,False,46
webarena_verified__010,webarena_verified,63,Action_Expert,Computer_terminal,46,0,False,False,False,46
webarena_verified__011,webarena_verified,63,Task_Planner,Verification_Expert,2,59,False,False,False,57
webarena_verified__012,webarena_verified,63,Verification_Expert,Computer_terminal,18,0,False,False,False,18
webarena_verified__013,webarena_verified,63,Action_Expert,Computer_terminal,6,0,False,False,False,6
webarena_verified__014,webarena_verified,63,Task_Planner,Computer_terminal,25,0,False,False,False,25
webarena_verified__015,webarena_verified,63,Task_Planner,Computer_terminal,34,0,False,False,False,34
webarena_verified__016,webarena_verified,63,Action_Expert,Computer_terminal,6,0,False,False,False,6
webarena_verified__017,webarena_verified,63,Task_Planner,Computer_terminal,4,0,False,False,True,4
webarena_verified__018,webarena_verified,63,Action_Expert,Computer_terminal,36,0,False,False,False,36
webarena_verified__019,webarena_verified,63,Action_Expert,Computer_terminal,56,0,False,False,False,56
webarena_verified__020,webarena_verified,63,Task_Planner,Computer_terminal,15,0,False,False,False,15
webarena_verified__021,webarena_verified,63,Action_Expert,Computer_terminal,46,0,False,False,False,46
webarena_verified__022,webarena_verified,63,Task_Planner,Computer_terminal,33,0,False,False,False,33
webarena_verified__023,webarena_verified,63,Verification_Expert,Computer_terminal,18,0,False,False,False,18
webarena_verified__024,webarena_verified,63,Task_Planner,Computer_terminal,44,0,False,False,False,44
webarena_verified__025,webarena_verified,63,Verification_Expert,Computer_terminal,9,0,False,False,False,9
webarena_verified__026,webarena_verified,63,Task_Planner,Computer_terminal,55,0,False,False,False,55
webarena_verified__027,webarena_verified,43,Action_Expert,Computer_terminal,36,0,False,False,False,36
webarena_verified__028,webarena_verified,63,Task_Planner,Computer_terminal,34,0,False,False,False,34
webarena_verified__029,webarena_verified,63,Action_Expert,Computer_terminal,46,0,False,False,False,46
webarena_verified__030,webarena_verified,63,Verification_Expert,Computer_terminal,17,0,False,False,False,17
webarena_verified__031,webarena_verified,63,Task_Planner,Computer_terminal,32,0,False,False,False,32
webarena_verified__032,webarena_verified,63,Action_Expert,Computer_terminal,56,0,False,False,False,56
webarena_verified__033,webarena_verified,63,Task_Planner,Computer_terminal,2,0,False,False,True,2
webarena_verified__034,webarena_verified,63,Task_Planner,Computer_terminal,24,0,False,False,False,24
webarena_verified__035,webarena_verified,63,Action_Expert,Computer_terminal,56,0,False,False,False,56
webarena_verified__036,webarena_verified,63,Action_Expert,Computer_terminal,16,0,False,False,False,16
webarena_verified__037,webarena_verified,63,Task_Planner,Computer_terminal,44,0,False,False,False,44
webarena_verified__038,webarena_verified,63,Action_Expert,Computer_terminal,46,0,False,False,False,46
webarena_verified__039,webarena_verified,63,Verification_Expert,Computer_terminal,8,0,False,False,False,8
webarena_verified__040,webarena_verified,63,Action_Expert,Computer_terminal,46,0,False,False,False,46
webarena_verified__041,webarena_verified,63,Verification_Expert,Computer_terminal,18,0,False,False,False,18
webarena_verified__042,webarena_verified,63,Verification_Expert,Computer_terminal,29,59,False,False,False,30
webarena_verified__043,webarena_verified,63,Verification_Expert,Computer_terminal,28,0,False,False,False,28
webarena_verified__044,webarena_verified,63,Task_Planner,Computer_terminal,54,0,False,False,False,54
webarena_verified__045,webarena_verified,63,Action_Expert,Task_Planner,6,0,False,False,False,6
webarena_verified__046,webarena_verified,63,Action_Expert,Computer_terminal,56,0,False,False,False,56
webarena_verified__047,webarena_verified,63,Verification_Expert,Computer_terminal,19,0,False,False,False,19
webarena_verified__048,webarena_verified,63,Task_Planner,Computer_terminal,2,59,False,False,False,57
webarena_verified__049,webarena_verified,63,Task_Planner,Computer_terminal,34,0,False,False,False,34
webarena_verified__050,webarena_verified,33,Action_Expert,Computer_terminal,26,0,False,False,False,26
webarena_verified__051,webarena_verified,63,Verification_Expert,Computer_terminal,28,0,False,False,False,28
webarena_verified__052,webarena_verified,63,Task_Planner,Computer_terminal,53,0,False,False,False,53
webarena_verified__053,webarena_verified,63,Action_Expert,Computer_terminal,56,0,False,False,False,56
webarena_verified__054,webarena_verified,63,Action_Expert,Computer_terminal,56,0,False,False,False,56
webarena_verified__055,webarena_verified,63,Verification_Expert,Computer_terminal,9,0,False,False,False,9
webarena_verified__056,webarena_verified,63,Task_Planner,Verification_Expert,24,0,False,False,False,24
webarena_verified__057,webarena_verified,63,Action_Expert,Computer_terminal,26,0,False,False,False,26
webarena_verified__058,webarena_verified,63,Action_Expert,Computer_terminal,46,0,False,False,False,46
webarena_verified__059,webarena_verified,63,Action_Expert,Computer_terminal,56,0,False,False,False,56
webarena_verified__060,webarena_verified,63,Action_Expert,Computer_terminal,56,0,False,False,False,56
webarena_verified__061,webarena_verified,63,Action_Expert,Computer_terminal,46,0,False,False,False,46
webarena_verified__062,webarena_verified,63,Action_Expert,Computer_terminal,36,0,False,False,False,36
webarena_verified__063,webarena_verified,63,Action_Expert,Computer_terminal,36,0,False,False,False,36
webarena_verified__064,webarena_verified,63,Action_Expert,Computer_terminal,56,0,False,False,False,56
webarena_verified__065,webarena_verified,63,Action_Expert,Computer_terminal,46,0,False,False,False,46
webarena_verified__066,webarena_verified,63,Verification_Expert,Computer_terminal,8,0,False,False,False,8
webarena_verified__067,webarena_verified,63,Action_Expert,Computer_terminal,46,0,False,False,False,46
webarena_verified__068,webarena_verified,43,Verification_Expert,Computer_terminal,39,0,False,False,False,39
webarena_verified__069,webarena_verified,63,Task_Planner,Computer_terminal,33,0,False,False,False,33
webarena_verified__070,webarena_verified,63,Action_Expert,Computer_terminal,36,0,False,False,False,36
webarena_verified__071,webarena_verified,63,Task_Planner,Computer_terminal,4,0,False,False,True,4
webarena_verified__072,webarena_verified,63,Action_Expert,Computer_terminal,36,0,False,False,False,36
webarena_verified__073,webarena_verified,43,Action_Expert,Computer_terminal,16,0,False,False,False,16
webarena_verified__074,webarena_verified,63,Action_Expert,Computer_terminal,56,0,False,False,False,56
webarena_verified__075,webarena_verified,63,Action_Expert,Computer_terminal,16,0,False,False,False,16
webarena_verified__076,webarena_verified,63,Verification_Expert,Computer_terminal,8,0,False,False,False,8
webarena_verified__077,webarena_verified,63,Action_Expert,Computer_terminal,16,0,False,False,False,16
webarena_verified__078,webarena_verified,63,Action_Expert,Computer_terminal,36,0,False,False,False,36
webarena_verified__079,webarena_verified,63,Task_Planner,Computer_terminal,24,0,False,False,False,24
webarena_verified__080,webarena_verified,33,Verification_Expert,Computer_terminal,29,0,False,False,False,29
webarena_verified__081,webarena_verified,63,Task_Planner,Computer_terminal,44,0,False,False,False,44
webarena_verified__082,webarena_verified,63,Action_Expert,Computer_terminal,56,0,False,False,False,56
webarena_verified__083,webarena_verified,63,Task_Planner,Computer_terminal,7,0,False,False,False,7
webarena_verified__084,webarena_verified,63,Action_Expert,Computer_terminal,56,0,False,False,False,56
webarena_verified__085,webarena_verified,63,Action_Expert,Computer_terminal,36,0,False,False,False,36
webarena_verified__086,webarena_verified,63,Action_Expert,Computer_terminal,46,0,False,False,False,46
webarena_verified__087,webarena_verified,63,Action_Expert,Computer_terminal,46,0,False,False,False,46
webarena_verified__088,webarena_verified,63,Verification_Expert,Computer_terminal,39,0,False,False,False,39
webarena_verified__089,webarena_verified,53,Verification_Expert,Computer_terminal,49,0,False,False,False,49
webarena_verified__090,webarena_verified,23,Verification_Expert,Computer_terminal,18,0,False,False,False,18
webarena_verified__091,webarena_verified,43,Verification_Expert,Computer_terminal,38,0,False,False,False,38
webarena_verified__092,webarena_verified,13,Verification_Expert,Computer_terminal,8,0,False,False,False,8
webarena_verified__093,webarena_verified,63,Task_Planner,Computer_terminal,14,0,False,False,False,14
webarena_verified__094,webarena_verified,53,Task_Planner,Computer_terminal,47,0,False,False,False,47
webarena_verified__095,webarena_verified,43,Action_Expert,Computer_terminal,36,0,False,False,False,36
webarena_verified__096,webarena_verified,53,Action_Expert,Computer_terminal,46,0,False,False,False,46
webarena_verified__097,webarena_verified,63,Action_Expert,Computer_terminal,46,0,False,False,False,46
webarena_verified__098,webarena_verified,63,Action_Expert,Computer_terminal,36,0,False,False,False,36
webarena_verified__099,webarena_verified,13,Verification_Expert,Computer_terminal,9,0,False,False,False,9
webarena_verified__100,webarena_verified,53,Verification_Expert,Computer_terminal,49,0,False,False,False,49
webarena_verified__101,webarena_verified,63,Action_Expert,Computer_terminal,46,0,False,False,False,46
webarena_verified__102,webarena_verified,33,Verification_Expert,Computer_terminal,29,0,False,False,False,29
webarena_verified__103,webarena_verified,63,Verification_Expert,Computer_terminal,18,0,False,False,False,18
webarena_verified__104,webarena_verified,63,Task_Planner,Computer_terminal,24,59,False,False,False,35
webarena_verified__105,webarena_verified,63,Verification_Expert,Computer_terminal,28,0,False,False,False,28
webarena_verified__106,webarena_verified,63,Action_Expert,Computer_terminal,46,59,False,False,False,13
webarena_verified__107,webarena_verified,63,Action_Expert,Computer_terminal,56,0,False,False,False,56
webarena_verified__108,webarena_verified,53,Action_Expert,Computer_terminal,36,0,False,False,False,36
webarena_verified__109,webarena_verified,33,Action_Expert,Computer_terminal,26,0,False,False,False,26
webarena_verified__110,webarena_verified,43,Action_Expert,Computer_terminal,36,0,False,False,False,36
webarena_verified__111,webarena_verified,63,Action_Expert,Computer_terminal,56,0,False,False,False,56
webarena_verified__112,webarena_verified,63,Action_Expert,Computer_terminal,16,0,False,False,False,16
webarena_verified__113,webarena_verified,63,Action_Expert,Computer_terminal,46,0,False,False,False,46
webarena_verified__114,webarena_verified,33,Verification_Expert,Computer_terminal,29,0,False,False,False,29
webarena_verified__115,webarena_verified,63,Task_Planner,Computer_terminal,34,0,False,False,False,34
webarena_verified__116,webarena_verified,63,Task_Planner,Computer_terminal,34,0,False,False,False,34
webarena_verified__117,webarena_verified,63,Action_Expert,Computer_terminal,16,0,False,False,False,16
webarena_verified__118,webarena_verified,63,Action_Expert,Computer_terminal,36,0,False,False,False,36
webarena_verified__119,webarena_verified,63,Action_Expert,Computer_terminal,46,0,False,False,False,46
webarena_verified__120,webarena_verified,63,Action_Expert,Computer_terminal,36,0,False,False,False,36
webarena_verified__121,webarena_verified,63,Action_Expert,Computer_terminal,26,0,False,False,False,26
webarena_verified__122,webarena_verified,63,Task_Planner,Computer_terminal,24,0,False,False,False,24
webarena_verified__123,webarena_verified,63,Task_Planner,Computer_terminal,22,0,False,False,False,22
webarena_verified__124,webarena_verified,43,Action_Expert,Computer_terminal,36,0,False,False,False,36
webarena_verified__125,webarena_verified,43,Action_Expert,Computer_terminal,26,0,False,False,False,26
webarena_verified__126,webarena_verified,63,Action_Expert,Computer_terminal,6,0,False,False,False,6
webarena_verified__127,webarena_verified,63,Action_Expert,Computer_terminal,46,0,False,False,False,46
webarena_verified__128,webarena_verified,63,Action_Expert,Computer_terminal,36,0,False,False,False,36
webarena_verified__129,webarena_verified,63,Task_Planner,Computer_terminal,5,0,False,False,True,5
webarena_verified__130,webarena_verified,33,Task_Planner,Computer_terminal,4,0,False,False,True,4
webarena_verified__131,webarena_verified,53,Action_Expert,Computer_terminal,46,0,False,False,False,46
webarena_verified__132,webarena_verified,63,Action_Expert,Computer_terminal,26,0,False,False,False,26
webarena_verified__133,webarena_verified,53,Action_Expert,Computer_terminal,6,0,False,False,False,6
webarena_verified__134,webarena_verified,33,Action_Expert,Computer_terminal,6,0,False,False,False,6
webarena_verified__135,webarena_verified,63,Action_Expert,Computer_terminal,46,0,False,False,False,46
webarena_verified__136,webarena_verified,63,Action_Expert,Computer_terminal,46,59,False,False,False,13
webarena_verified__137,webarena_verified,43,Action_Expert,Computer_terminal,36,0,False,False,False,36
webarena_verified__138,webarena_verified,63,Task_Planner,Computer_terminal,22,0,False,False,False,22
webarena_verified__139,webarena_verified,63,Action_Expert,Computer_terminal,56,0,False,False,False,56
webarena_verified__140,webarena_verified,63,Action_Expert,Computer_terminal,36,0,False,False,False,36
webarena_verified__141,webarena_verified,63,Action_Expert,Computer_terminal,56,0,False,False,False,56
webarena_verified__142,webarena_verified,63,Action_Expert,Computer_terminal,46,0,False,False,False,46
webarena_verified__143,webarena_verified,63,Action_Expert,Computer_terminal,36,0,False,False,False,36
webarena_verified__144,webarena_verified,63,Action_Expert,Computer_terminal,26,0,False,False,False,26
webarena_verified__145,webarena_verified,63,Action_Expert,Computer_terminal,56,0,False,False,False,56
webarena_verified__146,webarena_verified,63,Action_Expert,Computer_terminal,36,0,False,False,False,36
webarena_verified__147,webarena_verified,43,Action_Expert,Computer_terminal,36,0,False,False,False,36
webarena_verified__148,webarena_verified,63,Action_Expert,Computer_terminal,46,0,False,False,False,46
webarena_verified__149,webarena_verified,63,Task_Planner,Computer_terminal,2,0,False,False,True,2
webarena_verified__150,webarena_verified,63,Verification_Expert,Computer_terminal,8,0,False,False,False,8
webarena_verified__151,webarena_verified,63,Action_Expert,Computer_terminal,56,0,False,False,False,56
webarena_verified__152,webarena_verified,63,Verification_Expert,Computer_terminal,38,0,False,False,False,38
webarena_verified__153,webarena_verified,63,Action_Expert,Computer_terminal,26,0,False,False,False,26
webarena_verified__154,webarena_verified,63,Action_Expert,Computer_terminal,46,0,False,False,False,46
webarena_verified__155,webarena_verified,63,Action_Expert,Computer_terminal,6,0,False,False,False,6
webarena_verified__156,webarena_verified,63,Action_Expert,Computer_terminal,36,0,False,False,False,36
webarena_verified__157,webarena_verified,63,Action_Expert,Computer_terminal,46,0,False,False,False,46
webarena_verified__158,webarena_verified,63,Action_Expert,Computer_terminal,56,0,False,False,False,56
webarena_verified__159,webarena_verified,63,Task_Planner,Computer_terminal,2,0,False,False,True,2
webarena_verified__160,webarena_verified,63,Task_Planner,Computer_terminal,15,0,False,False,False,15
webarena_verified__161,webarena_verified,63,Task_Planner,Computer_terminal,15,0,False,False,False,15
webarena_verified__162,webarena_verified,63,Action_Expert,Computer_terminal,16,0,False,False,False,16
webarena_verified__163,webarena_verified,63,Action_Expert,Computer_terminal,16,0,False,False,False,16
webarena_verified__164,webarena_verified,63,Action_Expert,Computer_terminal,56,0,False,False,False,56
webarena_verified__165,webarena_verified,43,Action_Expert,Computer_terminal,36,0,False,False,False,36
webarena_verified__166,webarena_verified,63,Verification_Expert,Computer_terminal,18,0,False,False,False,18
webarena_verified__167,webarena_verified,63,Action_Expert,Computer_terminal,36,0,False,False,False,36
webarena_verified__168,webarena_verified,63,Task_Planner,Computer_terminal,34,0,False,False,False,34
webarena_verified__169,webarena_verified,63,Task_Planner,Computer_terminal,3,0,False,False,True,3
webarena_verified__170,webarena_verified,43,Task_Planner,Computer_terminal,14,0,False,False,False,14
webarena_verified__171,webarena_verified,33,Verification_Expert,Computer_terminal,9,0,False,False,False,9
webarena_verified__172,webarena_verified,43,Action_Expert,Computer_terminal,36,0,False,False,False,36
webarena_verified__173,webarena_verified,63,Task_Planner,Computer_terminal,54,0,False,False,False,54
webarena_verified__174,webarena_verified,63,Action_Expert,Computer_terminal,16,0,False,False,False,16
webarena_verified__175,webarena_verified,63,Action_Expert,Computer_terminal,26,0,False,False,False,26
webarena_verified__176,webarena_verified,63,Task_Planner,Computer_terminal,60,0,False,False,False,60
webarena_verified__177,webarena_verified,63,Action_Expert,Computer_terminal,26,0,False,False,False,26
